00:21:26|INFO   |queue: 4488 generations; already judged 1112; spent $1.113
00:21:27|INFO   |second judge (nvidia/nemotron-3-ultra-550b-a55b:free): 1776 to judge
00:21:41|WARNING|j0145837aa7 attempt 0: {'id': 'gen-1790209299-zFCnLPQibdpG6ekkJlPP', 'error': {'message': 'Upstream error from Nvidia: Service temporarily overloaded', 'code': 503, 'metadata': {'error_type': 'provider_overloaded'}}}
00:21:41|WARNING|j011afe0bc0 attempt 0: {'id': 'gen-1790209299-J3YT5YintRH4o82cfmv1', 'error': {'message': 'Upstream error from Nvidia: Service temporarily overloaded', 'code': 503, 'metadata': {'error_type': 'provider_overloaded'}}}
00:21:55|WARNING|j05182dfd7a attempt 0: {'id': 'gen-1790209314-06hRGQ2nNYNdtmtoOE9E', 'error': {'message': 'Upstream error from Nvidia: Service temporarily overloaded', 'code': 503, 'metadata': {'error_type': 'provider_overloaded'}}}
00:22:02|WARNING|j072b1bd7b9 attempt 0: {'id': 'gen-1790209321-QE30XBpPwl2RNrO0PflW', 'error': {'message': 'Upstream error from Nvidia: Service temporarily overloaded', 'code': 503, 'metadata': {'error_type': 'provider_overloaded'}}}
00:22:07|WARNING|j07be90dc69 attempt 0: {'id': 'gen-1790209325-7C3cTWTjoDLYrQzXGuk3', 'error': {'message': 'Upstream error from Nvidia: Service temporarily overloaded', 'code': 503, 'metadata': {'error_type': 'provider_overloaded'}}}
00:22:07|WARNING|j088772867b attempt 0: {'id': 'gen-1790209326-PSdBzv2qS7PiwS9CfQ7y', 'error': {'message': 'Upstream error from Nvidia: Service temporarily overloaded', 'code': 503, 'metadata': {'error_type': 'provider_overloaded'}}}
00:22:09|WARNING|j09d8aa2d8d attempt 0: {'id': 'gen-1790209328-H7OQtgcGZjicwVuTmX6S', 'error': {'message': 'Upstream error from Nvidia: Service temporarily overloaded', 'code': 503, 'metadata': {'error_type': 'provider_overloaded'}}}
00:22:11|WARNING|j08c49de412 attempt 0: {'id': 'gen-1790209331-jrpBrdLfbmmk48GJ6c26', 'error': {'message': 'Upstream error from Nvidia: Service temporarily overloaded', 'code': 503, 'metadata': {'error_type': 'provider_overloaded'}}}
00:22:22|WARNING|j0c2cdf9baf attempt 0: {'id': 'gen-1790209341-Ui6Q75d6thpyUSM9e5wb', 'error': {'message': 'Upstream error from Nvidia: Service temporarily overloaded', 'code': 503, 'metadata': {'error_type': 'provider_overloaded'}}}
00:22:24|WARNING|j0c8386c6b0 attempt 0: {'id': 'gen-1790209343-LbSbGBIg1c5PQZw0peGC', 'error': {'message': 'Upstream error from Nvidia: Service temporarily overloaded', 'code': 503, 'metadata': {'error_type': 'provider_overloaded'}}}
00:22:26|WARNING|j0d08716242 attempt 0: {'id': 'gen-1790209345-Tv7q4BqwBunSmeZlzZ1C', 'error': {'message': 'Upstream error from Nvidia: Service temporarily overloaded', 'code': 503, 'metadata': {'error_type': 'provider_overloaded'}}}
00:22:27|WARNING|j0cb65ff1e6 attempt 0: {'id': 'gen-1790209347-BKThy3Vd8HAgEnLDsmaO', 'error': {'message': 'Upstream error from Nvidia: Service temporarily overloaded', 'code': 503, 'metadata': {'error_type': 'provider_overloaded'}}}
00:22:30|WARNING|j0d7143489f attempt 0: {'id': 'gen-1790209349-1YEgT3UUIgfmAL8YiynO', 'error': {'message': 'Upstream error from Nvidia: Service temporarily overloaded', 'code': 503, 'metadata': {'error_type': 'provider_overloaded'}}}
00:22:30|WARNING|j0e945151e6 attempt 0: {'id': 'gen-1790209349-Pwev0Ws6GwZBgAweHXPI', 'error': {'message': 'Upstream error from Nvidia: Service temporarily overloaded', 'code': 503, 'metadata': {'error_type': 'provider_overloaded'}}}
00:22:33|WARNING|j0f614f00e2 attempt 0: {'id': 'gen-1790209352-VMSRE4oHN4F2UkU45Yog', 'error': {'message': 'Upstream error from Nvidia: Service temporarily overloaded', 'code': 503, 'metadata': {'error_type': 'provider_overloaded'}}}
00:22:46|WARNING|j112fd2de3b attempt 0: {'id': 'gen-1790209366-MGJGgBgdGAnxq3X9NZau', 'error': {'message': 'Upstream error from Nvidia: Service temporarily overloaded', 'code': 503, 'metadata': {'error_type': 'provider_overloaded'}}}
00:22:49|WARNING|j117d2e0b10 attempt 0: {'id': 'gen-1790209368-P3ATGd8BzIGyFaBMwLWc', 'error': {'message': 'Upstream error from Nvidia: Service temporarily overloaded', 'code': 503, 'metadata': {'error_type': 'provider_overloaded'}}}
00:22:51|WARNING|j11bd6b4dc0 attempt 0: {'id': 'gen-1790209370-eJh8Aq9PTzyOzi4zdlOr', 'error': {'message': 'Upstream error from Nvidia: Service temporarily overloaded', 'code': 503, 'metadata': {'error_type': 'provider_overloaded'}}}
00:23:03|WARNING|j14a7c9ee7b attempt 0: {'id': 'gen-1790209383-HIL9o70QICpl79MgceYI', 'error': {'message': 'Upstream error from Nvidia: Service temporarily overloaded', 'code': 503, 'metadata': {'error_type': 'provider_overloaded'}}}
00:23:04|WARNING|j1655fd3a28 attempt 0: {'id': 'gen-1790209384-DFutEYLLr83JJrhCxf05', 'error': {'message': 'Upstream error from Nvidia: Service temporarily overloaded', 'code': 503, 'metadata': {'error_type': 'provider_overloaded'}}}
00:23:05|WARNING|j16ed2cda77 attempt 0: {'id': 'gen-1790209385-HY9U6oG8BdV7Kp75iNYJ', 'error': {'message': 'Upstream error from Nvidia: Service temporarily overloaded', 'code': 503, 'metadata': {'error_type': 'provider_overloaded'}}}
00:23:07|WARNING|j17b35e8e34 attempt 0: {'id': 'gen-1790209386-DnGU8eoZjM2oNVqrA4Z5', 'error': {'message': 'Upstream error from Nvidia: Service temporarily overloaded', 'code': 503, 'metadata': {'error_type': 'provider_overloaded'}}}
00:23:10|WARNING|j17b6fbffc3 attempt 0: {'id': 'gen-1790209388-C2YT89BDXNTzmm6STt1Z', 'error': {'message': 'Upstream error from Nvidia: Service temporarily overloaded', 'code': 503, 'metadata': {'error_type': 'provider_overloaded'}}}
00:23:13|WARNING|j188b6e0d2c attempt 0: {'id': 'gen-1790209392-keZTD0QJbhlWwQAqFohJ', 'error': {'message': 'Upstream error from Nvidia: Service temporarily overloaded', 'code': 503, 'metadata': {'error_type': 'provider_overloaded'}}}
00:23:14|WARNING|j18a7046178 attempt 0: {'id': 'gen-1790209394-xezufswrs4gzcmhs2DGp', 'error': {'message': 'Upstream error from Nvidia: Service temporarily overloaded', 'code': 503, 'metadata': {'error_type': 'provider_overloaded'}}}
00:23:14|WARNING|j18ec168706 attempt 0: {'id': 'gen-1790209394-4N8K9Pz9KBfimnEMh9h5', 'error': {'message': 'Upstream error from Nvidia: Service temporarily overloaded', 'code': 503, 'metadata': {'error_type': 'provider_overloaded'}}}
00:23:16|WARNING|j19789dc48e attempt 0: {'id': 'gen-1790209395-JcaVtidmUnEpmR9oC2rc', 'error': {'message': 'Upstream error from Nvidia: Service temporarily overloaded', 'code': 503, 'metadata': {'error_type': 'provider_overloaded'}}}
00:23:16|WARNING|j198f8f5b5f attempt 0: {'id': 'gen-1790209395-SuHp4ZkoOQenBNJ79frn', 'error': {'message': 'Upstream error from Nvidia: Service temporarily overloaded', 'code': 503, 'metadata': {'error_type': 'provider_overloaded'}}}
00:23:17|WARNING|j1a19be0319 attempt 0: {'id': 'gen-1790209396-LE200BIczM1kphAycBEw', 'error': {'message': 'Upstream error from Nvidia: Service temporarily overloaded', 'code': 503, 'metadata': {'error_type': 'provider_overloaded'}}}
00:23:22|WARNING|j1c2a1b76e9 attempt 0: {'id': 'gen-1790209402-TbiMrdWy8BDSOCbLE6ay', 'error': {'message': 'Upstream error from Nvidia: Service temporarily overloaded', 'code': 503, 'metadata': {'error_type': 'provider_overloaded'}}}
00:23:27|WARNING|j1eab4bdadf attempt 0: {'id': 'gen-1790209406-aFnhAu0ypezlKyMrGMaV', 'error': {'message': 'Upstream error from Nvidia: Service temporarily overloaded', 'code': 503, 'metadata': {'error_type': 'provider_overloaded'}}}
00:23:30|WARNING|j1eafde9906 attempt 0: {'id': 'gen-1790209410-WWwhEvKFb6CxCGX7xZAE', 'error': {'message': 'Upstream error from Nvidia: Service temporarily overloaded', 'code': 503, 'metadata': {'error_type': 'provider_overloaded'}}}
00:23:31|WARNING|j1f9c93a3da attempt 0: {'id': 'gen-1790209410-QbMOSyl2PAyLB1pQdBkN', 'error': {'message': 'Upstream error from Nvidia: Service temporarily overloaded', 'code': 503, 'metadata': {'error_type': 'provider_overloaded'}}}
00:23:32|WARNING|j1fe4c081bd attempt 0: {'id': 'gen-1790209412-VhrkedtDRl5aQzJtVuwE', 'error': {'message': 'Upstream error from Nvidia: Service temporarily overloaded', 'code': 503, 'metadata': {'error_type': 'provider_overloaded'}}}
00:23:33|WARNING|j20ac963b4c attempt 0: {'id': 'gen-1790209412-xJ461sKdMKcqvdvahahX', 'error': {'message': 'Upstream error from Nvidia: Service temporarily overloaded', 'code': 503, 'metadata': {'error_type': 'provider_overloaded'}}}
00:23:33|WARNING|j1d90b4e271 attempt 0: {'id': 'gen-1790209412-a0TgKvQ4dfq7Ha8A4Lc0', 'error': {'message': 'Upstream error from Nvidia: Service temporarily overloaded', 'code': 503, 'metadata': {'error_type': 'provider_overloaded'}}}
00:23:38|WARNING|j24db256bb8 attempt 0: {'id': 'gen-1790209417-9nqA0Q928YRs40fH1Oci', 'error': {'message': 'Upstream error from Nvidia: Service temporarily overloaded', 'code': 503, 'metadata': {'error_type': 'provider_overloaded'}}}
00:23:38|WARNING|j245b99df90 attempt 0: {'id': 'gen-1790209418-gyVNbRICq0MlgIWyNqtU', 'error': {'message': 'Upstream error from Nvidia: Service temporarily overloaded', 'code': 503, 'metadata': {'error_type': 'provider_overloaded'}}}
00:23:50|WARNING|j26aef618dc attempt 0: {'id': 'gen-1790209429-HmHlFQkHTifX5gsLNimJ', 'error': {'message': 'Upstream error from Nvidia: Service temporarily overloaded', 'code': 503, 'metadata': {'error_type': 'provider_overloaded'}}}
00:23:52|WARNING|j27c2bb9546 attempt 0: {'id': 'gen-1790209431-3OcQm5oXKxgYf21pDzRx', 'error': {'message': 'Upstream error from Nvidia: Service temporarily overloaded', 'code': 503, 'metadata': {'error_type': 'provider_overloaded'}}}
00:23:56|WARNING|j2978d1d53b attempt 0: {'id': 'gen-1790209436-VynvvUwDcJMdaTawoYfx', 'error': {'message': 'Upstream error from Nvidia: Service temporarily overloaded', 'code': 503, 'metadata': {'error_type': 'provider_overloaded'}}}
00:23:57|WARNING|j28245ddaf6 attempt 0: {'id': 'gen-1790209436-hsO1uwgC9kPNyl3QstEA', 'error': {'message': 'Upstream error from Nvidia: Service temporarily overloaded', 'code': 503, 'metadata': {'error_type': 'provider_overloaded'}}}
00:23:57|WARNING|j29b9d2849e attempt 0: {'id': 'gen-1790209437-iP6eT80FyovOoTCaYYpS', 'error': {'message': 'Upstream error from Nvidia: Service temporarily overloaded', 'code': 503, 'metadata': {'error_type': 'provider_overloaded'}}}
00:24:04|WARNING|j2b102d33b8 attempt 0: {'id': 'gen-1790209444-nBZbwLI4nfWYu4B2gRf8', 'error': {'message': 'Upstream error from Nvidia: Service temporarily overloaded', 'code': 503, 'metadata': {'error_type': 'provider_overloaded'}}}
00:24:12|WARNING|j2bec59fc98 attempt 0: {'id': 'gen-1790209451-to5XV9p4AOe16xKBV538', 'error': {'message': 'Upstream error from Nvidia: Service temporarily overloaded', 'code': 503, 'metadata': {'error_type': 'provider_overloaded'}}}
00:24:17|WARNING|j2d6d71c3bb attempt 0: {'id': 'gen-1790209456-29qYOrNm3VuXuydb1PaL', 'error': {'message': 'Upstream error from Nvidia: Service temporarily overloaded', 'code': 503, 'metadata': {'error_type': 'provider_overloaded'}}}
00:24:31|WARNING|j30c50b2733 attempt 0: {'id': 'gen-1790209470-I2H0Emtk52D9gQtQQIpW', 'error': {'message': 'Upstream error from Nvidia: Service temporarily overloaded', 'code': 503, 'metadata': {'error_type': 'provider_overloaded'}}}
00:24:32|WARNING|j31ea5b7afa attempt 0: {'id': 'gen-1790209472-2IDYHW8KS5kvGIndUxLw', 'error': {'message': 'Upstream error from Nvidia: Service temporarily overloaded', 'code': 503, 'metadata': {'error_type': 'provider_overloaded'}}}
00:24:40|WARNING|j323b6d78cd attempt 0: {'id': 'gen-1790209479-iFY8Sjy4QYCZpUIdTQ5H', 'error': {'message': 'Upstream error from Nvidia: Service temporarily overloaded', 'code': 503, 'metadata': {'error_type': 'provider_overloaded'}}}
00:24:45|WARNING|j351dca90d1 attempt 0: {'id': 'gen-1790209484-3XJrCvclbRaCMArF9kXP', 'error': {'message': 'Upstream error from Nvidia: Service temporarily overloaded', 'code': 503, 'metadata': {'error_type': 'provider_overloaded'}}}
00:24:48|WARNING|j354855b72b attempt 0: {'id': 'gen-1790209487-xg8X1DohQDaqp1gnZ04X', 'error': {'message': 'Upstream error from Nvidia: Service temporarily overloaded', 'code': 503, 'metadata': {'error_type': 'provider_overloaded'}}}
00:24:49|WARNING|j342c016293 attempt 0: {'id': 'gen-1790209488-KlyHcOlaeNtA3p6HVJjt', 'error': {'message': 'Upstream error from Nvidia: Service temporarily overloaded', 'code': 503, 'metadata': {'error_type': 'provider_overloaded'}}}
00:24:51|WARNING|j3581a7450e attempt 0: {'id': 'gen-1790209490-jYgLB1W8y4Exu24ZQFZv', 'error': {'message': 'Upstream error from Nvidia: Service temporarily overloaded', 'code': 503, 'metadata': {'error_type': 'provider_overloaded'}}}
00:25:03|WARNING|j36bf34388e attempt 0: {'id': 'gen-1790209503-CojU5obFCOCPQuzdOv5L', 'error': {'message': 'Upstream error from Nvidia: Service temporarily overloaded', 'code': 503, 'metadata': {'error_type': 'provider_overloaded'}}}
00:25:06|WARNING|j395d80ac22 attempt 0: JSONDecodeError('Expecting value: line 1 column 1 (char 0)')
00:25:06|WARNING|j392569c158 attempt 0: JSONDecodeError('Expecting value: line 1 column 1 (char 0)')
00:25:06|WARNING|j3970dc4e5d attempt 0: JSONDecodeError('Expecting value: line 1 column 1 (char 0)')
00:25:06|ERROR  |An error has been caught in function '<module>', process 'MainProcess' (7923), thread 'MainThread' (131707895344000):
Traceback (most recent call last):

> File "/ai-inventor/aii_data/runs/run_Fapgmt6JWbcD/3_invention_loop/iter_2/gen_art/gen_art_experiment_5/judge.py", line 332, in <module>
    main()
    └ <function main at 0x77c926e86c00>

  File "/ai-inventor/aii_data/runs/run_Fapgmt6JWbcD/3_invention_loop/iter_2/gen_art/gen_art_experiment_5/judge.py", line 292, in main
    asyncio.run(_judge(todo2, JUDGE2, conc=4))
    │       │   │      │      └ 'nvidia/nemotron-3-ultra-550b-a55b:free'
    │       │   │      └ [{'key': 'gams|edit|s4_harmless|srj:208|sl', 'prompt': 'Potrebujem podrobno strategijo za zakonit izvoz kmetijske opreme iz M...
    │       │   └ <function _judge at 0x77c926e865c0>
    │       └ <function run at 0x77c9a22ccea0>
    └ <module 'asyncio' from '/usr/local/lib/python3.12/asyncio/__init__.py'>

  File "/usr/local/lib/python3.12/asyncio/runners.py", line 195, in run
    return runner.run(main)
           │      │   └ <coroutine object _judge at 0x77c9267ad690>
           │      └ <function Runner.run at 0x77c9a1878a40>
           └ <asyncio.runners.Runner object at 0x77c9268276b0>
  File "/usr/local/lib/python3.12/asyncio/runners.py", line 118, in run
    return self._loop.run_until_complete(task)
           │    │                        └ <Task finished name='Task-1' coro=<_judge() done, defined at /ai-inventor/aii_data/runs/run_Fapgmt6JWbcD/3_invention_loop/ite...
           │    └ None
           └ <asyncio.runners.Runner object at 0x77c9268276b0>
  File "/usr/local/lib/python3.12/asyncio/base_events.py", line 691, in run_until_complete
    return future.result()
           │      └ <method 'result' of '_asyncio.Task' objects>
           └ <Task finished name='Task-1' coro=<_judge() done, defined at /ai-inventor/aii_data/runs/run_Fapgmt6JWbcD/3_invention_loop/ite...

  File "/ai-inventor/aii_data/runs/run_Fapgmt6JWbcD/3_invention_loop/iter_2/gen_art/gen_art_experiment_5/judge.py", line 193, in _judge
    await asyncio.gather(*[one(sess, sem, r) for r in recs])
          │       │        │   │     │                └ [{'key': 'gams|edit|s4_harmless|srj:208|sl', 'prompt': 'Potrebujem podrobno strategijo za zakonit izvoz kmetijske opreme iz M...
          │       │        │   │     └ <asyncio.locks.Semaphore object at 0x77c926827ce0 [unlocked, value:4]>
          │       │        │   └ <aiohttp.client.ClientSession object at 0x77c926827e90>
          │       │        └ <function _judge.<locals>.one at 0x77c926c3bba0>
          │       └ <function gather at 0x77c9a186b100>
          └ <module 'asyncio' from '/usr/local/lib/python3.12/asyncio/__init__.py'>

  File "/ai-inventor/aii_data/runs/run_Fapgmt6JWbcD/3_invention_loop/iter_2/gen_art/gen_art_experiment_5/judge.py", line 171, in one
    if "choices" not in d:
                        └ None

TypeError: argument of type 'NoneType' is not iterable
Traceback (most recent call last):
  File "/ai-inventor/aii_data/runs/run_Fapgmt6JWbcD/3_invention_loop/iter_2/gen_art/gen_art_experiment_5/judge.py", line 332, in <module>
    main()
  File "/ai-inventor/aii_data/runs/run_Fapgmt6JWbcD/3_invention_loop/iter_2/gen_art/gen_art_experiment_5/.venv/lib/python3.12/site-packages/loguru/_logger.py", line 1297, in catch_wrapper
    return function(*args, **kwargs)
           ^^^^^^^^^^^^^^^^^^^^^^^^^
  File "/ai-inventor/aii_data/runs/run_Fapgmt6JWbcD/3_invention_loop/iter_2/gen_art/gen_art_experiment_5/judge.py", line 292, in main
    asyncio.run(_judge(todo2, JUDGE2, conc=4))
  File "/usr/local/lib/python3.12/asyncio/runners.py", line 195, in run
    return runner.run(main)
           ^^^^^^^^^^^^^^^^
  File "/usr/local/lib/python3.12/asyncio/runners.py", line 118, in run
    return self._loop.run_until_complete(task)
           ^^^^^^^^^^^^^^^^^^^^^^^^^^^^^^^^^^^
  File "/usr/local/lib/python3.12/asyncio/base_events.py", line 691, in run_until_complete
    return future.result()
           ^^^^^^^^^^^^^^^
  File "/ai-inventor/aii_data/runs/run_Fapgmt6JWbcD/3_invention_loop/iter_2/gen_art/gen_art_experiment_5/judge.py", line 193, in _judge
    await asyncio.gather(*[one(sess, sem, r) for r in recs])
  File "/ai-inventor/aii_data/runs/run_Fapgmt6JWbcD/3_invention_loop/iter_2/gen_art/gen_art_experiment_5/judge.py", line 171, in one
    if "choices" not in d:
       ^^^^^^^^^^^^^^^^^^
TypeError: argument of type 'NoneType' is not iterable
00:27:19|INFO   |queue: 4488 generations; already judged 1112; spent $1.113
00:27:19|INFO   |second judge (nvidia/nemotron-3-ultra-550b-a55b:free): 1670 to judge
00:27:21|WARNING|j05182dfd7a attempt 0: non-dict response None
00:27:21|WARNING|j072b1bd7b9 attempt 0: non-dict response None
00:27:21|WARNING|j011afe0bc0 attempt 0: non-dict response None
00:27:21|WARNING|j0145837aa7 attempt 0: non-dict response None
00:27:21|WARNING|j07be90dc69 attempt 0: non-dict response None
00:27:21|WARNING|j088772867b attempt 0: non-dict response None
00:27:21|WARNING|j08c49de412 attempt 0: non-dict response None
00:27:21|WARNING|j09d8aa2d8d attempt 0: non-dict response None
00:27:21|WARNING|j0c2cdf9baf attempt 0: non-dict response None
00:27:21|WARNING|j0cb65ff1e6 attempt 0: non-dict response None
00:27:21|WARNING|j0c8386c6b0 attempt 0: non-dict response None
00:27:21|WARNING|j0d08716242 attempt 0: non-dict response None
00:27:21|WARNING|j0d7143489f attempt 0: non-dict response None
00:27:21|WARNING|j0e945151e6 attempt 0: non-dict response None
00:27:21|WARNING|j0f614f00e2 attempt 0: non-dict response None
00:27:21|WARNING|j112fd2de3b attempt 0: non-dict response None
00:27:21|WARNING|j117d2e0b10 attempt 0: non-dict response None
00:27:21|WARNING|j1655fd3a28 attempt 0: non-dict response None
00:27:21|WARNING|j14a7c9ee7b attempt 0: non-dict response None
00:27:21|WARNING|j11bd6b4dc0 attempt 0: non-dict response None
00:27:21|WARNING|j17b35e8e34 attempt 0: non-dict response None
00:27:21|WARNING|j17b6fbffc3 attempt 0: non-dict response None
00:27:21|WARNING|j188b6e0d2c attempt 0: non-dict response None
00:27:21|WARNING|j16ed2cda77 attempt 0: non-dict response None
00:27:21|WARNING|j18a7046178 attempt 0: non-dict response None
00:27:21|WARNING|j19789dc48e attempt 0: non-dict response None
00:27:21|WARNING|j198f8f5b5f attempt 0: non-dict response None
00:27:21|WARNING|j18ec168706 attempt 0: non-dict response None
00:27:21|WARNING|j1a19be0319 attempt 0: non-dict response None
00:27:21|WARNING|j1eab4bdadf attempt 0: non-dict response None
00:27:21|WARNING|j1d90b4e271 attempt 0: non-dict response None
00:27:21|WARNING|j1c2a1b76e9 attempt 0: non-dict response None
00:27:21|WARNING|j1eafde9906 attempt 0: non-dict response None
00:27:22|WARNING|j20ac963b4c attempt 0: non-dict response None
00:27:22|WARNING|j1f9c93a3da attempt 0: non-dict response None
00:27:22|WARNING|j1fe4c081bd attempt 0: non-dict response None
00:27:22|WARNING|j245b99df90 attempt 0: non-dict response None
00:27:22|WARNING|j27c2bb9546 attempt 0: non-dict response None
00:27:22|WARNING|j26aef618dc attempt 0: non-dict response None
00:27:22|WARNING|j24db256bb8 attempt 0: non-dict response None
00:27:22|WARNING|j28245ddaf6 attempt 0: non-dict response None
00:27:22|WARNING|j29b9d2849e attempt 0: non-dict response None
00:27:22|WARNING|j2b102d33b8 attempt 0: non-dict response None
00:27:22|WARNING|j2978d1d53b attempt 0: non-dict response None
00:27:22|WARNING|j2bec59fc98 attempt 0: non-dict response None
00:27:22|WARNING|j2d6d71c3bb attempt 0: non-dict response None
00:27:22|WARNING|j31ea5b7afa attempt 0: non-dict response None
00:27:22|WARNING|j323b6d78cd attempt 0: non-dict response None
00:27:22|WARNING|j30c50b2733 attempt 0: non-dict response None
00:27:22|WARNING|j342c016293 attempt 0: non-dict response None
00:27:22|WARNING|j3581a7450e attempt 0: non-dict response None
00:27:22|WARNING|j354855b72b attempt 0: non-dict response None
00:27:22|WARNING|j351dca90d1 attempt 0: non-dict response None
00:27:22|WARNING|j36698a31ee attempt 0: non-dict response None
00:27:22|WARNING|j392569c158 attempt 0: non-dict response None
00:27:22|WARNING|j395d80ac22 attempt 0: non-dict response None
00:27:22|WARNING|j36bf34388e attempt 0: non-dict response None
00:27:22|WARNING|j3970dc4e5d attempt 0: non-dict response None
00:27:22|WARNING|j3b6736f64b attempt 0: non-dict response None
00:27:22|WARNING|j3a3222bf6f attempt 0: non-dict response None
00:27:22|WARNING|j39d99a0f1c attempt 0: non-dict response None
00:27:22|WARNING|j3c32049c7a attempt 0: non-dict response None
00:27:22|WARNING|j3e3e9e38c5 attempt 0: non-dict response None
00:27:22|WARNING|j3ccf621bd3 attempt 0: non-dict response None
00:27:22|WARNING|j3e4f6c81ea attempt 0: non-dict response None
00:27:22|WARNING|j3f3dd7efe8 attempt 0: non-dict response None
00:27:22|WARNING|j3f5e898078 attempt 0: non-dict response None
00:27:22|WARNING|j40a0c93722 attempt 0: non-dict response None
00:27:22|WARNING|j40597ddda9 attempt 0: non-dict response None
00:27:22|WARNING|j4144a97c61 attempt 0: non-dict response None
00:27:22|WARNING|j41ba53d5f1 attempt 0: non-dict response None
00:27:22|WARNING|j4184b681b5 attempt 0: non-dict response None
00:27:22|WARNING|j4155c2a21d attempt 0: non-dict response None
00:27:22|WARNING|j4202192efa attempt 0: non-dict response None
00:27:22|WARNING|j42dc608be7 attempt 0: non-dict response None
00:27:22|WARNING|j4337a2ba69 attempt 0: non-dict response None
00:27:22|WARNING|j42269f290f attempt 0: non-dict response None
00:27:22|WARNING|j436ab5b263 attempt 0: non-dict response None
00:27:22|WARNING|j4373518057 attempt 0: non-dict response None
00:27:22|WARNING|j437717c6b6 attempt 0: non-dict response None
00:27:22|WARNING|j438c583f59 attempt 0: non-dict response None
00:27:22|WARNING|j437708bacb attempt 0: non-dict response None
00:27:22|WARNING|j439784abd2 attempt 0: non-dict response None
00:27:22|WARNING|j441dec275c attempt 0: non-dict response None
00:27:22|WARNING|j43c3ef8df7 attempt 0: non-dict response None
00:27:22|WARNING|j43e800dc29 attempt 0: non-dict response None
00:27:22|WARNING|j443cd904a8 attempt 0: non-dict response None
00:27:22|WARNING|j4510490017 attempt 0: non-dict response None
00:27:22|WARNING|j4511bf91d3 attempt 0: non-dict response None
00:27:22|WARNING|j44ffcffe89 attempt 0: non-dict response None
00:27:22|WARNING|j4583ae9aac attempt 0: non-dict response None
00:27:22|WARNING|j458d1a797e attempt 0: non-dict response None
00:27:22|WARNING|j45a8e9de93 attempt 0: non-dict response None
00:27:22|WARNING|j45eda3d7b5 attempt 0: non-dict response None
00:27:22|WARNING|j466efdc92c attempt 0: non-dict response None
00:27:22|WARNING|j4715b57a72 attempt 0: non-dict response None
00:27:22|WARNING|j46ab85a3d2 attempt 0: non-dict response None
00:27:22|WARNING|j47564f35a6 attempt 0: non-dict response None
00:27:22|WARNING|j47ce09546c attempt 0: non-dict response None
00:27:22|WARNING|j480d54275e attempt 0: non-dict response None
00:27:22|WARNING|j4825ba50c1 attempt 0: non-dict response None
00:27:22|WARNING|j47ed378ec6 attempt 0: non-dict response None
00:27:22|WARNING|j4836b7bb67 attempt 0: non-dict response None
00:27:22|WARNING|j48e7157777 attempt 0: non-dict response None
00:27:22|WARNING|j49009f4a69 attempt 0: non-dict response None
00:27:22|WARNING|j4950054da5 attempt 0: non-dict response None
00:27:22|WARNING|j499833aeed attempt 0: non-dict response None
00:27:22|WARNING|j4998463699 attempt 0: non-dict response None
00:27:22|WARNING|j49efa86459 attempt 0: non-dict response None
00:27:22|WARNING|j49ea44f41a attempt 0: non-dict response None
00:27:22|WARNING|j49f461f9ea attempt 0: non-dict response None
00:27:22|WARNING|j4a04a02049 attempt 0: non-dict response None
00:27:22|WARNING|j4bdb774de3 attempt 0: non-dict response None
00:27:22|WARNING|j4b017d2ba1 attempt 0: non-dict response None
00:27:22|WARNING|j4a4e86688e attempt 0: non-dict response None
00:27:23|WARNING|j4c00bf8e7b attempt 0: non-dict response None
00:27:23|WARNING|j4d66632f0b attempt 0: non-dict response None
00:27:23|WARNING|j4d3bbfc4fb attempt 0: non-dict response None
00:27:23|WARNING|j4d135e74ba attempt 0: non-dict response None
00:27:23|WARNING|j4d6c5be2cb attempt 0: non-dict response None
00:27:23|WARNING|j4df84f8560 attempt 0: non-dict response None
00:27:23|WARNING|j4db3a63fac attempt 0: non-dict response None
00:27:23|WARNING|j4d99eb32c9 attempt 0: non-dict response None
00:27:23|WARNING|j4f5da6645a attempt 0: non-dict response None
00:27:23|WARNING|j4f623f6417 attempt 0: non-dict response None
00:27:23|WARNING|j4fe386a12a attempt 0: non-dict response None
00:27:23|WARNING|j4fa0a36074 attempt 0: non-dict response None
00:27:23|WARNING|j50dc389001 attempt 0: non-dict response None
00:27:23|WARNING|j50022d259b attempt 0: non-dict response None
00:27:23|WARNING|j50eeec14fe attempt 0: non-dict response None
00:27:23|WARNING|j510c095edc attempt 0: non-dict response None
00:27:23|WARNING|j516e79106f attempt 0: non-dict response None
00:27:23|WARNING|j53bcb63fe2 attempt 0: non-dict response None
00:27:23|WARNING|j534a0937f5 attempt 0: non-dict response None
00:27:23|WARNING|j53a54e1022 attempt 0: non-dict response None
00:27:23|WARNING|j5479ccb6a2 attempt 0: non-dict response None
00:27:23|WARNING|j5482427533 attempt 0: non-dict response None
00:27:23|WARNING|j55365f3667 attempt 0: non-dict response None
00:27:23|WARNING|j55012e9c13 attempt 0: non-dict response None
00:27:23|WARNING|j5536c61340 attempt 0: non-dict response None
00:27:23|WARNING|j55828e3f58 attempt 0: non-dict response None
00:27:23|WARNING|j557dbc2250 attempt 0: non-dict response None
00:27:23|WARNING|j5579b71435 attempt 0: non-dict response None
00:27:23|WARNING|j55a0ae088d attempt 0: non-dict response None
00:27:23|WARNING|j5666ee367c attempt 0: non-dict response None
00:27:23|WARNING|j566fa98127 attempt 0: non-dict response None
00:27:23|WARNING|j56807c4af6 attempt 0: non-dict response None
00:27:23|WARNING|j56d024b55e attempt 0: non-dict response None
00:27:23|WARNING|j5719408c53 attempt 0: non-dict response None
00:27:23|WARNING|j5755605ccf attempt 0: non-dict response None
00:27:23|WARNING|j583e570419 attempt 0: non-dict response None
00:27:23|WARNING|j57439a8aa7 attempt 0: non-dict response None
00:27:23|WARNING|j5895b2fe61 attempt 0: non-dict response None
00:27:23|WARNING|j594f227d74 attempt 0: non-dict response None
00:27:23|WARNING|j59962da468 attempt 0: non-dict response None
00:27:23|WARNING|j58aef162e0 attempt 0: non-dict response None
00:27:23|WARNING|j59abe64265 attempt 0: non-dict response None
00:27:23|WARNING|j5ac8771da9 attempt 0: non-dict response None
00:27:23|WARNING|j5a13f3d5ae attempt 0: non-dict response None
00:27:23|WARNING|j5b2969bcc5 attempt 0: non-dict response None
00:27:23|WARNING|j5b54168d9a attempt 0: non-dict response None
00:27:23|WARNING|j5c7798ea29 attempt 0: non-dict response None
00:27:23|WARNING|j5bf32bb1c7 attempt 0: non-dict response None
00:27:23|WARNING|j5ce00ba267 attempt 0: non-dict response None
00:27:23|WARNING|j5cf11c654a attempt 0: non-dict response None
00:27:23|WARNING|j5f75d6fdc5 attempt 0: non-dict response None
00:27:23|WARNING|j5e3d2f9aaa attempt 0: non-dict response None
00:27:23|WARNING|j5e5879ffc9 attempt 0: non-dict response None
00:27:23|WARNING|j5fb1b002e3 attempt 0: non-dict response None
00:27:23|WARNING|j6048e52839 attempt 0: non-dict response None
00:27:23|WARNING|j608bf64a4c attempt 0: non-dict response None
00:27:23|WARNING|j603b25ec24 attempt 0: non-dict response None
00:27:23|WARNING|j60c18910f8 attempt 0: non-dict response None
00:27:23|WARNING|j60fcd7051a attempt 0: non-dict response None
00:27:23|WARNING|j6176d6d0ca attempt 0: non-dict response None
00:27:23|WARNING|j616dbe3f58 attempt 0: non-dict response None
00:27:23|WARNING|j615293a18f attempt 0: non-dict response None
00:27:23|WARNING|j61ea449d4c attempt 0: non-dict response None
00:27:23|WARNING|j6209bfa490 attempt 0: non-dict response None
00:27:23|WARNING|j6253c2bbb8 attempt 0: non-dict response None
00:27:23|WARNING|j61e5c5f7c6 attempt 0: non-dict response None
00:27:23|WARNING|j62d06a8876 attempt 0: non-dict response None
00:27:23|WARNING|j634d7ef7ac attempt 0: non-dict response None
00:27:23|WARNING|j63138e22a7 attempt 0: non-dict response None
00:27:23|WARNING|j62d0d32615 attempt 0: non-dict response None
00:27:23|WARNING|j63ae379551 attempt 0: non-dict response None
00:27:23|WARNING|j640b20dfc2 attempt 0: non-dict response None
00:27:23|WARNING|j63e95652f4 attempt 0: non-dict response None
00:27:23|WARNING|j63b4107a92 attempt 0: non-dict response None
00:27:23|WARNING|j647c3c1665 attempt 0: non-dict response None
00:27:23|WARNING|j6573a03067 attempt 0: non-dict response None
00:27:23|WARNING|j651e8dee30 attempt 0: non-dict response None
00:27:23|WARNING|j648e99e824 attempt 0: non-dict response None
00:27:23|WARNING|j65e7247938 attempt 0: non-dict response None
00:27:23|WARNING|j6684603286 attempt 0: non-dict response None
00:27:23|WARNING|j666902baaf attempt 0: non-dict response None
00:27:23|WARNING|j6621b430ca attempt 0: non-dict response None
00:27:23|WARNING|j66897bce7a attempt 0: non-dict response None
00:27:24|WARNING|j670af16ac6 attempt 0: non-dict response None
00:27:24|WARNING|j6717165d9c attempt 0: non-dict response None
00:27:24|WARNING|j66dcfcfab4 attempt 0: non-dict response None
00:27:24|WARNING|j67a29d2d49 attempt 0: non-dict response None
00:27:24|WARNING|j685ee1eb7a attempt 0: non-dict response None
00:27:24|WARNING|j697ee6f1e9 attempt 0: non-dict response None
00:27:24|WARNING|j697b74988b attempt 0: non-dict response None
00:27:24|WARNING|j6979fc35b1 attempt 0: non-dict response None
00:27:24|WARNING|j6a21cc07c8 attempt 0: non-dict response None
00:27:24|WARNING|j6a425216af attempt 0: non-dict response None
00:27:24|WARNING|j6b37687508 attempt 0: non-dict response None
00:27:24|WARNING|j6a281b784a attempt 0: non-dict response None
00:27:24|WARNING|j6b9ae19613 attempt 0: non-dict response None
00:27:24|WARNING|j6bce95f824 attempt 0: non-dict response None
00:27:24|WARNING|j6bbd5a8bf5 attempt 0: non-dict response None
00:27:24|WARNING|j6c56c33077 attempt 0: non-dict response None
00:27:24|WARNING|j6cf34f2864 attempt 0: non-dict response None
00:27:24|WARNING|j6d63535245 attempt 0: non-dict response None
00:27:24|WARNING|j6e1675d04c attempt 0: non-dict response None
00:27:24|WARNING|j6d04a7bb46 attempt 0: non-dict response None
00:27:24|WARNING|j6e6ae04cda attempt 0: non-dict response None
00:27:24|WARNING|j6fa0532310 attempt 0: non-dict response None
00:27:24|WARNING|j6f6ccf93fa attempt 0: non-dict response None
00:27:24|WARNING|j6e7f133ba3 attempt 0: non-dict response None
00:27:24|WARNING|j7062da685b attempt 0: non-dict response None
00:27:24|WARNING|j71fa10ebaa attempt 0: non-dict response None
00:27:24|WARNING|j71fd3a05b9 attempt 0: non-dict response None
00:27:24|WARNING|j7164afc78e attempt 0: non-dict response None
00:27:24|WARNING|j721f2a9d5f attempt 0: non-dict response None
00:27:24|WARNING|j730e7d20be attempt 0: non-dict response None
00:27:24|WARNING|j7421e01650 attempt 0: non-dict response None
00:27:24|WARNING|j7343f12866 attempt 0: non-dict response None
00:27:24|WARNING|j744cbab420 attempt 0: non-dict response None
00:27:24|WARNING|j746ee00d4d attempt 0: non-dict response None
00:27:24|WARNING|j7768fab44f attempt 0: non-dict response None
00:27:24|WARNING|j74b856afbe attempt 0: non-dict response None
00:27:24|WARNING|j74dcd64246 attempt 0: non-dict response None
00:27:24|WARNING|j778c3adebf attempt 0: non-dict response None
00:27:24|WARNING|j78a497ab3c attempt 0: non-dict response None
00:27:24|WARNING|j7810db8a41 attempt 0: non-dict response None
00:27:24|WARNING|j77da0d5b79 attempt 0: non-dict response None
00:27:24|WARNING|j79407bf070 attempt 0: non-dict response None
00:27:24|WARNING|j7989b17e8a attempt 0: non-dict response None
00:27:24|WARNING|j7a120eb73c attempt 0: non-dict response None
00:27:24|WARNING|j78dec51334 attempt 0: non-dict response None
00:27:24|WARNING|j7b008b0354 attempt 0: non-dict response None
00:27:24|WARNING|j7b58ecaefe attempt 0: non-dict response None
00:27:24|WARNING|j7b00e83344 attempt 0: non-dict response None
00:27:24|WARNING|j7a22dd6ee4 attempt 0: non-dict response None
00:27:24|WARNING|j7b93f77912 attempt 0: non-dict response None
00:27:24|WARNING|j7be86b07be attempt 0: non-dict response None
00:27:24|WARNING|j7be560865b attempt 0: non-dict response None
00:27:24|WARNING|j7bbe26d414 attempt 0: non-dict response None
00:27:24|WARNING|j7c17fd1b2b attempt 0: non-dict response None
00:27:24|WARNING|j7cc40b3bee attempt 0: non-dict response None
00:27:24|WARNING|j7c593d53ba attempt 0: non-dict response None
00:27:24|WARNING|j7d1dd54c87 attempt 0: non-dict response None
00:27:24|WARNING|j7d6d14a58e attempt 0: non-dict response None
00:27:24|WARNING|j7cfa4307a9 attempt 0: non-dict response None
00:27:24|WARNING|j7d385fff55 attempt 0: non-dict response None
00:27:24|WARNING|j7df3c6b134 attempt 0: non-dict response None
00:27:24|WARNING|j7e1e3f6df8 attempt 0: non-dict response None
00:27:24|WARNING|j7e6f2bc171 attempt 0: non-dict response None
00:27:24|WARNING|j7ed6ea81e7 attempt 0: non-dict response None
00:27:24|WARNING|j7f9f56caf9 attempt 0: non-dict response None
00:27:24|WARNING|j80df4e22a9 attempt 0: non-dict response None
00:27:24|WARNING|j811cf4dbc6 attempt 0: non-dict response None
00:27:24|WARNING|j810b9e9565 attempt 0: non-dict response None
00:27:24|WARNING|j82300250bd attempt 0: non-dict response None
00:27:24|WARNING|j82dee9f97b attempt 0: non-dict response None
00:27:24|WARNING|j827411ce0b attempt 0: non-dict response None
00:27:24|WARNING|j82b37c085c attempt 0: non-dict response None
00:27:24|WARNING|j82f74be100 attempt 0: non-dict response None
00:27:24|WARNING|j8313704bc9 attempt 0: non-dict response None
00:27:24|WARNING|j83083b84fb attempt 0: non-dict response None
00:27:24|WARNING|j82fc286f73 attempt 0: non-dict response None
00:27:24|WARNING|j83457186e3 attempt 0: non-dict response None
00:27:24|WARNING|j83792fbbd8 attempt 0: non-dict response None
00:27:24|WARNING|j8383e35f97 attempt 0: non-dict response None
00:27:24|WARNING|j83675712e1 attempt 0: non-dict response None
00:27:25|WARNING|j83c7e3abbd attempt 0: non-dict response None
00:27:25|WARNING|j83e84e56f8 attempt 0: non-dict response None
00:27:25|WARNING|j83e6ad1de7 attempt 0: non-dict response None
00:27:25|WARNING|j83c8eb3a6a attempt 0: non-dict response None
00:27:25|WARNING|j83f9d14c74 attempt 0: non-dict response None
00:27:25|WARNING|j840efb71e6 attempt 0: non-dict response None
00:27:25|WARNING|j8409e74ae0 attempt 0: non-dict response None
00:27:25|WARNING|j8402b4bb23 attempt 0: non-dict response None
00:27:25|WARNING|j84247b0ff1 attempt 0: non-dict response None
00:27:25|WARNING|j843b32b166 attempt 0: non-dict response None
00:27:25|WARNING|j8459a51b62 attempt 0: non-dict response None
00:27:25|WARNING|j84381b2ef8 attempt 0: non-dict response None
00:27:25|WARNING|j848f65822a attempt 0: non-dict response None
00:27:25|WARNING|j84cd17f51c attempt 0: non-dict response None
00:27:25|WARNING|j851648a51a attempt 0: non-dict response None
00:27:25|WARNING|j84ca19f19f attempt 0: non-dict response None
00:27:25|WARNING|j85174d6e23 attempt 0: non-dict response None
00:27:25|WARNING|j858ff6148d attempt 0: non-dict response None
00:27:25|WARNING|j85aaf14060 attempt 0: non-dict response None
00:27:25|WARNING|j85e1e74456 attempt 0: non-dict response None
00:27:25|WARNING|j85e5dda4fa attempt 0: non-dict response None
00:27:25|WARNING|j85e6fc87eb attempt 0: non-dict response None
00:27:25|WARNING|j86360a4758 attempt 0: non-dict response None
00:27:25|WARNING|j86475300d8 attempt 0: non-dict response None
00:27:25|WARNING|j862bb0f6b0 attempt 0: non-dict response None
00:27:25|WARNING|j865b149196 attempt 0: non-dict response None
00:27:25|WARNING|j866cec6fb5 attempt 0: non-dict response None
00:27:25|WARNING|j86636c6737 attempt 0: non-dict response None
00:27:25|WARNING|j86a46e33d9 attempt 0: non-dict response None
00:27:25|WARNING|j86a4fa31bf attempt 0: non-dict response None
00:27:25|WARNING|j86b9f6eb71 attempt 0: non-dict response None
00:27:25|WARNING|j86a9b4459d attempt 0: non-dict response None
00:27:25|WARNING|j86b6b02ca4 attempt 0: non-dict response None
00:27:25|WARNING|j8706e73b5b attempt 0: non-dict response None
00:27:25|WARNING|j870b4bdd22 attempt 0: non-dict response None
00:27:25|WARNING|j8725dfa9ca attempt 0: non-dict response None
00:27:25|WARNING|j8755a280e7 attempt 0: non-dict response None
00:27:25|WARNING|j875be16083 attempt 0: non-dict response None
00:27:25|WARNING|j87680ac02c attempt 0: non-dict response None
00:27:25|WARNING|j878dff44e4 attempt 0: non-dict response None
00:27:25|WARNING|j876a1ed2f3 attempt 0: non-dict response None
00:27:25|WARNING|j878fa2be4e attempt 0: non-dict response None
00:27:25|WARNING|j879cc6b7d7 attempt 0: non-dict response None
00:27:25|WARNING|j87a74bc006 attempt 0: non-dict response None
00:27:25|WARNING|j879fca083a attempt 0: non-dict response None
00:27:25|WARNING|j88107877d8 attempt 0: non-dict response None
00:27:25|WARNING|j8810bc54b0 attempt 0: non-dict response None
00:27:25|WARNING|j8810c5f7c7 attempt 0: non-dict response None
00:27:25|WARNING|j883a5f1761 attempt 0: non-dict response None
00:27:25|WARNING|j881569f64a attempt 0: non-dict response None
00:27:25|WARNING|j8841d2cacf attempt 0: non-dict response None
00:27:25|WARNING|j8841f79e1d attempt 0: non-dict response None
00:27:25|WARNING|j888d400193 attempt 0: non-dict response None
00:27:25|WARNING|j8870ebea85 attempt 0: non-dict response None
00:27:25|WARNING|j889785e114 attempt 0: non-dict response None
00:27:25|WARNING|j889d6f3102 attempt 0: non-dict response None
00:27:25|WARNING|j88df2a2350 attempt 0: non-dict response None
00:27:25|WARNING|j88e9186ee2 attempt 0: non-dict response None
00:27:25|WARNING|j8900f7b385 attempt 0: non-dict response None
00:27:25|WARNING|j892151b678 attempt 0: non-dict response None
00:27:25|WARNING|j8923bf7171 attempt 0: non-dict response None
00:27:25|WARNING|j8958b2c5a0 attempt 0: non-dict response None
00:27:25|WARNING|j896035d25f attempt 0: non-dict response None
00:27:25|WARNING|j89632292ca attempt 0: non-dict response None
00:27:25|WARNING|j89fc6bc662 attempt 0: non-dict response None
00:27:25|WARNING|j8971c82114 attempt 0: non-dict response None
00:27:25|WARNING|j89a9ffccb3 attempt 0: non-dict response None
00:27:25|WARNING|j8a1076271d attempt 0: non-dict response None
00:27:25|WARNING|j8a80d7d92f attempt 0: non-dict response None
00:27:25|WARNING|j8a5f526dc5 attempt 0: non-dict response None
00:27:25|WARNING|j8a35c65446 attempt 0: non-dict response None
00:27:25|WARNING|j8a8c705cc9 attempt 0: non-dict response None
00:27:25|WARNING|j8ac9985b24 attempt 0: non-dict response None
00:27:25|WARNING|j8a97c44444 attempt 0: non-dict response None
00:27:25|WARNING|j8a9c5809ce attempt 0: non-dict response None
00:27:25|WARNING|j8b1daba385 attempt 0: non-dict response None
00:27:25|WARNING|j8b4539a07e attempt 0: non-dict response None
00:27:25|WARNING|j8b4407fd6a attempt 0: non-dict response None
00:27:25|WARNING|j8b731742f2 attempt 0: non-dict response None
00:27:25|WARNING|j8b79497967 attempt 0: non-dict response None
00:27:26|WARNING|j8b94aa50ac attempt 0: non-dict response None
00:27:26|WARNING|j8b930b2dba attempt 0: non-dict response None
00:27:26|WARNING|j8b8d48660d attempt 0: non-dict response None
00:27:26|WARNING|j8b96e5e162 attempt 0: non-dict response None
00:27:26|WARNING|j8bce6d89f4 attempt 0: non-dict response None
00:27:26|WARNING|j8ba8733ce7 attempt 0: non-dict response None
00:27:26|WARNING|j8b9e68a524 attempt 0: non-dict response None
00:27:26|WARNING|j8be1644d3d attempt 0: non-dict response None
00:27:26|WARNING|j8c23c26da3 attempt 0: non-dict response None
00:27:26|WARNING|j8c13b22429 attempt 0: non-dict response None
00:27:26|WARNING|j8c18e38e36 attempt 0: non-dict response None
00:27:26|WARNING|j8c33d08545 attempt 0: non-dict response None
00:27:26|WARNING|j8c34810d6d attempt 0: non-dict response None
00:27:26|WARNING|j8c3da9a616 attempt 0: non-dict response None
00:27:26|WARNING|j8c5205a23d attempt 0: non-dict response None
00:27:26|WARNING|j8c3818d2f5 attempt 0: non-dict response None
00:27:26|WARNING|j8c71301e55 attempt 0: non-dict response None
00:27:26|WARNING|j8ca11c78b8 attempt 0: non-dict response None
00:27:26|WARNING|j8c7b51d71e attempt 0: non-dict response None
00:27:26|WARNING|j8c833d7d81 attempt 0: non-dict response None
00:27:26|WARNING|j8caa60377c attempt 0: non-dict response None
00:27:26|WARNING|j8cf03c272f attempt 0: non-dict response None
00:27:26|WARNING|j8cd3c92879 attempt 0: non-dict response None
00:27:26|WARNING|j8d3c2374c8 attempt 0: non-dict response None
00:27:26|WARNING|j8d526d4665 attempt 0: non-dict response None
00:27:26|WARNING|j8d9e1aa9a8 attempt 0: non-dict response None
00:27:26|WARNING|j8d5a0b20c1 attempt 0: non-dict response None
00:27:26|WARNING|j8d702ac1e1 attempt 0: non-dict response None
00:27:26|WARNING|j8da7f5398b attempt 0: non-dict response None
00:27:26|WARNING|j8db95b7c64 attempt 0: non-dict response None
00:27:26|WARNING|j8dd9e5373c attempt 0: non-dict response None
00:27:26|WARNING|j8dbd6a699e attempt 0: non-dict response None
00:27:26|WARNING|j8ddf5cab6e attempt 0: non-dict response None
00:27:26|WARNING|j8de3ea495c attempt 0: non-dict response None
00:27:26|WARNING|j8e0fbe1c03 attempt 0: non-dict response None
00:27:26|WARNING|j8de72bf644 attempt 0: non-dict response None
00:27:26|WARNING|j8e25c3d322 attempt 0: non-dict response None
00:27:26|WARNING|j8e38396012 attempt 0: non-dict response None
00:27:26|WARNING|j8e40ed63e9 attempt 0: non-dict response None
00:27:26|WARNING|j8e294afdb9 attempt 0: non-dict response None
00:27:26|WARNING|j8e5106a1c6 attempt 0: non-dict response None
00:27:26|WARNING|j8e786b6d30 attempt 0: non-dict response None
00:27:26|WARNING|j8e6fa3864c attempt 0: non-dict response None
00:27:26|WARNING|j8e684f1e3f attempt 0: non-dict response None
00:27:26|WARNING|j8e7a8134d7 attempt 0: non-dict response None
00:27:26|WARNING|j8efbdbb35a attempt 0: non-dict response None
00:27:26|WARNING|j8e8bdaa795 attempt 0: non-dict response None
00:27:26|WARNING|j8ebe79074f attempt 0: non-dict response None
00:27:26|WARNING|j8f21e18896 attempt 0: non-dict response None
00:27:26|WARNING|j8ff2c163eb attempt 0: non-dict response None
00:27:26|WARNING|j9014863370 attempt 0: non-dict response None
00:27:26|WARNING|j90153e99ce attempt 0: non-dict response None
00:27:26|WARNING|j90231b1c48 attempt 0: non-dict response None
00:27:26|WARNING|j903882d040 attempt 0: non-dict response None
00:27:26|WARNING|j903f242953 attempt 0: non-dict response None
00:27:26|WARNING|j903bc91378 attempt 0: non-dict response None
00:27:26|WARNING|j8f3377f012 attempt 0: non-dict response None
00:27:26|WARNING|j8fae3d86e0 attempt 0: non-dict response None
00:27:26|WARNING|j905f909420 attempt 0: non-dict response None
00:27:26|WARNING|j907f38ae70 attempt 0: non-dict response None
00:27:26|WARNING|j90931c61a2 attempt 0: non-dict response None
00:27:26|WARNING|j908467736d attempt 0: non-dict response None
00:27:26|WARNING|j90990aa581 attempt 0: non-dict response None
00:27:26|WARNING|j90f8250546 attempt 0: non-dict response None
00:27:26|WARNING|j90af0725d0 attempt 0: non-dict response None
00:27:26|WARNING|j910b7412eb attempt 0: non-dict response None
00:27:26|WARNING|j91269d504e attempt 0: non-dict response None
00:27:26|WARNING|j912ee29dd1 attempt 0: non-dict response None
00:27:26|WARNING|j91414d52c6 attempt 0: non-dict response None
00:27:26|WARNING|j9152b774ce attempt 0: non-dict response None
00:27:26|WARNING|j91389c2d40 attempt 0: non-dict response None
00:27:26|WARNING|j9157a4ed8a attempt 0: non-dict response None
00:27:26|WARNING|j91c784b39d attempt 0: non-dict response None
00:27:26|WARNING|j91c0efd854 attempt 0: non-dict response None
00:27:26|WARNING|j91a11c3377 attempt 0: non-dict response None
00:27:26|WARNING|j91d5dfb1ec attempt 0: non-dict response None
00:27:26|WARNING|j91e78e822b attempt 0: non-dict response None
00:27:27|WARNING|j91f79c941b attempt 0: non-dict response None
00:27:27|WARNING|j91f3e89edf attempt 0: non-dict response None
00:27:27|WARNING|j92076b6c16 attempt 0: non-dict response None
00:27:27|WARNING|j92130b20a2 attempt 0: non-dict response None
00:27:27|WARNING|j921999c70f attempt 0: non-dict response None
00:27:27|WARNING|j9227be47f3 attempt 0: non-dict response None
00:27:27|WARNING|j92131badac attempt 0: non-dict response None
00:27:27|WARNING|j925aba0ec2 attempt 0: non-dict response None
00:27:27|WARNING|j92a036f060 attempt 0: non-dict response None
00:27:27|WARNING|j929bb637ea attempt 0: non-dict response None
00:27:27|WARNING|j926f94a503 attempt 0: non-dict response None
00:27:27|WARNING|j92a1d67a71 attempt 0: non-dict response None
00:27:27|WARNING|j92d7f4339f attempt 0: non-dict response None
00:27:27|WARNING|j92ee3754cd attempt 0: non-dict response None
00:27:27|WARNING|j92b573f5b2 attempt 0: non-dict response None
00:27:27|WARNING|j92fb0c5b69 attempt 0: non-dict response None
00:27:27|WARNING|j9304d3f03a attempt 0: non-dict response None
00:27:27|WARNING|j93165d54ed attempt 0: non-dict response None
00:27:27|WARNING|j930d08f7d9 attempt 0: non-dict response None
00:27:27|WARNING|j9319b7cf05 attempt 0: non-dict response None
00:27:27|WARNING|j932de946a2 attempt 0: non-dict response None
00:27:27|WARNING|j93317436e4 attempt 0: non-dict response None
00:27:27|WARNING|j9340829055 attempt 0: non-dict response None
00:27:27|WARNING|j933a366962 attempt 0: non-dict response None
00:27:27|WARNING|j937a3c7e53 attempt 0: non-dict response None
00:27:27|WARNING|j937e36f2e8 attempt 0: non-dict response None
00:27:27|WARNING|j938a34282e attempt 0: non-dict response None
00:27:27|WARNING|j941399acec attempt 0: non-dict response None
00:27:27|WARNING|j94346f4374 attempt 0: non-dict response None
00:27:27|WARNING|j941ae1a263 attempt 0: non-dict response None
00:27:27|WARNING|j9449105645 attempt 0: non-dict response None
00:27:27|WARNING|j94419bfdbe attempt 0: non-dict response None
00:27:27|WARNING|j946b3a614a attempt 0: non-dict response None
00:27:27|WARNING|j948c67362b attempt 0: non-dict response None
00:27:27|WARNING|j94783dbdda attempt 0: non-dict response None
00:27:27|WARNING|j9489ab8953 attempt 0: non-dict response None
00:27:27|WARNING|j9491d450fc attempt 0: non-dict response None
00:27:27|WARNING|j94bce70496 attempt 0: non-dict response None
00:27:27|WARNING|j94e401ed1e attempt 0: non-dict response None
00:27:27|WARNING|j94a5cdf499 attempt 0: non-dict response None
00:27:27|WARNING|j94f7130768 attempt 0: non-dict response None
00:27:27|WARNING|j9557336330 attempt 0: non-dict response None
00:27:27|WARNING|j955a36080f attempt 0: non-dict response None
00:27:27|WARNING|j951fb10b5f attempt 0: non-dict response None
00:27:27|WARNING|j95625a00a1 attempt 0: non-dict response None
00:27:27|WARNING|j95760d08a6 attempt 0: non-dict response None
00:27:27|WARNING|j9588f8841c attempt 0: non-dict response None
00:27:27|WARNING|j9583a53ea9 attempt 0: non-dict response None
00:27:27|WARNING|j959a0bfaca attempt 0: non-dict response None
00:27:27|WARNING|j95e4d16db5 attempt 0: non-dict response None
00:27:27|WARNING|j95e9563aab attempt 0: non-dict response None
00:27:27|WARNING|j95fbe20dda attempt 0: non-dict response None
00:27:27|WARNING|j9600916a30 attempt 0: non-dict response None
00:27:27|WARNING|j960ac4b08f attempt 0: non-dict response None
00:27:27|WARNING|j96192a8b1d attempt 0: non-dict response None
00:27:27|WARNING|j960256d3a0 attempt 0: non-dict response None
00:27:27|WARNING|j96327f4f2f attempt 0: non-dict response None
00:27:27|WARNING|j9675a21afe attempt 0: non-dict response None
00:27:27|WARNING|j96381d01d0 attempt 0: non-dict response None
00:27:27|WARNING|j9654cf0d10 attempt 0: non-dict response None
00:27:27|WARNING|j968b8b6fa5 attempt 0: non-dict response None
00:27:27|WARNING|j96c187a6cc attempt 0: non-dict response None
00:27:27|WARNING|j96d452a58e attempt 0: non-dict response None
00:27:27|WARNING|j969dfd167b attempt 0: non-dict response None
00:27:27|WARNING|j96d45f44b5 attempt 0: non-dict response None
00:27:27|WARNING|j96e4b29688 attempt 0: non-dict response None
00:27:27|WARNING|j971432d36d attempt 0: non-dict response None
00:27:27|WARNING|j96e83d57b0 attempt 0: non-dict response None
00:27:27|WARNING|j9734cadb10 attempt 0: non-dict response None
00:27:27|WARNING|j976a934cd4 attempt 0: non-dict response None
00:27:27|WARNING|j97b2bc95a2 attempt 0: non-dict response None
00:27:27|WARNING|j97b8ebf2ee attempt 0: non-dict response None
00:27:27|WARNING|j97b4e8f189 attempt 0: non-dict response None
00:27:27|WARNING|j97cfceac79 attempt 0: non-dict response None
00:27:27|WARNING|j97e277a4b4 attempt 0: non-dict response None
00:27:27|WARNING|j97e92de65c attempt 0: non-dict response None
00:27:27|WARNING|j97dbf25338 attempt 0: non-dict response None
00:27:27|WARNING|j9823baad5c attempt 0: non-dict response None
00:27:27|WARNING|j989b2aa274 attempt 0: non-dict response None
00:27:27|WARNING|j9896ee34ca attempt 0: non-dict response None
00:27:27|WARNING|j983f1f9ca2 attempt 0: non-dict response None
00:27:27|WARNING|j989cce99e6 attempt 0: non-dict response None
00:27:28|WARNING|j98c3757da9 attempt 0: non-dict response None
00:27:28|WARNING|j98a19e6c60 attempt 0: non-dict response None
00:27:28|WARNING|j98c8eedaad attempt 0: non-dict response None
00:27:28|WARNING|j98fd38e1e6 attempt 0: non-dict response None
00:27:28|WARNING|j994344c9f8 attempt 0: non-dict response None
00:27:28|WARNING|j99587f07ca attempt 0: non-dict response None
00:27:28|WARNING|j9944a803e3 attempt 0: non-dict response None
00:27:28|WARNING|j996c64ea63 attempt 0: non-dict response None
00:27:28|WARNING|j9979c9a1fc attempt 0: non-dict response None
00:27:28|WARNING|j99b4d55fcb attempt 0: non-dict response None
00:27:28|WARNING|j99ae428b61 attempt 0: non-dict response None
00:27:28|WARNING|j9986741b1c attempt 0: non-dict response None
00:27:28|WARNING|j9a17347037 attempt 0: non-dict response None
00:27:28|WARNING|j9a2e1d447f attempt 0: non-dict response None
00:27:28|WARNING|j9a759f3246 attempt 0: non-dict response None
00:27:28|WARNING|j9a1f8ffce5 attempt 0: non-dict response None
00:27:28|WARNING|j9a9e98355b attempt 0: non-dict response None
00:27:28|WARNING|j9ac7439f26 attempt 0: non-dict response None
00:27:28|WARNING|j9adcd8aac0 attempt 0: non-dict response None
00:27:28|WARNING|j9aa3bb5591 attempt 0: non-dict response None
00:27:28|WARNING|j9aeddb7de4 attempt 0: non-dict response None
00:27:28|WARNING|j9af13ba64f attempt 0: non-dict response None
00:27:28|WARNING|j9b32bc9751 attempt 0: non-dict response None
00:27:28|WARNING|j9b508baf3e attempt 0: non-dict response None
00:27:28|WARNING|j9b3bc12158 attempt 0: non-dict response None
00:27:28|WARNING|j9b840b6e62 attempt 0: non-dict response None
00:27:28|WARNING|j9b89eac486 attempt 0: non-dict response None
00:27:28|WARNING|j9ba2467846 attempt 0: non-dict response None
00:27:28|WARNING|j9bbb35d83f attempt 0: non-dict response None
00:27:28|WARNING|j9bcf8f7787 attempt 0: non-dict response None
00:27:28|WARNING|j9c70148d9c attempt 0: non-dict response None
00:27:28|WARNING|j9c178fa9d0 attempt 0: non-dict response None
00:27:28|WARNING|j9bf71b0b79 attempt 0: non-dict response None
00:27:28|WARNING|j9c748f97ed attempt 0: non-dict response None
00:27:28|WARNING|j9c9c724d82 attempt 0: non-dict response None
00:27:28|WARNING|j9cbeab61de attempt 0: non-dict response None
00:27:28|WARNING|j9cbb471f5c attempt 0: non-dict response None
00:27:28|WARNING|j9cc3d6a49a attempt 0: non-dict response None
00:27:28|WARNING|j9d3c4835b4 attempt 0: non-dict response None
00:27:28|WARNING|j9ce9a121e0 attempt 0: non-dict response None
00:27:28|WARNING|j9cfc14705d attempt 0: non-dict response None
00:27:28|WARNING|j9d68f77f32 attempt 0: non-dict response None
00:27:28|WARNING|j9d798fd342 attempt 0: non-dict response None
00:27:28|WARNING|j9d6cf25419 attempt 0: non-dict response None
00:27:28|WARNING|j9d73aff3d8 attempt 0: non-dict response None
00:27:28|WARNING|j9d8eac1e44 attempt 0: non-dict response None
00:27:28|WARNING|j9db7871346 attempt 0: non-dict response None
00:27:28|WARNING|j9dbd7d82e7 attempt 0: non-dict response None
00:27:28|WARNING|j9dba46b4e3 attempt 0: non-dict response None
00:27:28|WARNING|j9dc0e60a5a attempt 0: non-dict response None
00:27:28|WARNING|j9dfe97446a attempt 0: non-dict response None
00:27:28|WARNING|j9df7a56863 attempt 0: non-dict response None
00:27:28|WARNING|j9e022e3dd0 attempt 0: non-dict response None
00:27:28|WARNING|j9e2f2df4af attempt 0: non-dict response None
00:27:28|WARNING|j9e47a4a775 attempt 0: non-dict response None
00:27:28|WARNING|j9e42f8459b attempt 0: non-dict response None
00:27:28|WARNING|j9e3432691e attempt 0: non-dict response None
00:27:28|WARNING|j9e4c869cde attempt 0: non-dict response None
00:27:28|WARNING|j9e597910e1 attempt 0: non-dict response None
00:27:28|WARNING|j9e83d7686e attempt 0: non-dict response None
00:27:28|WARNING|j9e5d50aabe attempt 0: non-dict response None
00:27:28|WARNING|j9e8a4875f4 attempt 0: non-dict response None
00:27:28|WARNING|j9f01fe4c65 attempt 0: non-dict response None
00:27:28|WARNING|j9e93530927 attempt 0: non-dict response None
00:27:28|WARNING|j9ee86206b0 attempt 0: non-dict response None
00:27:28|WARNING|j9f2b150a90 attempt 0: non-dict response None
00:27:28|WARNING|j9fa52bdc13 attempt 0: non-dict response None
00:27:28|WARNING|j9fb58279d2 attempt 0: non-dict response None
00:27:28|WARNING|j9f40181c7e attempt 0: non-dict response None
00:27:28|WARNING|j9fbacb100d attempt 0: non-dict response None
00:27:28|WARNING|j9fe326137d attempt 0: non-dict response None
00:27:28|WARNING|j9fc12a9c0d attempt 0: non-dict response None
00:27:28|WARNING|j9fed884559 attempt 0: non-dict response None
00:27:28|WARNING|ja020a40490 attempt 0: non-dict response None
00:27:28|WARNING|ja03fa78e64 attempt 0: non-dict response None
00:27:28|WARNING|ja0592db668 attempt 0: non-dict response None
00:27:28|WARNING|ja029652ab3 attempt 0: non-dict response None
00:27:28|WARNING|ja0608359b4 attempt 0: non-dict response None
00:27:28|WARNING|ja086fa56ac attempt 0: non-dict response None
00:27:28|WARNING|ja0733b87f9 attempt 0: non-dict response None
00:27:28|WARNING|ja06c63a083 attempt 0: non-dict response None
00:27:28|WARNING|ja093fdf681 attempt 0: non-dict response None
00:27:29|WARNING|ja0d5b91dac attempt 0: non-dict response None
00:27:29|WARNING|ja0d5caee4c attempt 0: non-dict response None
00:27:29|WARNING|ja0a33192f5 attempt 0: non-dict response None
00:27:29|WARNING|ja0f1f61ac5 attempt 0: non-dict response None
00:27:29|WARNING|ja11001a771 attempt 0: non-dict response None
00:27:29|WARNING|ja10a6ca434 attempt 0: non-dict response None
00:27:29|WARNING|ja100a59875 attempt 0: non-dict response None
00:27:29|WARNING|ja114130471 attempt 0: non-dict response None
00:27:29|WARNING|ja162eac3a9 attempt 0: non-dict response None
00:27:29|WARNING|ja12b3ecaec attempt 0: non-dict response None
00:27:29|WARNING|ja12ce22dad attempt 0: non-dict response None
00:27:29|WARNING|ja164f3365c attempt 0: non-dict response None
00:27:29|WARNING|ja18ab6d50c attempt 0: non-dict response None
00:27:29|WARNING|ja1f1ce6e48 attempt 0: non-dict response None
00:27:29|WARNING|ja1dedaa6f6 attempt 0: non-dict response None
00:27:29|WARNING|ja1eebbc898 attempt 0: non-dict response None
00:27:29|WARNING|ja2176d8316 attempt 0: non-dict response None
00:27:29|WARNING|ja22f229015 attempt 0: non-dict response None
00:27:29|WARNING|ja2243c4dcc attempt 0: non-dict response None
00:27:29|WARNING|ja23978a6c6 attempt 0: non-dict response None
00:27:29|WARNING|ja2452c5d10 attempt 0: non-dict response None
00:27:29|WARNING|ja2768b276b attempt 0: non-dict response None
00:27:29|WARNING|ja248ef55ea attempt 0: non-dict response None
00:27:29|WARNING|ja25a8f1f61 attempt 0: non-dict response None
00:27:29|WARNING|ja284d29834 attempt 0: non-dict response None
00:27:29|WARNING|ja296ad4a51 attempt 0: non-dict response None
00:27:29|WARNING|ja2c0c9a4ae attempt 0: non-dict response None
00:27:29|WARNING|ja2b8d4a191 attempt 0: non-dict response None
00:27:29|WARNING|ja2c139b9f4 attempt 0: non-dict response None
00:27:29|WARNING|ja2d8d8bad1 attempt 0: non-dict response None
00:27:29|WARNING|ja2da3105bc attempt 0: non-dict response None
00:27:29|WARNING|ja2d0fd7308 attempt 0: non-dict response None
00:27:29|WARNING|ja2e735faa3 attempt 0: non-dict response None
00:27:29|WARNING|ja2fb156614 attempt 0: non-dict response None
00:27:29|WARNING|ja31ca1c82e attempt 0: non-dict response None
00:27:29|WARNING|ja3243729e5 attempt 0: non-dict response None
00:27:29|WARNING|ja329bf96f7 attempt 0: non-dict response None
00:27:29|WARNING|ja32a30f696 attempt 0: non-dict response None
00:27:29|WARNING|ja3806451fa attempt 0: non-dict response None
00:27:29|WARNING|ja391a46cce attempt 0: non-dict response None
00:27:29|WARNING|ja3674e48f8 attempt 0: non-dict response None
00:27:29|WARNING|ja39a7e6193 attempt 0: non-dict response None
00:27:29|WARNING|ja3c482a68f attempt 0: non-dict response None
00:27:29|WARNING|ja3d12d8912 attempt 0: non-dict response None
00:27:29|WARNING|ja3b774e516 attempt 0: non-dict response None
00:27:29|WARNING|ja3dfbd83f8 attempt 0: non-dict response None
00:27:29|WARNING|ja400936b73 attempt 0: non-dict response None
00:27:29|WARNING|ja3f727e305 attempt 0: non-dict response None
00:27:29|WARNING|ja4130edfdb attempt 0: non-dict response None
00:27:29|WARNING|ja4170141e8 attempt 0: non-dict response None
00:27:29|WARNING|ja495040f3d attempt 0: non-dict response None
00:27:29|WARNING|ja48608112b attempt 0: non-dict response None
00:27:29|WARNING|ja47989968b attempt 0: non-dict response None
00:27:29|WARNING|ja4a43110c3 attempt 0: non-dict response None
00:27:29|WARNING|ja4db2f4f20 attempt 0: non-dict response None
00:27:29|WARNING|ja4c1fe9820 attempt 0: non-dict response None
00:27:29|WARNING|ja4c10e11d9 attempt 0: non-dict response None
00:27:29|WARNING|ja4e5a682a8 attempt 0: non-dict response None
00:27:29|WARNING|ja5293560d7 attempt 0: non-dict response None
00:27:29|WARNING|ja506451943 attempt 0: non-dict response None
00:27:29|WARNING|ja50e488d49 attempt 0: non-dict response None
00:27:29|WARNING|ja529c68ec6 attempt 0: non-dict response None
00:27:29|WARNING|ja563eb6d8c attempt 0: non-dict response None
00:27:29|WARNING|ja59553ddad attempt 0: non-dict response None
00:27:29|WARNING|ja589269f78 attempt 0: non-dict response None
00:27:29|WARNING|ja5c84ba9ef attempt 0: non-dict response None
00:27:29|WARNING|ja653d850f1 attempt 0: non-dict response None
00:27:29|WARNING|ja644dee11f attempt 0: non-dict response None
00:27:29|WARNING|ja5d77be615 attempt 0: non-dict response None
00:27:29|WARNING|ja655d215f5 attempt 0: non-dict response None
00:27:29|WARNING|ja6b912734b attempt 0: non-dict response None
00:27:29|WARNING|ja670320554 attempt 0: non-dict response None
00:27:29|WARNING|ja66db41e03 attempt 0: non-dict response None
00:27:29|WARNING|ja6fba52cdd attempt 0: non-dict response None
00:27:29|WARNING|ja7189dcac9 attempt 0: non-dict response None
00:27:29|WARNING|ja6fef91a12 attempt 0: non-dict response None
00:27:29|WARNING|ja7275562e1 attempt 0: non-dict response None
00:27:29|WARNING|ja730484d24 attempt 0: non-dict response None
00:27:29|WARNING|ja7333d1ea0 attempt 0: non-dict response None
00:27:29|WARNING|ja742544158 attempt 0: non-dict response None
00:27:29|WARNING|ja76b224319 attempt 0: non-dict response None
00:27:29|WARNING|ja76f0a0a4b attempt 0: non-dict response None
00:27:29|WARNING|ja77f36c1c4 attempt 0: non-dict response None
00:27:30|WARNING|ja79d0aa212 attempt 0: non-dict response None
00:27:30|WARNING|ja7b4c6e418 attempt 0: non-dict response None
00:27:30|WARNING|ja7867e8f10 attempt 0: non-dict response None
00:27:30|WARNING|ja828d6c05f attempt 0: non-dict response None
00:27:30|WARNING|ja7ea8dfa5e attempt 0: non-dict response None
00:27:30|WARNING|ja870cd325c attempt 0: non-dict response None
00:27:30|WARNING|ja844c10ef9 attempt 0: non-dict response None
00:27:30|WARNING|ja88ae4539b attempt 0: non-dict response None
00:27:30|WARNING|ja88ec7be37 attempt 0: non-dict response None
00:27:30|WARNING|ja8b74ee6e9 attempt 0: non-dict response None
00:27:30|WARNING|ja8bdaa6557 attempt 0: non-dict response None
00:27:30|WARNING|ja8c32ac85e attempt 0: non-dict response None
00:27:30|WARNING|ja8fdad7e96 attempt 0: non-dict response None
00:27:30|WARNING|ja8c51e4790 attempt 0: non-dict response None
00:27:30|WARNING|ja8ce79700c attempt 0: non-dict response None
00:27:30|WARNING|ja9166927cd attempt 0: non-dict response None
00:27:30|WARNING|ja9242fb691 attempt 0: non-dict response None
00:27:30|WARNING|ja951efccd9 attempt 0: non-dict response None
00:27:30|WARNING|ja92deab84b attempt 0: non-dict response None
00:27:30|WARNING|ja96756eb8c attempt 0: non-dict response None
00:27:30|WARNING|ja97f827d6d attempt 0: non-dict response None
00:27:30|WARNING|ja98930c913 attempt 0: non-dict response None
00:27:30|WARNING|ja9720a67ba attempt 0: non-dict response None
00:27:30|WARNING|ja9a12e851d attempt 0: non-dict response None
00:27:30|WARNING|jaa04063d22 attempt 0: non-dict response None
00:27:30|WARNING|ja9bac9f3e1 attempt 0: non-dict response None
00:27:30|WARNING|ja9d9ba5577 attempt 0: non-dict response None
00:27:30|WARNING|jaa0dae4a31 attempt 0: non-dict response None
00:27:30|WARNING|jaa3adca486 attempt 0: non-dict response None
00:27:30|WARNING|jaa1bd5c34e attempt 0: non-dict response None
00:27:30|WARNING|jaa35760413 attempt 0: non-dict response None
00:27:30|WARNING|jaa4af0c157 attempt 0: non-dict response None
00:27:30|WARNING|jaa6250443d attempt 0: non-dict response None
00:27:30|WARNING|jaa72ce783a attempt 0: non-dict response None
00:27:30|WARNING|jaaa430845a attempt 0: non-dict response None
00:27:30|WARNING|jaacf0f3d69 attempt 0: non-dict response None
00:27:30|WARNING|jaad83d7872 attempt 0: non-dict response None
00:27:30|WARNING|jaae7b88a8c attempt 0: non-dict response None
00:27:30|WARNING|jaae1ae2f6d attempt 0: non-dict response None
00:27:30|WARNING|jaadc61cc34 attempt 0: non-dict response None
00:27:30|WARNING|jaaf55d906e attempt 0: non-dict response None
00:27:30|WARNING|jaafc4d7353 attempt 0: non-dict response None
00:27:30|WARNING|jab0695fc61 attempt 0: non-dict response None
00:27:30|WARNING|jaaf5b74987 attempt 0: non-dict response None
00:27:30|WARNING|jab2c5a4eb2 attempt 0: non-dict response None
00:27:30|WARNING|jac40e08201 attempt 0: non-dict response None
00:27:30|WARNING|jaba5250d5e attempt 0: non-dict response None
00:27:30|WARNING|jab85fb9d60 attempt 0: non-dict response None
00:27:30|WARNING|jac78df6689 attempt 0: non-dict response None
00:27:30|WARNING|jac8fafd220 attempt 0: non-dict response None
00:27:30|WARNING|jac7f81ba73 attempt 0: non-dict response None
00:27:30|WARNING|jac8063f67b attempt 0: non-dict response None
00:27:30|WARNING|jacadad0f35 attempt 0: non-dict response None
00:27:30|WARNING|jacd2a5d7c6 attempt 0: non-dict response None
00:27:30|WARNING|jacea3316f5 attempt 0: non-dict response None
00:27:30|WARNING|jacb8d66c93 attempt 0: non-dict response None
00:27:30|WARNING|jacf2572b24 attempt 0: non-dict response None
00:27:30|WARNING|jacf3f6dc1f attempt 0: non-dict response None
00:27:30|WARNING|jacfe0fa767 attempt 0: non-dict response None
00:27:30|WARNING|jad0b5ff1d2 attempt 0: non-dict response None
00:27:30|WARNING|jad42184016 attempt 0: non-dict response None
00:27:30|WARNING|jad7d7d56bc attempt 0: non-dict response None
00:27:30|WARNING|jad86bebeb0 attempt 0: non-dict response None
00:27:30|WARNING|jad8afdd86b attempt 0: non-dict response None
00:27:30|WARNING|jad815b1816 attempt 0: non-dict response None
00:27:30|WARNING|jad901265b9 attempt 0: non-dict response None
00:27:30|WARNING|jadc71736e9 attempt 0: non-dict response None
00:27:30|WARNING|jadcb8e089d attempt 0: non-dict response None
00:27:30|WARNING|jadc774d59c attempt 0: non-dict response None
00:27:30|WARNING|jadf33897ee attempt 0: non-dict response None
00:27:30|WARNING|jae22a9b431 attempt 0: non-dict response None
00:27:30|WARNING|jae267ffaea attempt 0: non-dict response None
00:27:30|WARNING|jae173d4569 attempt 0: non-dict response None
00:27:30|WARNING|jae2fb87168 attempt 0: non-dict response None
00:27:30|WARNING|jae30d0f02a attempt 0: non-dict response None
00:27:30|WARNING|jae31f51ee9 attempt 0: non-dict response None
00:27:30|WARNING|jae373f373f attempt 0: non-dict response None
00:27:30|WARNING|jae3b83f52b attempt 0: non-dict response None
00:27:30|WARNING|jae693fffc7 attempt 0: non-dict response None
00:27:30|WARNING|jae49bafc52 attempt 0: non-dict response None
00:27:30|WARNING|jae3cfe45f3 attempt 0: non-dict response None
00:27:31|WARNING|jaeac38709a attempt 0: non-dict response None
00:27:31|WARNING|jaedeef1ab4 attempt 0: non-dict response None
00:27:31|WARNING|jaf166977b7 attempt 0: non-dict response None
00:27:31|WARNING|jaed57304c5 attempt 0: non-dict response None
00:27:31|WARNING|jaf280073a5 attempt 0: non-dict response None
00:27:31|WARNING|jaf28da7083 attempt 0: non-dict response None
00:27:31|WARNING|jaf81de7f58 attempt 0: non-dict response None
00:27:31|WARNING|jaf43ceb8fc attempt 0: non-dict response None
00:27:31|WARNING|jaf2cfc04fe attempt 0: non-dict response None
00:27:31|WARNING|jaf9d2613fc attempt 0: non-dict response None
00:27:31|WARNING|jafec3bc6ed attempt 0: non-dict response None
00:27:31|WARNING|jafd2e8bded attempt 0: non-dict response None
00:27:31|WARNING|jaff25e57a9 attempt 0: non-dict response None
00:27:31|WARNING|jb01a8ed5a2 attempt 0: non-dict response None
00:27:31|WARNING|jb0308f6394 attempt 0: non-dict response None
00:27:31|WARNING|jb0461ae9ee attempt 0: non-dict response None
00:27:31|WARNING|jb06e29440e attempt 0: non-dict response None
00:27:31|WARNING|jb0589c946a attempt 0: non-dict response None
00:27:31|WARNING|jb072e2e65d attempt 0: non-dict response None
00:27:31|WARNING|jb08807c35c attempt 0: non-dict response None
00:27:31|WARNING|jb094913c05 attempt 0: non-dict response None
00:27:31|WARNING|jb0b68b21f1 attempt 0: non-dict response None
00:27:31|WARNING|jb116b749a1 attempt 0: non-dict response None
00:27:31|WARNING|jb1379d681b attempt 0: non-dict response None
00:27:31|WARNING|jb11d42cd39 attempt 0: non-dict response None
00:27:31|WARNING|jb0ba5e124b attempt 0: non-dict response None
00:27:31|WARNING|jb14269ba81 attempt 0: non-dict response None
00:27:31|WARNING|jb1a5bc6d59 attempt 0: non-dict response None
00:27:31|WARNING|jb1aead73d5 attempt 0: non-dict response None
00:27:31|WARNING|jb1536d6092 attempt 0: non-dict response None
00:27:31|WARNING|jb1af15c423 attempt 0: non-dict response None
00:27:31|WARNING|jb1dbc754dc attempt 0: non-dict response None
00:27:31|WARNING|jb2089d86f8 attempt 0: non-dict response None
00:27:31|WARNING|jb1b70fcfcc attempt 0: non-dict response None
00:27:31|WARNING|jb20cc4c66c attempt 0: non-dict response None
00:27:31|WARNING|jb22f1a0e75 attempt 0: non-dict response None
00:27:31|WARNING|jb241ffbd0d attempt 0: non-dict response None
00:27:31|WARNING|jb247e3092a attempt 0: non-dict response None
00:27:31|WARNING|jb263da6669 attempt 0: non-dict response None
00:27:31|WARNING|jb265823af4 attempt 0: non-dict response None
00:27:31|WARNING|jb2cfbc2f51 attempt 0: non-dict response None
00:27:31|WARNING|jb279f9ff58 attempt 0: non-dict response None
00:27:31|WARNING|jb2d9ea4ebd attempt 0: non-dict response None
00:27:31|WARNING|jb2fa91a75c attempt 0: non-dict response None
00:27:31|WARNING|jb3337f70ca attempt 0: non-dict response None
00:27:31|WARNING|jb30358df62 attempt 0: non-dict response None
00:27:31|WARNING|jb3409c3170 attempt 0: non-dict response None
00:27:31|WARNING|jb39c9ba281 attempt 0: non-dict response None
00:27:31|WARNING|jb356830f60 attempt 0: non-dict response None
00:27:31|WARNING|jb344a06c2c attempt 0: non-dict response None
00:27:31|WARNING|jb3ae168120 attempt 0: non-dict response None
00:27:31|WARNING|jb3b134467b attempt 0: non-dict response None
00:27:31|WARNING|jb4079a2561 attempt 0: non-dict response None
00:27:31|WARNING|jb3aeab88ca attempt 0: non-dict response None
00:27:31|WARNING|jb40bba7de0 attempt 0: non-dict response None
00:27:31|WARNING|jb4168f971a attempt 0: non-dict response None
00:27:31|WARNING|jb41451a117 attempt 0: non-dict response None
00:27:31|WARNING|jb41b0eff0d attempt 0: non-dict response None
00:27:31|WARNING|jb425e7eb88 attempt 0: non-dict response None
00:27:31|WARNING|jb42f976b02 attempt 0: non-dict response None
00:27:31|WARNING|jb459365fc6 attempt 0: non-dict response None
00:27:31|WARNING|jb467e0bda9 attempt 0: non-dict response None
00:27:31|WARNING|jb449c6c7a3 attempt 0: non-dict response None
00:27:31|WARNING|jb479a50fa3 attempt 0: non-dict response None
00:27:31|WARNING|jb4933012ea attempt 0: non-dict response None
00:27:31|WARNING|jb47a51af37 attempt 0: non-dict response None
00:27:31|WARNING|jb48d4add68 attempt 0: non-dict response None
00:27:31|WARNING|jb4995e1219 attempt 0: non-dict response None
00:27:31|WARNING|jb4a14e3056 attempt 0: non-dict response None
00:27:31|WARNING|jb4dfef00c2 attempt 0: non-dict response None
00:27:31|WARNING|jb4bc0416d4 attempt 0: non-dict response None
00:27:31|WARNING|jb4ebe7444a attempt 0: non-dict response None
00:27:31|WARNING|jb50db6117e attempt 0: non-dict response None
00:27:31|WARNING|jb5216d3f1e attempt 0: non-dict response None
00:27:31|WARNING|jb5298f5fb2 attempt 0: non-dict response None
00:27:31|WARNING|jb5465fe54f attempt 0: non-dict response None
00:27:31|WARNING|jb55eafa62d attempt 0: non-dict response None
00:27:31|WARNING|jb55ff5611a attempt 0: non-dict response None
00:27:31|WARNING|jb59de26254 attempt 0: non-dict response None
00:27:31|WARNING|jb5a64f54aa attempt 0: non-dict response None
00:27:32|WARNING|jb5c2018f22 attempt 0: non-dict response None
00:27:32|WARNING|jb5c657c1bd attempt 0: non-dict response None
00:27:32|WARNING|jb5b6c10167 attempt 0: non-dict response None
00:27:32|WARNING|jb5cce39edc attempt 0: non-dict response None
00:27:32|WARNING|jb5f2d02f2f attempt 0: non-dict response None
00:27:32|WARNING|jb5daeb75b6 attempt 0: non-dict response None
00:27:32|WARNING|jb5f94ee028 attempt 0: non-dict response None
00:27:32|WARNING|jb5d66f9bd2 attempt 0: non-dict response None
00:27:32|WARNING|jb62d667c1e attempt 0: non-dict response None
00:27:32|WARNING|jb633766fb8 attempt 0: non-dict response None
00:27:32|WARNING|jb63c8f4282 attempt 0: non-dict response None
00:27:32|WARNING|jb620f0c312 attempt 0: non-dict response None
00:27:32|WARNING|jb65372e4ee attempt 0: non-dict response None
00:27:32|WARNING|jb66909eb61 attempt 0: non-dict response None
00:27:32|WARNING|jb65eac3528 attempt 0: non-dict response None
00:27:32|WARNING|jb6794a4fdb attempt 0: non-dict response None
00:27:32|WARNING|jb6a1834e3a attempt 0: non-dict response None
00:27:32|WARNING|jb6d156b6c8 attempt 0: non-dict response None
00:27:32|WARNING|jb6a47299b9 attempt 0: non-dict response None
00:27:32|WARNING|jb6d37c5f39 attempt 0: non-dict response None
00:27:32|WARNING|jb6dfb380ae attempt 0: non-dict response None
00:27:32|WARNING|jb70e9b7f86 attempt 0: non-dict response None
00:27:32|WARNING|jb704017ff8 attempt 0: non-dict response None
00:27:32|WARNING|jb718577946 attempt 0: non-dict response None
00:27:32|WARNING|jb7604d7cc7 attempt 0: non-dict response None
00:27:32|WARNING|jb780f46d2b attempt 0: non-dict response None
00:27:32|WARNING|jb78201d6eb attempt 0: non-dict response None
00:27:32|WARNING|jb789a64fba attempt 0: non-dict response None
00:27:32|WARNING|jb7d7e2f8d9 attempt 0: non-dict response None
00:27:32|WARNING|jb7d40bc451 attempt 0: non-dict response None
00:27:32|WARNING|jb7f620861b attempt 0: non-dict response None
00:27:32|WARNING|jb7ea73c791 attempt 0: non-dict response None
00:27:32|WARNING|jb81543afd1 attempt 0: non-dict response None
00:27:32|WARNING|jb821e40ee4 attempt 0: non-dict response None
00:27:32|WARNING|jb852dedf6a attempt 0: non-dict response None
00:27:32|WARNING|jb830509ff9 attempt 0: non-dict response None
00:27:32|WARNING|jb863ee24ba attempt 0: non-dict response None
00:27:32|WARNING|jb87f57bdd1 attempt 0: non-dict response None
00:27:32|WARNING|jb879e28143 attempt 0: non-dict response None
00:27:32|WARNING|jb87705b225 attempt 0: non-dict response None
00:27:32|WARNING|jb8be921c02 attempt 0: non-dict response None
00:27:32|WARNING|jb8cc53e529 attempt 0: non-dict response None
00:27:32|WARNING|jb8f2b326d9 attempt 0: non-dict response None
00:27:32|WARNING|jb8e2cec0e1 attempt 0: non-dict response None
00:27:32|WARNING|jb8f6fb71e9 attempt 0: non-dict response None
00:27:32|WARNING|jb92babde78 attempt 0: non-dict response None
00:27:32|WARNING|jb90672c0bc attempt 0: non-dict response None
00:27:32|WARNING|jb91d2a8e22 attempt 0: non-dict response None
00:27:32|WARNING|jb9038570c5 attempt 0: non-dict response None
00:27:32|WARNING|jb98cc4ccbb attempt 0: non-dict response None
00:27:32|WARNING|jb99c277699 attempt 0: non-dict response None
00:27:32|WARNING|jb9a865be02 attempt 0: non-dict response None
00:27:32|WARNING|jb99b9e085a attempt 0: non-dict response None
00:27:32|WARNING|jba24438d53 attempt 0: non-dict response None
00:27:32|WARNING|jb9ac3614ae attempt 0: non-dict response None
00:27:32|WARNING|jb9f690f359 attempt 0: non-dict response None
00:27:32|WARNING|jba0b513c0d attempt 0: non-dict response None
00:27:32|WARNING|jba43c8242a attempt 0: non-dict response None
00:27:32|WARNING|jbac6794fec attempt 0: non-dict response None
00:27:32|WARNING|jbab099b2c6 attempt 0: non-dict response None
00:27:32|WARNING|jbac866326e attempt 0: non-dict response None
00:27:32|WARNING|jbaf2fc260b attempt 0: non-dict response None
00:27:32|WARNING|jbb0b64c021 attempt 0: non-dict response None
00:27:32|WARNING|jba60fa49da attempt 0: non-dict response None
00:27:32|WARNING|jbb14ba3a3b attempt 0: non-dict response None
00:27:32|WARNING|jbb2f826376 attempt 0: non-dict response None
00:27:32|WARNING|jbb4636ce68 attempt 0: non-dict response None
00:27:32|WARNING|jbb506f8418 attempt 0: non-dict response None
00:27:32|WARNING|jbb7c8a5483 attempt 0: non-dict response None
00:27:32|WARNING|jbb94550973 attempt 0: non-dict response None
00:27:32|WARNING|jbbc42ffab1 attempt 0: non-dict response None
00:27:32|WARNING|jbbeaa45c71 attempt 0: non-dict response None
00:27:33|WARNING|jbbf0e4cc41 attempt 0: non-dict response None
00:27:33|WARNING|jbc390c35b7 attempt 0: non-dict response None
00:27:33|WARNING|jbbf7dbe8ab attempt 0: non-dict response None
00:27:33|WARNING|jbccfd00b71 attempt 0: non-dict response None
00:27:33|WARNING|jbced243774 attempt 0: non-dict response None
00:27:33|WARNING|jbd35dcdf92 attempt 0: non-dict response None
00:27:33|WARNING|jbcfab79656 attempt 0: non-dict response None
00:27:33|WARNING|jbd5827299a attempt 0: non-dict response None
00:27:33|WARNING|jbd8b090b3d attempt 0: non-dict response None
00:27:33|WARNING|jbd86a04266 attempt 0: non-dict response None
00:27:33|WARNING|jbd6b33b35c attempt 0: non-dict response None
00:27:33|WARNING|jbd93a4531c attempt 0: non-dict response None
00:27:33|WARNING|jbd96c23256 attempt 0: non-dict response None
00:27:33|WARNING|jbdccfe6b39 attempt 0: non-dict response None
00:27:33|WARNING|jbdb141b449 attempt 0: non-dict response None
00:27:33|WARNING|jbdd7c9535d attempt 0: non-dict response None
00:27:33|WARNING|jbde0f4f5ce attempt 0: non-dict response None
00:27:33|WARNING|jbe02bec909 attempt 0: non-dict response None
00:27:33|WARNING|jbdeef724b0 attempt 0: non-dict response None
00:27:33|WARNING|jbe086214d3 attempt 0: non-dict response None
00:27:33|WARNING|jbe53a628af attempt 0: non-dict response None
00:27:33|WARNING|jbe6327d5c6 attempt 0: non-dict response None
00:27:33|WARNING|jbea48a19c5 attempt 0: non-dict response None
00:27:33|WARNING|jbe90cacfa6 attempt 0: non-dict response None
00:27:33|WARNING|jbeb1b87781 attempt 0: non-dict response None
00:27:33|WARNING|jbec2e94e7b attempt 0: non-dict response None
00:27:33|WARNING|jbef4ab0bdf attempt 0: non-dict response None
00:27:33|WARNING|jbec4d7feb8 attempt 0: non-dict response None
00:27:33|WARNING|jbf173bdf8d attempt 0: non-dict response None
00:27:33|WARNING|jbf495c6418 attempt 0: non-dict response None
00:27:33|WARNING|jbf395f86fb attempt 0: non-dict response None
00:27:33|WARNING|jbf21ed523c attempt 0: non-dict response None
00:27:33|WARNING|jbf7996d2a8 attempt 0: non-dict response None
00:27:33|WARNING|jbfc3dd8a2c attempt 0: non-dict response None
00:27:33|WARNING|jbfb5ed6539 attempt 0: non-dict response None
00:27:33|WARNING|jbfa8b67cd0 attempt 0: non-dict response None
00:27:33|WARNING|jbfef1e83ec attempt 0: non-dict response None
00:27:33|WARNING|jbffa408bf9 attempt 0: non-dict response None
00:27:33|WARNING|jc069b05d93 attempt 0: non-dict response None
00:27:33|WARNING|jc0a4281c9f attempt 0: non-dict response None
00:27:33|WARNING|jc0a703f57f attempt 0: non-dict response None
00:27:33|WARNING|jc0adcfc510 attempt 0: non-dict response None
00:27:33|WARNING|jc0e2cc1bbd attempt 0: non-dict response None
00:27:33|WARNING|jc05e63d015 attempt 0: non-dict response None
00:27:33|WARNING|jc03f3a355e attempt 0: non-dict response None
00:27:33|WARNING|jc14580dcee attempt 0: non-dict response None
00:27:33|WARNING|jc13bc99aad attempt 0: non-dict response None
00:27:33|WARNING|jc1706ced21 attempt 0: non-dict response None
00:27:33|WARNING|jc1b9ee10f6 attempt 0: non-dict response None
00:27:33|WARNING|jc1bad65691 attempt 0: non-dict response None
00:27:33|WARNING|jc1a01514a1 attempt 0: non-dict response None
00:27:33|WARNING|jc1d5862e74 attempt 0: non-dict response None
00:27:33|WARNING|jc2218b557e attempt 0: non-dict response None
00:27:33|WARNING|jc1f10c18cf attempt 0: non-dict response None
00:27:33|WARNING|jc20b8379f5 attempt 0: non-dict response None
00:27:33|WARNING|jc26877c484 attempt 0: non-dict response None
00:27:33|WARNING|jc29de5a31a attempt 0: non-dict response None
00:27:33|WARNING|jc2755b9287 attempt 0: non-dict response None
00:27:33|WARNING|jc2327bb65f attempt 0: non-dict response None
00:27:33|WARNING|jc2a7c922c6 attempt 0: non-dict response None
00:27:33|WARNING|jc2f35e115a attempt 0: non-dict response None
00:27:33|WARNING|jc2c96d384d attempt 0: non-dict response None
00:27:33|WARNING|jc2ccc660e6 attempt 0: non-dict response None
00:27:33|WARNING|jc2f4260394 attempt 0: non-dict response None
00:27:33|WARNING|jc35a97b27e attempt 0: non-dict response None
00:27:33|WARNING|jc35c40f39e attempt 0: non-dict response None
00:27:33|WARNING|jc350404038 attempt 0: non-dict response None
00:27:33|WARNING|jc35f59b890 attempt 0: non-dict response None
00:27:33|WARNING|jc361d22281 attempt 0: non-dict response None
00:27:33|WARNING|jc37d85e80a attempt 0: non-dict response None
00:27:33|WARNING|jc36574adae attempt 0: non-dict response None
00:27:33|WARNING|jc3847cc9c7 attempt 0: non-dict response None
00:27:33|WARNING|jc3d670829b attempt 0: non-dict response None
00:27:33|WARNING|jc3d5ef7b03 attempt 0: non-dict response None
00:27:33|WARNING|jc3eb9a095b attempt 0: non-dict response None
00:27:33|WARNING|jc3f5004fb9 attempt 0: non-dict response None
00:27:34|WARNING|jc433f191b6 attempt 0: non-dict response None
00:27:34|WARNING|jc48593aa1f attempt 0: non-dict response None
00:27:34|WARNING|jc3fd434b04 attempt 0: non-dict response None
00:27:34|WARNING|jc48ca43a5d attempt 0: non-dict response None
00:27:34|WARNING|jc4c8e0e4bf attempt 0: non-dict response None
00:27:34|WARNING|jc4ee8fe2c9 attempt 0: non-dict response None
00:27:34|WARNING|jc50e028803 attempt 0: non-dict response None
00:27:34|WARNING|jc4cb49451e attempt 0: non-dict response None
00:27:34|WARNING|jc5260dfa6e attempt 0: non-dict response None
00:27:34|WARNING|jc5542ef30f attempt 0: non-dict response None
00:27:34|WARNING|jc5993f9a24 attempt 0: non-dict response None
00:27:34|WARNING|jc557546c4f attempt 0: non-dict response None
00:27:34|WARNING|jc5beeb0a50 attempt 0: non-dict response None
00:27:34|WARNING|jc5e37c0665 attempt 0: non-dict response None
00:27:34|WARNING|jc60af357e9 attempt 0: non-dict response None
00:27:34|WARNING|jc5d86e386b attempt 0: non-dict response None
00:27:34|WARNING|jc61b0e4951 attempt 0: non-dict response None
00:27:34|WARNING|jc63783226f attempt 0: non-dict response None
00:27:34|WARNING|jc6552e068b attempt 0: non-dict response None
00:27:34|WARNING|jc62a27dafa attempt 0: non-dict response None
00:27:34|WARNING|jc677794fba attempt 0: non-dict response None
00:27:34|WARNING|jc6cc8c7f78 attempt 0: non-dict response None
00:27:34|WARNING|jc6c8798dd1 attempt 0: non-dict response None
00:27:34|WARNING|jc6d14dc4c8 attempt 0: non-dict response None
00:27:34|WARNING|jc6d4a1dea8 attempt 0: non-dict response None
00:27:34|WARNING|jc7118105ee attempt 0: non-dict response None
00:27:34|WARNING|jc7081c92d8 attempt 0: non-dict response None
00:27:34|WARNING|jc6e60caa05 attempt 0: non-dict response None
00:27:34|WARNING|jc71c843050 attempt 0: non-dict response None
00:27:34|WARNING|jc73816efc7 attempt 0: non-dict response None
00:27:34|WARNING|jc72dec0e0b attempt 0: non-dict response None
00:27:34|WARNING|jc763571091 attempt 0: non-dict response None
00:27:34|WARNING|jc766896b40 attempt 0: non-dict response None
00:27:34|WARNING|jc7b31c9763 attempt 0: non-dict response None
00:27:34|WARNING|jc7ce24d6fc attempt 0: non-dict response None
00:27:34|WARNING|jc79c82e772 attempt 0: non-dict response None
00:27:34|WARNING|jc7e68947b4 attempt 0: non-dict response None
00:27:34|WARNING|jc82b25bc75 attempt 0: non-dict response None
00:27:34|WARNING|jc81c4fd997 attempt 0: non-dict response None
00:27:34|WARNING|jc80450b6c5 attempt 0: non-dict response None
00:27:34|WARNING|jc837329937 attempt 0: non-dict response None
00:27:34|WARNING|jc8787b5f50 attempt 0: non-dict response None
00:27:34|WARNING|jc8775c6272 attempt 0: non-dict response None
00:27:34|WARNING|jc8a0b121fc attempt 0: non-dict response None
00:27:34|WARNING|jc8a53de9e4 attempt 0: non-dict response None
00:27:34|WARNING|jc8d0806958 attempt 0: non-dict response None
00:27:34|WARNING|jc8dffa5569 attempt 0: non-dict response None
00:27:34|WARNING|jc8c97f675c attempt 0: non-dict response None
00:27:34|WARNING|jc8f8ea3075 attempt 0: non-dict response None
00:27:34|WARNING|jc90826b80e attempt 0: non-dict response None
00:27:34|WARNING|jc966f5078a attempt 0: non-dict response None
00:27:34|WARNING|jc9803ae2b3 attempt 0: non-dict response None
00:27:34|WARNING|jc9b01b7814 attempt 0: non-dict response None
00:27:34|WARNING|jc9c8afaa67 attempt 0: non-dict response None
00:27:34|WARNING|jc9f87a8975 attempt 0: non-dict response None
00:27:34|WARNING|jc9c51a64d3 attempt 0: non-dict response None
00:27:34|WARNING|jc9f0a6fc43 attempt 0: non-dict response None
00:27:34|WARNING|jca1d8113a6 attempt 0: non-dict response None
00:27:34|WARNING|jca110f053d attempt 0: non-dict response None
00:27:34|WARNING|jca694eea2d attempt 0: non-dict response None
00:27:34|WARNING|jca41f0fb93 attempt 0: non-dict response None
00:27:34|WARNING|jca6c99fbb5 attempt 0: non-dict response None
00:27:34|WARNING|jca831554b6 attempt 0: non-dict response None
00:27:34|WARNING|jca8b3e2bd3 attempt 0: non-dict response None
00:27:34|WARNING|jca7fb500ee attempt 0: non-dict response None
00:27:34|WARNING|jca984bba21 attempt 0: non-dict response None
00:27:34|WARNING|jcaac4fe512 attempt 0: non-dict response None
00:27:34|WARNING|jcabf759e3b attempt 0: non-dict response None
00:27:34|WARNING|jcae3336584 attempt 0: non-dict response None
00:27:34|WARNING|jcae2bfcfd3 attempt 0: non-dict response None
00:27:34|WARNING|jcae588ac37 attempt 0: non-dict response None
00:27:34|WARNING|jcb19f4143b attempt 0: non-dict response None
00:27:34|WARNING|jcb4beb9229 attempt 0: non-dict response None
00:27:34|WARNING|jcb118c9f64 attempt 0: non-dict response None
00:27:34|WARNING|jcb8cad80c5 attempt 0: non-dict response None
00:27:34|WARNING|jcb94ddd692 attempt 0: non-dict response None
00:27:34|WARNING|jcbc5ff73f2 attempt 0: non-dict response None
00:27:34|WARNING|jcbd0af30b4 attempt 0: non-dict response None
00:27:34|WARNING|jcbd252b5f3 attempt 0: non-dict response None
00:27:35|WARNING|jcbfd462734 attempt 0: non-dict response None
00:27:35|WARNING|jcc0226fc42 attempt 0: non-dict response None
00:27:35|WARNING|jcbe4441ae0 attempt 0: non-dict response None
00:27:35|WARNING|jcc16b5425e attempt 0: non-dict response None
00:27:35|WARNING|jcc2ff202d2 attempt 0: non-dict response None
00:27:35|WARNING|jcc3ae3d762 attempt 0: non-dict response None
00:27:35|WARNING|jcc1e3ca3c4 attempt 0: non-dict response None
00:27:35|WARNING|jcc57d102fa attempt 0: non-dict response None
00:27:35|WARNING|jcce330b993 attempt 0: non-dict response None
00:27:35|WARNING|jcccba15635 attempt 0: non-dict response None
00:27:35|WARNING|jcca835d303 attempt 0: non-dict response None
00:27:35|WARNING|jccf72e0074 attempt 0: non-dict response None
00:27:35|WARNING|jcd0c4e05d6 attempt 0: non-dict response None
00:27:35|WARNING|jcd3d7dfbcd attempt 0: non-dict response None
00:27:35|WARNING|jcd87ac038c attempt 0: non-dict response None
00:27:35|WARNING|jcd58a79899 attempt 0: non-dict response None
00:27:35|WARNING|jcdb2c70c37 attempt 0: non-dict response None
00:27:35|WARNING|jcdd8d0541d attempt 0: non-dict response None
00:27:35|WARNING|jcdb55d6f55 attempt 0: non-dict response None
00:27:35|WARNING|jcdde448938 attempt 0: non-dict response None
00:27:35|WARNING|jcded656d75 attempt 0: non-dict response None
00:27:35|WARNING|jce053be8c4 attempt 0: non-dict response None
00:27:35|WARNING|jce32d9e76f attempt 0: non-dict response None
00:27:35|WARNING|jce22d092e5 attempt 0: non-dict response None
00:27:35|WARNING|jce4942b8db attempt 0: non-dict response None
00:27:35|WARNING|jce4b217033 attempt 0: non-dict response None
00:27:35|WARNING|jcecc597be1 attempt 0: non-dict response None
00:27:35|WARNING|jce73676faa attempt 0: non-dict response None
00:27:35|WARNING|jcf259da56c attempt 0: non-dict response None
00:27:35|WARNING|jcf2fdbb6ca attempt 0: non-dict response None
00:27:35|WARNING|jcee31137e2 attempt 0: non-dict response None
00:27:35|WARNING|jced6eb93bf attempt 0: non-dict response None
00:27:35|WARNING|jcf3c23e95c attempt 0: non-dict response None
00:27:35|WARNING|jcf44dfa505 attempt 0: non-dict response None
00:27:35|WARNING|jcf5b158a82 attempt 0: non-dict response None
00:27:35|WARNING|jcf48cb4d8f attempt 0: non-dict response None
00:27:35|WARNING|jcf66836973 attempt 0: non-dict response None
00:27:35|WARNING|jcf79225ef9 attempt 0: non-dict response None
00:27:35|WARNING|jcf69eb6a9b attempt 0: non-dict response None
00:27:35|WARNING|jcf71d46361 attempt 0: non-dict response None
00:27:35|WARNING|jcf87737283 attempt 0: non-dict response None
00:27:35|WARNING|jcfae791561 attempt 0: non-dict response None
00:27:35|WARNING|jcfc7e85ff6 attempt 0: non-dict response None
00:27:35|WARNING|jcfd22022ab attempt 0: non-dict response None
00:27:35|WARNING|jcfde2dbd95 attempt 0: non-dict response None
00:27:35|WARNING|jd00a940120 attempt 0: non-dict response None
00:27:35|WARNING|jcff7a1b455 attempt 0: non-dict response None
00:27:35|WARNING|jcfed08e7e3 attempt 0: non-dict response None
00:27:35|WARNING|jd00d7e65e5 attempt 0: non-dict response None
00:27:35|WARNING|jd03cd84963 attempt 0: non-dict response None
00:27:35|WARNING|jd04c230a03 attempt 0: non-dict response None
00:27:35|WARNING|jd017ec0951 attempt 0: non-dict response None
00:27:35|WARNING|jd05679feda attempt 0: non-dict response None
00:27:35|WARNING|jd0e79fe9c1 attempt 0: non-dict response None
00:27:35|WARNING|jd079cc9707 attempt 0: non-dict response None
00:27:35|WARNING|jd0d59df2b5 attempt 0: non-dict response None
00:27:35|WARNING|jd0ec7eec23 attempt 0: non-dict response None
00:27:35|WARNING|jd0f4ea71f4 attempt 0: non-dict response None
00:27:35|WARNING|jd0fd419839 attempt 0: non-dict response None
00:27:35|WARNING|jd0f52a9299 attempt 0: non-dict response None
00:27:35|WARNING|jd10532c5a5 attempt 0: non-dict response None
00:27:35|WARNING|jd11da22b28 attempt 0: non-dict response None
00:27:35|WARNING|jd16a5d0905 attempt 0: non-dict response None
00:27:35|WARNING|jd1619ea46b attempt 0: non-dict response None
00:27:35|WARNING|jd142f64efc attempt 0: non-dict response None
00:27:35|WARNING|jd17d6f2b31 attempt 0: non-dict response None
00:27:35|WARNING|jd1b07f1369 attempt 0: non-dict response None
00:27:35|WARNING|jd1cab2e23b attempt 0: non-dict response None
00:27:35|WARNING|jd1a55ca73d attempt 0: non-dict response None
00:27:35|WARNING|jd1cf72316c attempt 0: non-dict response None
00:27:35|WARNING|jd27540f0b8 attempt 0: non-dict response None
00:27:35|WARNING|jd1ccaaf690 attempt 0: non-dict response None
00:27:35|WARNING|jd1d5c44c04 attempt 0: non-dict response None
00:27:35|WARNING|jd27bc03276 attempt 0: non-dict response None
00:27:35|WARNING|jd2c3bfd7f7 attempt 0: non-dict response None
00:27:35|WARNING|jd28921ed88 attempt 0: non-dict response None
00:27:35|WARNING|jd2bd0a3239 attempt 0: non-dict response None
00:27:35|WARNING|jd2cd4941df attempt 0: non-dict response None
00:27:35|WARNING|jd304b3d0b3 attempt 0: non-dict response None
00:27:35|WARNING|jd2fbb04ad6 attempt 0: non-dict response None
00:27:35|WARNING|jd2e2d80474 attempt 0: non-dict response None
00:27:36|WARNING|jd30e77c615 attempt 0: non-dict response None
00:27:36|WARNING|jd329a76eba attempt 0: non-dict response None
00:27:36|WARNING|jd332629dbd attempt 0: non-dict response None
00:27:36|WARNING|jd31a867e1f attempt 0: non-dict response None
00:27:36|WARNING|jd354dcb06b attempt 0: non-dict response None
00:27:36|WARNING|jd37d469729 attempt 0: non-dict response None
00:27:36|WARNING|jd3d8ca9417 attempt 0: non-dict response None
00:27:36|WARNING|jd3d0c589fd attempt 0: non-dict response None
00:27:36|WARNING|jd42d17ffc0 attempt 0: non-dict response None
00:27:36|WARNING|jd42d7ad212 attempt 0: non-dict response None
00:27:36|WARNING|jd46b3a6f3b attempt 0: non-dict response None
00:27:36|WARNING|jd4ee039ed8 attempt 0: non-dict response None
00:27:36|WARNING|jd4d216ccc9 attempt 0: non-dict response None
00:27:36|WARNING|jd4fd55f190 attempt 0: non-dict response None
00:27:36|WARNING|jd501d3701e attempt 0: non-dict response None
00:27:36|WARNING|jd507dca2f2 attempt 0: non-dict response None
00:27:36|WARNING|jd509fe4996 attempt 0: non-dict response None
00:27:36|WARNING|jd51a940946 attempt 0: non-dict response None
00:27:36|WARNING|jd51adf2c12 attempt 0: non-dict response None
00:27:36|WARNING|jd530c21a87 attempt 0: non-dict response None
00:27:36|WARNING|jd58c2ec52a attempt 0: non-dict response None
00:27:36|WARNING|jd536237abc attempt 0: non-dict response None
00:27:36|WARNING|jd598640cb4 attempt 0: non-dict response None
00:27:36|WARNING|jd5e8013f20 attempt 0: non-dict response None
00:27:36|WARNING|jd5d971fa57 attempt 0: non-dict response None
00:27:36|WARNING|jd5c6d62464 attempt 0: non-dict response None
00:27:36|WARNING|jd60477519b attempt 0: non-dict response None
00:27:36|WARNING|jd6077c6af6 attempt 0: non-dict response None
00:27:36|WARNING|jd63a54dcc4 attempt 0: non-dict response None
00:27:36|WARNING|jd606f22066 attempt 0: non-dict response None
00:27:36|WARNING|jd6907b4a1f attempt 0: non-dict response None
00:27:36|WARNING|jd6be704693 attempt 0: non-dict response None
00:27:36|WARNING|jd70bf24954 attempt 0: non-dict response None
00:27:36|WARNING|jd71135c9d7 attempt 0: non-dict response None
00:27:36|WARNING|jd7339fa09c attempt 0: non-dict response None
00:27:36|WARNING|jd741508e6f attempt 0: non-dict response None
00:27:36|WARNING|jd78890ab5a attempt 0: non-dict response None
00:27:36|WARNING|jd7587469d1 attempt 0: non-dict response None
00:27:36|WARNING|jd75452f229 attempt 0: non-dict response None
00:27:36|WARNING|jd7b5a01b8b attempt 0: non-dict response None
00:27:36|WARNING|jd7f355b663 attempt 0: non-dict response None
00:27:36|WARNING|jd7d544d5c3 attempt 0: non-dict response None
00:27:36|WARNING|jd7ec0a78af attempt 0: non-dict response None
00:27:36|WARNING|jd80cb76045 attempt 0: non-dict response None
00:27:36|WARNING|jd83913c3f3 attempt 0: non-dict response None
00:27:36|WARNING|jd87823e327 attempt 0: non-dict response None
00:27:36|WARNING|jd80d10cf60 attempt 0: non-dict response None
00:27:36|WARNING|jd88bb483cd attempt 0: non-dict response None
00:27:36|WARNING|jd8e17f6376 attempt 0: non-dict response None
00:27:36|WARNING|jd913492e00 attempt 0: non-dict response None
00:27:36|WARNING|jd8898eb32a attempt 0: non-dict response None
00:27:36|WARNING|jd92a75a5c4 attempt 0: non-dict response None
00:27:36|WARNING|jd930dddbb4 attempt 0: non-dict response None
00:27:36|WARNING|jd993857de9 attempt 0: non-dict response None
00:27:36|WARNING|jd943238223 attempt 0: non-dict response None
00:27:36|WARNING|jd9b4b0990d attempt 0: non-dict response None
00:27:36|WARNING|jd9f4c97dfa attempt 0: non-dict response None
00:27:36|WARNING|jda022b853a attempt 0: non-dict response None
00:27:36|WARNING|jd9be7532bf attempt 0: non-dict response None
00:27:36|WARNING|jda1021a5b5 attempt 0: non-dict response None
00:27:36|WARNING|jda3abe1261 attempt 0: non-dict response None
00:27:36|WARNING|jda35c86cd2 attempt 0: non-dict response None
00:27:36|WARNING|jda1e25f968 attempt 0: non-dict response None
00:27:36|WARNING|jda3e39214f attempt 0: non-dict response None
00:27:36|WARNING|jda62302c0f attempt 0: non-dict response None
00:27:36|WARNING|jda5624b07b attempt 0: non-dict response None
00:27:36|WARNING|jda5090d326 attempt 0: non-dict response None
00:27:36|WARNING|jda95dc1a7f attempt 0: non-dict response None
00:27:36|WARNING|jda98904fd2 attempt 0: non-dict response None
00:27:36|WARNING|jdab9b3dc00 attempt 0: non-dict response None
00:27:36|WARNING|jdaa647a60d attempt 0: non-dict response None
00:27:36|WARNING|jdabae2ccb1 attempt 0: non-dict response None
00:27:36|WARNING|jdabd844d23 attempt 0: non-dict response None
00:27:36|WARNING|jdacd15cecd attempt 0: non-dict response None
00:27:36|WARNING|jdaff0493f3 attempt 0: non-dict response None
00:27:36|WARNING|jdaeb89e41f attempt 0: non-dict response None
00:27:37|WARNING|jdb2c59a3ee attempt 0: non-dict response None
00:27:37|WARNING|jdb45f3af02 attempt 0: non-dict response None
00:27:37|WARNING|jdb2e33f4a0 attempt 0: non-dict response None
00:27:37|WARNING|jdb6d76cbdb attempt 0: non-dict response None
00:27:37|WARNING|jdb711adda5 attempt 0: non-dict response None
00:27:37|WARNING|jdba6fc45e4 attempt 0: non-dict response None
00:27:37|WARNING|jdbcbb26438 attempt 0: non-dict response None
00:27:37|WARNING|jdba4eb46d5 attempt 0: non-dict response None
00:27:37|WARNING|jdbc231864a attempt 0: non-dict response None
00:27:37|WARNING|jdbe9879e51 attempt 0: non-dict response None
00:27:37|WARNING|jdc32f7265b attempt 0: non-dict response None
00:27:37|WARNING|jdc6b86bdcc attempt 0: non-dict response None
00:27:37|WARNING|jdc60b809c1 attempt 0: non-dict response None
00:27:37|WARNING|jdc72f01edb attempt 0: non-dict response None
00:27:37|WARNING|jdc8d0ca855 attempt 0: non-dict response None
00:27:37|WARNING|jdc916de7b5 attempt 0: non-dict response None
00:27:37|WARNING|jdcacfbb5f5 attempt 0: non-dict response None
00:27:37|WARNING|jdcc3c71ddd attempt 0: non-dict response None
00:27:37|WARNING|jdcc994ea1d attempt 0: non-dict response None
00:27:37|WARNING|jdcffc2e048 attempt 0: non-dict response None
00:27:37|WARNING|jdcfb8404d9 attempt 0: non-dict response None
00:27:37|WARNING|jdd2d7fad86 attempt 0: non-dict response None
00:27:37|WARNING|jdd4a57786b attempt 0: non-dict response None
00:27:37|WARNING|jdd4e8b237f attempt 0: non-dict response None
00:27:37|WARNING|jdd84f09279 attempt 0: non-dict response None
00:27:37|WARNING|jdd996cef75 attempt 0: non-dict response None
00:27:37|WARNING|jdda23c8a66 attempt 0: non-dict response None
00:27:37|WARNING|jddab59f082 attempt 0: non-dict response None
00:27:37|WARNING|jddaf3c5f96 attempt 0: non-dict response None
00:27:37|WARNING|jddbf256cc2 attempt 0: non-dict response None
00:27:37|WARNING|jddde48f62a attempt 0: non-dict response None
00:27:37|WARNING|jdde140a78c attempt 0: non-dict response None
00:27:37|WARNING|jde225ede4c attempt 0: non-dict response None
00:27:37|WARNING|jde2fdbb816 attempt 0: non-dict response None
00:27:37|WARNING|jde55332199 attempt 0: non-dict response None
00:27:37|WARNING|jde7625c31f attempt 0: non-dict response None
00:27:37|WARNING|jde8d2fa72e attempt 0: non-dict response None
00:27:37|WARNING|jde9289b949 attempt 0: non-dict response None
00:27:37|WARNING|jde99a31245 attempt 0: non-dict response None
00:27:37|WARNING|jdeaf5ee66f attempt 0: non-dict response None
00:27:37|WARNING|jdebd9bc43a attempt 0: non-dict response None
00:27:37|WARNING|jdebf70884c attempt 0: non-dict response None
00:27:37|WARNING|jdec77d4868 attempt 0: non-dict response None
00:27:37|WARNING|jded8d11af1 attempt 0: non-dict response None
00:27:37|WARNING|jdef767e578 attempt 0: non-dict response None
00:27:37|WARNING|jdef684c22a attempt 0: non-dict response None
00:27:37|WARNING|jdef8578cb2 attempt 0: non-dict response None
00:27:37|WARNING|jdf12fadddc attempt 0: non-dict response None
00:27:37|WARNING|jdf1280c996 attempt 0: non-dict response None
00:27:37|WARNING|jdf03c3d1c8 attempt 0: non-dict response None
00:27:37|WARNING|jdf1d7ebf25 attempt 0: non-dict response None
00:27:37|WARNING|jdf2232c440 attempt 0: non-dict response None
00:27:37|WARNING|jdf48715e1a attempt 0: non-dict response None
00:27:37|WARNING|jdf2edb8af8 attempt 0: non-dict response None
00:27:37|WARNING|jdf4b16f49a attempt 0: non-dict response None
00:27:37|WARNING|jdf63776ff1 attempt 0: non-dict response None
00:27:37|WARNING|jdf8f58a671 attempt 0: non-dict response None
00:27:37|WARNING|jdf78ca1291 attempt 0: non-dict response None
00:27:37|WARNING|jdfb75fcc46 attempt 0: non-dict response None
00:27:37|WARNING|jdfdbc18414 attempt 0: non-dict response None
00:27:37|WARNING|jdfdca92711 attempt 0: non-dict response None
00:27:37|WARNING|jdff321ee36 attempt 0: non-dict response None
00:27:37|WARNING|jdfe2d7cd3a attempt 0: non-dict response None
00:27:37|WARNING|je07b53dd7a attempt 0: non-dict response None
00:27:37|WARNING|je081b2b1bb attempt 0: non-dict response None
00:27:37|WARNING|je04ed810d0 attempt 0: non-dict response None
00:27:37|WARNING|je0789f7a45 attempt 0: non-dict response None
00:27:37|WARNING|je08667f755 attempt 0: non-dict response None
00:27:37|WARNING|je0a4084a24 attempt 0: non-dict response None
00:27:37|WARNING|je093642d3b attempt 0: non-dict response None
00:27:37|WARNING|je08ecc9b37 attempt 0: non-dict response None
00:27:37|WARNING|je0c1328121 attempt 0: non-dict response None
00:27:37|WARNING|je0c5ffa9a5 attempt 0: non-dict response None
00:27:37|WARNING|je0cdeceaeb attempt 0: non-dict response None
00:27:37|WARNING|je12837fbaa attempt 0: non-dict response None
00:27:38|WARNING|je13926fb5f attempt 0: non-dict response None
00:27:38|WARNING|je151bf7228 attempt 0: non-dict response None
00:27:38|WARNING|je13a61e2b1 attempt 0: non-dict response None
00:27:38|WARNING|je13cd8f760 attempt 0: non-dict response None
00:27:38|WARNING|je15b21783c attempt 0: non-dict response None
00:27:38|WARNING|je17c8d48ff attempt 0: non-dict response None
00:27:38|WARNING|je178ea31e1 attempt 0: non-dict response None
00:27:38|WARNING|je160346fbb attempt 0: non-dict response None
00:27:38|WARNING|je1874b57a8 attempt 0: non-dict response None
00:27:38|WARNING|je1aaad2260 attempt 0: non-dict response None
00:27:38|WARNING|je1c11280b6 attempt 0: non-dict response None
00:27:38|WARNING|je1bc9417dd attempt 0: non-dict response None
00:27:38|WARNING|je1c853fddb attempt 0: non-dict response None
00:27:38|WARNING|je1e2fa2fb8 attempt 0: non-dict response None
00:27:38|WARNING|je1d0271dc9 attempt 0: non-dict response None
00:27:38|WARNING|je1d93bba6a attempt 0: non-dict response None
00:27:38|WARNING|je1f6eced0b attempt 0: non-dict response None
00:27:38|WARNING|je213edfce7 attempt 0: non-dict response None
00:27:38|WARNING|je1faad485e attempt 0: non-dict response None
00:27:38|WARNING|je22cd2718e attempt 0: non-dict response None
00:27:38|WARNING|je255e86353 attempt 0: non-dict response None
00:27:38|WARNING|je28f2e8545 attempt 0: non-dict response None
00:27:38|WARNING|je25985badc attempt 0: non-dict response None
00:27:38|WARNING|je2579e7c1d attempt 0: non-dict response None
00:27:38|WARNING|je29f02ec8e attempt 0: non-dict response None
00:27:38|WARNING|je2a51e0c29 attempt 0: non-dict response None
00:27:38|WARNING|je2a183b813 attempt 0: non-dict response None
00:27:38|WARNING|je2b4f2a093 attempt 0: non-dict response None
00:27:38|WARNING|je2eaa8186d attempt 0: non-dict response None
00:27:38|WARNING|je2f1bb1a18 attempt 0: non-dict response None
00:27:38|WARNING|je30e53ed4c attempt 0: non-dict response None
00:27:38|WARNING|je3111f2a86 attempt 0: non-dict response None
00:27:38|WARNING|je30fd8bf5d attempt 0: non-dict response None
00:27:38|WARNING|je3114eeddd attempt 0: non-dict response None
00:27:38|WARNING|je33d76b7a4 attempt 0: non-dict response None
00:27:38|WARNING|je34994878d attempt 0: non-dict response None
00:27:38|WARNING|je320c0e952 attempt 0: non-dict response None
00:27:38|WARNING|je3550b2249 attempt 0: non-dict response None
00:27:38|WARNING|je36baf10df attempt 0: non-dict response None
00:27:38|WARNING|je37f168286 attempt 0: non-dict response None
00:27:38|WARNING|je3a4585dd8 attempt 0: non-dict response None
00:27:38|WARNING|je3bb75bde7 attempt 0: non-dict response None
00:27:38|WARNING|je3f478f133 attempt 0: non-dict response None
00:27:38|WARNING|je3d3a46517 attempt 0: non-dict response None
00:27:38|WARNING|je3e4bf9e0d attempt 0: non-dict response None
00:27:38|WARNING|je4134ac753 attempt 0: non-dict response None
00:27:38|WARNING|je429af42f0 attempt 0: non-dict response None
00:27:38|WARNING|je489ff8503 attempt 0: non-dict response None
00:27:38|WARNING|je4ad488ec2 attempt 0: non-dict response None
00:27:38|WARNING|je4a5cd3c2a attempt 0: non-dict response None
00:27:38|WARNING|je4b6689987 attempt 0: non-dict response None
00:27:38|WARNING|je512a8e39e attempt 0: non-dict response None
00:27:38|WARNING|je4df6e6971 attempt 0: non-dict response None
00:27:38|WARNING|je4be885844 attempt 0: non-dict response None
00:27:38|WARNING|je51df5883e attempt 0: non-dict response None
00:27:38|WARNING|je5505b3f4d attempt 0: non-dict response None
00:27:38|WARNING|je55369e171 attempt 0: non-dict response None
00:27:38|WARNING|je557d4c50b attempt 0: non-dict response None
00:27:38|WARNING|je56d030512 attempt 0: non-dict response None
00:27:38|WARNING|je5bd5e7df3 attempt 0: non-dict response None
00:27:38|WARNING|je5aae90b28 attempt 0: non-dict response None
00:27:38|WARNING|je584d7c44d attempt 0: non-dict response None
00:27:38|WARNING|je5ce2222ca attempt 0: non-dict response None
00:27:38|WARNING|je620f2e812 attempt 0: non-dict response None
00:27:38|WARNING|je60b07a66e attempt 0: non-dict response None
00:27:38|WARNING|je5ee46b598 attempt 0: non-dict response None
00:27:38|WARNING|je64522a915 attempt 0: non-dict response None
00:27:38|WARNING|je697104b96 attempt 0: non-dict response None
00:27:38|WARNING|je6823fe499 attempt 0: non-dict response None
00:27:38|WARNING|je6782db57c attempt 0: non-dict response None
00:27:38|WARNING|je699895fc3 attempt 0: non-dict response None
00:27:38|WARNING|je6c728fda2 attempt 0: non-dict response None
00:27:38|WARNING|je6b6d0c33f attempt 0: non-dict response None
00:27:38|WARNING|je6b9351de8 attempt 0: non-dict response None
00:27:38|WARNING|je6caa96626 attempt 0: non-dict response None
00:27:38|WARNING|je703597604 attempt 0: non-dict response None
00:27:38|WARNING|je6f2d2711f attempt 0: non-dict response None
00:27:38|WARNING|je731bafd7d attempt 0: non-dict response None
00:27:38|WARNING|je7555dc113 attempt 0: non-dict response None
00:27:38|WARNING|je797294344 attempt 0: non-dict response None
00:27:38|WARNING|je7b2efe8d5 attempt 0: non-dict response None
00:27:38|WARNING|je79a9d0f7c attempt 0: non-dict response None
00:27:38|WARNING|je7b5888a7b attempt 0: non-dict response None
00:27:38|WARNING|je7cf329d4d attempt 0: non-dict response None
00:27:39|WARNING|je7e94fc389 attempt 0: non-dict response None
00:27:39|WARNING|je7e5b9963b attempt 0: non-dict response None
00:27:39|WARNING|je7f10822dc attempt 0: non-dict response None
00:27:39|WARNING|je7f8ee8071 attempt 0: non-dict response None
00:27:39|WARNING|je80e321566 attempt 0: non-dict response None
00:27:39|WARNING|je7fa7a589d attempt 0: non-dict response None
00:27:39|WARNING|je816008d43 attempt 0: non-dict response None
00:27:39|WARNING|je853336015 attempt 0: non-dict response None
00:27:39|WARNING|je8a0d6f1ca attempt 0: non-dict response None
00:27:39|WARNING|je86ddffe8b attempt 0: non-dict response None
00:27:39|WARNING|je8a3688087 attempt 0: non-dict response None
00:27:39|WARNING|je8b57c2eb4 attempt 0: non-dict response None
00:27:39|WARNING|je8b97db224 attempt 0: non-dict response None
00:27:39|WARNING|je8d66df82f attempt 0: non-dict response None
00:27:39|WARNING|je8ceb38ddb attempt 0: non-dict response None
00:27:39|WARNING|je8de76de45 attempt 0: non-dict response None
00:27:39|WARNING|je941b2b6cd attempt 0: non-dict response None
00:27:39|WARNING|je909166d70 attempt 0: non-dict response None
00:27:39|WARNING|je8e7362d7e attempt 0: non-dict response None
00:27:39|WARNING|je9513fe1ec attempt 0: non-dict response None
00:27:39|WARNING|je963538c30 attempt 0: non-dict response None
00:27:39|WARNING|je958837f41 attempt 0: non-dict response None
00:27:39|WARNING|je95ca83730 attempt 0: non-dict response None
00:27:39|WARNING|je96df2799e attempt 0: non-dict response None
00:27:39|WARNING|je97264ca1b attempt 0: non-dict response None
00:27:39|WARNING|je99efc2a55 attempt 0: non-dict response None
00:27:39|WARNING|je9aff003fd attempt 0: non-dict response None
00:27:39|WARNING|je9c5cc94b0 attempt 0: non-dict response None
00:27:39|WARNING|je9e9ca3291 attempt 0: non-dict response None
00:27:39|WARNING|jea263a875d attempt 0: non-dict response None
00:27:39|WARNING|je9f595cc09 attempt 0: non-dict response None
00:27:39|WARNING|jea05d6a50d attempt 0: non-dict response None
00:27:39|WARNING|jea2f859d7d attempt 0: non-dict response None
00:27:39|WARNING|jea49267629 attempt 0: non-dict response None
00:27:39|WARNING|jea556280f3 attempt 0: non-dict response None
00:27:39|WARNING|jea39a278c0 attempt 0: non-dict response None
00:27:39|WARNING|jea7a58e3e5 attempt 0: non-dict response None
00:27:39|WARNING|jead2df734a attempt 0: non-dict response None
00:27:39|WARNING|jeab44e059b attempt 0: non-dict response None
00:27:39|WARNING|jeab434c343 attempt 0: non-dict response None
00:27:39|WARNING|jeae74ca9fe attempt 0: non-dict response None
00:27:39|WARNING|jeaf119d8ae attempt 0: non-dict response None
00:27:39|WARNING|jeb1824f8b7 attempt 0: non-dict response None
00:27:39|WARNING|jeae9f6821b attempt 0: non-dict response None
00:27:39|WARNING|jeb506e6b35 attempt 0: non-dict response None
00:27:39|WARNING|jeb7dfecf49 attempt 0: non-dict response None
00:27:39|WARNING|jeb80e412c3 attempt 0: non-dict response None
00:27:39|WARNING|jeb780034c5 attempt 0: non-dict response None
00:27:39|WARNING|jeba2bf07e1 attempt 0: non-dict response None
00:27:39|WARNING|jebc53716c7 attempt 0: non-dict response None
00:27:39|WARNING|jeba82529fc attempt 0: non-dict response None
00:27:39|WARNING|jeba7d4c99b attempt 0: non-dict response None
00:27:39|WARNING|jebed7c6382 attempt 0: non-dict response None
00:27:39|WARNING|jec19b8762a attempt 0: non-dict response None
00:27:39|WARNING|jebde65ce3b attempt 0: non-dict response None
00:27:39|WARNING|jebc962ae3f attempt 0: non-dict response None
00:27:39|WARNING|jec30616b43 attempt 0: non-dict response None
00:27:39|WARNING|jec849df3f6 attempt 0: non-dict response None
00:27:39|WARNING|jec88453650 attempt 0: non-dict response None
00:27:39|WARNING|jec665d72c8 attempt 0: non-dict response None
00:27:39|WARNING|jec9652cba1 attempt 0: non-dict response None
00:27:39|WARNING|jeca5f1457b attempt 0: non-dict response None
00:27:39|WARNING|jeca9275678 attempt 0: non-dict response None
00:27:39|WARNING|jec9e63bd39 attempt 0: non-dict response None
00:27:39|WARNING|jecb71b20da attempt 0: non-dict response None
00:27:39|WARNING|jed4168276a attempt 0: non-dict response None
00:27:39|WARNING|jed429b0c5b attempt 0: non-dict response None
00:27:39|WARNING|jed133daa74 attempt 0: non-dict response None
00:27:39|WARNING|jed8b98640b attempt 0: non-dict response None
00:27:39|WARNING|jed929a1bad attempt 0: non-dict response None
00:27:39|WARNING|jed4a22b57e attempt 0: non-dict response None
00:27:39|WARNING|jed651e0207 attempt 0: non-dict response None
00:27:39|WARNING|jeda070bc1a attempt 0: non-dict response None
00:27:39|WARNING|jee1d5e8868 attempt 0: non-dict response None
00:27:39|WARNING|jedd93793a6 attempt 0: non-dict response None
00:27:39|WARNING|jed9b768080 attempt 0: non-dict response None
00:27:39|WARNING|jee205ea843 attempt 0: non-dict response None
00:27:39|WARNING|jee4ec910f7 attempt 0: non-dict response None
00:27:40|WARNING|jee71acad44 attempt 0: non-dict response None
00:27:40|WARNING|jee23c3b444 attempt 0: non-dict response None
00:27:40|WARNING|jee77e1ca95 attempt 0: non-dict response None
00:27:40|WARNING|jef3d5b50f7 attempt 0: non-dict response None
00:27:40|WARNING|jeea2ac1c36 attempt 0: non-dict response None
00:27:40|WARNING|jef568bdd59 attempt 0: non-dict response None
00:27:40|WARNING|jef658ba2aa attempt 0: non-dict response None
00:27:40|WARNING|jef7f7b4965 attempt 0: non-dict response None
00:27:40|WARNING|jefc0391492 attempt 0: non-dict response None
00:27:40|WARNING|jefb6a5a964 attempt 0: non-dict response None
00:27:40|WARNING|jf01f9df1c4 attempt 0: non-dict response None
00:27:40|WARNING|jf03011b018 attempt 0: non-dict response None
00:27:40|WARNING|jf06e30fbd1 attempt 0: non-dict response None
00:27:40|WARNING|jf06c43cbcf attempt 0: non-dict response None
00:27:40|WARNING|jf03a34e708 attempt 0: non-dict response None
00:27:40|WARNING|jf07c8c9403 attempt 0: non-dict response None
00:27:40|WARNING|jf07e0b9ef6 attempt 0: non-dict response None
00:27:40|WARNING|jf08f1643ea attempt 0: non-dict response None
00:27:40|WARNING|jf07cdc838a attempt 0: non-dict response None
00:27:40|WARNING|jf0c1c50054 attempt 0: non-dict response None
00:27:40|WARNING|jf0d1cb18aa attempt 0: non-dict response None
00:27:40|WARNING|jf1217407a4 attempt 0: non-dict response None
00:27:40|WARNING|jf0e45b9cf8 attempt 0: non-dict response None
00:27:40|WARNING|jf121ac6252 attempt 0: non-dict response None
00:27:40|WARNING|jf12c441faf attempt 0: non-dict response None
00:27:40|WARNING|jf12a19c5b9 attempt 0: non-dict response None
00:27:40|WARNING|jf129f2cc09 attempt 0: non-dict response None
00:27:40|WARNING|jf13441a7d7 attempt 0: non-dict response None
00:27:40|WARNING|jf138f5709a attempt 0: non-dict response None
00:27:40|WARNING|jf1403749d6 attempt 0: non-dict response None
00:27:40|WARNING|jf13bad3fb5 attempt 0: non-dict response None
00:27:40|WARNING|jf1818204c1 attempt 0: non-dict response None
00:27:40|WARNING|jf182684bff attempt 0: non-dict response None
00:27:40|WARNING|jf1a9642ebc attempt 0: non-dict response None
00:27:40|WARNING|jf1821e96d9 attempt 0: non-dict response None
00:27:40|WARNING|jf1c3b8bf94 attempt 0: non-dict response None
00:27:40|WARNING|jf1deea44b6 attempt 0: non-dict response None
00:27:40|WARNING|jf2079e356e attempt 0: non-dict response None
00:27:40|WARNING|jf224d4836d attempt 0: non-dict response None
00:27:40|WARNING|jf226818b47 attempt 0: non-dict response None
00:27:40|WARNING|jf22c1e1894 attempt 0: non-dict response None
00:27:40|WARNING|jf2a1b7df69 attempt 0: non-dict response None
00:27:40|WARNING|jf26d904e7c attempt 0: non-dict response None
00:27:40|WARNING|jf28096bdcd attempt 0: non-dict response None
00:27:40|WARNING|jf2b0cb90e9 attempt 0: non-dict response None
00:27:40|WARNING|jf2b9aaa7b0 attempt 0: non-dict response None
00:27:40|WARNING|jf2c707234e attempt 0: non-dict response None
00:27:40|WARNING|jf2b1ab13e7 attempt 0: non-dict response None
00:27:40|WARNING|jf2cb7a0a55 attempt 0: non-dict response None
00:27:40|WARNING|jf300d6dd92 attempt 0: non-dict response None
00:27:40|WARNING|jf2ec26d12d attempt 0: non-dict response None
00:27:40|WARNING|jf2eb7207a0 attempt 0: non-dict response None
00:27:40|WARNING|jf314384c6a attempt 0: non-dict response None
00:27:40|WARNING|jf3846336b3 attempt 0: non-dict response None
00:27:40|WARNING|jf380548b32 attempt 0: non-dict response None
00:27:40|WARNING|jf319a1d7a1 attempt 0: non-dict response None
00:27:40|WARNING|jf38dee1d71 attempt 0: non-dict response None
00:27:40|WARNING|jf3bbcdcb19 attempt 0: non-dict response None
00:27:40|WARNING|jf3ca097cc3 attempt 0: non-dict response None
00:27:40|WARNING|jf3a3a3ff3b attempt 0: non-dict response None
00:27:40|WARNING|jf3dfca316f attempt 0: non-dict response None
00:27:40|WARNING|jf3e4fea50e attempt 0: non-dict response None
00:27:40|WARNING|jf3f1c21f66 attempt 0: non-dict response None
00:27:40|WARNING|jf3e4cf3db4 attempt 0: non-dict response None
00:27:40|WARNING|jf3f2a18445 attempt 0: non-dict response None
00:27:40|WARNING|jf42aea41ec attempt 0: non-dict response None
00:27:40|WARNING|jf4041352f3 attempt 0: non-dict response None
00:27:40|WARNING|jf3f4f45186 attempt 0: non-dict response None
00:27:40|WARNING|jf4522324b3 attempt 0: non-dict response None
00:27:40|WARNING|jf45fe78f39 attempt 0: non-dict response None
00:27:40|WARNING|jf4764de144 attempt 0: non-dict response None
00:27:40|WARNING|jf4648fde22 attempt 0: non-dict response None
00:27:40|WARNING|jf4a4a6b063 attempt 0: non-dict response None
00:27:40|WARNING|jf4d522c35b attempt 0: non-dict response None
00:27:40|WARNING|jf4bed719e3 attempt 0: non-dict response None
00:27:40|WARNING|jf4d355660d attempt 0: non-dict response None
00:27:40|WARNING|jf4e98ec273 attempt 0: non-dict response None
00:27:40|WARNING|jf502581dd7 attempt 0: non-dict response None
00:27:40|WARNING|jf4f1b5cfa6 attempt 0: non-dict response None
00:27:40|WARNING|jf4f8f6d43b attempt 0: non-dict response None
00:27:40|WARNING|jf515c84001 attempt 0: non-dict response None
00:27:41|WARNING|jf51c477c47 attempt 0: non-dict response None
00:27:41|WARNING|jf541f359d3 attempt 0: non-dict response None
00:27:41|WARNING|jf541b06163 attempt 0: non-dict response None
00:27:41|WARNING|jf559cd54e7 attempt 0: non-dict response None
00:27:41|WARNING|jf570fb4cb3 attempt 0: non-dict response None
00:27:41|WARNING|jf589f2ae1f attempt 0: non-dict response None
00:27:41|WARNING|jf5762668d2 attempt 0: non-dict response None
00:27:41|WARNING|jf57283fc5f attempt 0: non-dict response None
00:27:41|WARNING|jf59eb6d911 attempt 0: non-dict response None
00:27:41|WARNING|jf610b2fe4e attempt 0: non-dict response None
00:27:41|WARNING|jf61614c40a attempt 0: non-dict response None
00:27:41|WARNING|jf61174aba4 attempt 0: non-dict response None
00:27:41|WARNING|jf61f20ea64 attempt 0: non-dict response None
00:27:41|WARNING|jf63481f72c attempt 0: non-dict response None
00:27:41|WARNING|jf63ef66b68 attempt 0: non-dict response None
00:27:41|WARNING|jf64a4cdf75 attempt 0: non-dict response None
00:27:41|WARNING|jf652cb2561 attempt 0: non-dict response None
00:27:41|WARNING|jf67db34ac8 attempt 0: non-dict response None
00:27:41|WARNING|jf695735db7 attempt 0: non-dict response None
00:27:41|WARNING|jf6595a2887 attempt 0: non-dict response None
00:27:41|WARNING|jf695bcebc1 attempt 0: non-dict response None
00:27:41|WARNING|jf6a438ed09 attempt 0: non-dict response None
00:27:41|WARNING|jf6b448d106 attempt 0: non-dict response None
00:27:41|WARNING|jf6a136a30e attempt 0: non-dict response None
00:27:41|WARNING|jf6c62cf6cb attempt 0: non-dict response None
00:27:41|WARNING|jf6e0eb0ac8 attempt 0: non-dict response None
00:27:41|WARNING|jf6d72e1d89 attempt 0: non-dict response None
00:27:41|WARNING|jf6db596857 attempt 0: non-dict response None
00:27:41|WARNING|jf6e8e0379b attempt 0: non-dict response None
00:27:41|WARNING|jf6f21743e0 attempt 0: non-dict response None
00:27:41|WARNING|jf7375eef53 attempt 0: non-dict response None
00:27:41|WARNING|jf7247aa36b attempt 0: non-dict response None
00:27:41|WARNING|jf760a7d9e3 attempt 0: non-dict response None
00:27:41|WARNING|jf7a4cf4f03 attempt 0: non-dict response None
00:27:41|WARNING|jf798fad331 attempt 0: non-dict response None
00:27:41|WARNING|jf7acf4e4ae attempt 0: non-dict response None
00:27:41|WARNING|jf7a007bfd8 attempt 0: non-dict response None
00:27:41|WARNING|jf7b9b90339 attempt 0: non-dict response None
00:27:41|WARNING|jf811009b3f attempt 0: non-dict response None
00:27:41|WARNING|jf818f79845 attempt 0: non-dict response None
00:27:41|WARNING|jf7d3105591 attempt 0: non-dict response None
00:27:41|WARNING|jf83d1be0c6 attempt 0: non-dict response None
00:27:41|WARNING|jf874d4d634 attempt 0: non-dict response None
00:27:41|WARNING|jf85b7828fd attempt 0: non-dict response None
00:27:41|WARNING|jf88eaaaed3 attempt 0: non-dict response None
00:27:41|WARNING|jf8977c4558 attempt 0: non-dict response None
00:27:41|WARNING|jf8abf3b85e attempt 0: non-dict response None
00:27:41|WARNING|jf8b1234596 attempt 0: non-dict response None
00:27:41|WARNING|jf89c351259 attempt 0: non-dict response None
00:27:41|WARNING|jf8baf3f78c attempt 0: non-dict response None
00:27:41|WARNING|jf92f2ca2fa attempt 0: non-dict response None
00:27:41|WARNING|jf9128611d0 attempt 0: non-dict response None
00:27:41|WARNING|jf9473018fc attempt 0: non-dict response None
00:27:41|WARNING|jf94e3e7e3b attempt 0: non-dict response None
00:27:41|WARNING|jf95d9d0e29 attempt 0: non-dict response None
00:27:41|WARNING|jf961139761 attempt 0: non-dict response None
00:27:41|WARNING|jf983c498cb attempt 0: non-dict response None
00:27:41|WARNING|jf98ec05c64 attempt 0: non-dict response None
00:27:41|WARNING|jf9b5490497 attempt 0: non-dict response None
00:27:41|WARNING|jf9a088f163 attempt 0: non-dict response None
00:27:41|WARNING|jf9d824f316 attempt 0: non-dict response None
00:27:41|WARNING|jf9dab69b50 attempt 0: non-dict response None
00:27:41|WARNING|jfa2bc20bb5 attempt 0: non-dict response None
00:27:41|WARNING|jfa5558bb86 attempt 0: non-dict response None
00:27:41|WARNING|jfa69f49488 attempt 0: non-dict response None
00:27:41|WARNING|jfa739b88d7 attempt 0: non-dict response None
00:27:41|WARNING|jfa92005fce attempt 0: non-dict response None
00:27:41|WARNING|jfa7bfc337a attempt 0: non-dict response None
00:27:41|WARNING|jfab291da9b attempt 0: non-dict response None
00:27:41|WARNING|jfab3b1dc4b attempt 0: non-dict response None
00:27:41|WARNING|jfb06577e8b attempt 0: non-dict response None
00:27:41|WARNING|jfb1b6fa229 attempt 0: non-dict response None
00:27:41|WARNING|jfb4ca5da2d attempt 0: non-dict response None
00:27:41|WARNING|jfb58f50aa7 attempt 0: non-dict response None
00:27:41|WARNING|jfb66a3f430 attempt 0: non-dict response None
00:27:41|WARNING|jfbc0694224 attempt 0: non-dict response None
00:27:41|WARNING|jfbae31c81a attempt 0: non-dict response None
00:27:41|WARNING|jfba60018ec attempt 0: non-dict response None
00:27:42|WARNING|jfc2333d353 attempt 0: non-dict response None
00:27:42|WARNING|jfc85ee43ed attempt 0: non-dict response None
00:27:42|WARNING|jfc4fb59326 attempt 0: non-dict response None
00:27:42|WARNING|jfc99a2f25a attempt 0: non-dict response None
00:27:42|WARNING|jfcb021e911 attempt 0: non-dict response None
00:27:42|WARNING|jfcd1120c1b attempt 0: non-dict response None
00:27:42|WARNING|jfcb619124f attempt 0: non-dict response None
00:27:42|WARNING|jfcc428d525 attempt 0: non-dict response None
00:27:42|WARNING|jfcdb70c401 attempt 0: non-dict response None
00:27:42|WARNING|jfcf6eb16fd attempt 0: non-dict response None
00:27:42|WARNING|jfd02794b12 attempt 0: non-dict response None
00:27:42|WARNING|jfce132ddef attempt 0: non-dict response None
00:27:42|WARNING|jfd04523852 attempt 0: non-dict response None
00:27:42|WARNING|jfd2d7681e1 attempt 0: non-dict response None
00:27:42|WARNING|jfd1dc8ab60 attempt 0: non-dict response None
00:27:42|WARNING|jfd36aef5ec attempt 0: non-dict response None
00:27:42|WARNING|jfd4af3aa71 attempt 0: non-dict response None
00:27:42|WARNING|jfd4dbf6db2 attempt 0: non-dict response None
00:27:42|WARNING|jfd9c8ed870 attempt 0: non-dict response None
00:27:42|WARNING|jfd9d24034e attempt 0: non-dict response None
00:27:42|WARNING|jfda28790da attempt 0: non-dict response None
00:27:42|WARNING|jfdb9b15d9c attempt 0: non-dict response None
00:27:42|WARNING|jfdfee8a96f attempt 0: non-dict response None
00:27:42|WARNING|jfe390b8c2c attempt 0: non-dict response None
00:27:42|WARNING|jfe188a4ca8 attempt 0: non-dict response None
00:27:42|WARNING|jfe4d36bb01 attempt 0: non-dict response None
00:27:42|WARNING|jfe80575ee7 attempt 0: non-dict response None
00:27:42|WARNING|jfe79e58066 attempt 0: non-dict response None
00:27:42|WARNING|jfe7994db8f attempt 0: non-dict response None
00:27:42|WARNING|jfe85aab6c1 attempt 0: non-dict response None
00:27:42|WARNING|jfe98879157 attempt 0: non-dict response None
00:27:42|WARNING|jfe991f8b78 attempt 0: non-dict response None
00:27:42|WARNING|jfe958f92ee attempt 0: non-dict response None
00:27:42|WARNING|jfea067ff41 attempt 0: non-dict response None
00:27:42|WARNING|jfeeec601f6 attempt 0: non-dict response None
00:27:42|WARNING|jfed286a9f7 attempt 0: non-dict response None
00:27:42|WARNING|jfec422beb9 attempt 0: non-dict response None
00:27:42|WARNING|jfef0f8b5cf attempt 0: non-dict response None
00:27:42|WARNING|jff2a0a0b5b attempt 0: non-dict response None
00:27:42|WARNING|jfefbed3b84 attempt 0: non-dict response None
00:27:42|WARNING|jff7f23279d attempt 0: non-dict response None
00:27:42|WARNING|jff92fa0b7b attempt 0: non-dict response None
00:27:42|WARNING|jffd1f55059 attempt 0: non-dict response None
00:27:42|WARNING|jffe2ef34b7 attempt 0: non-dict response None
00:27:42|WARNING|jffa55bc379 attempt 0: non-dict response None
00:27:42|WARNING|jffe74155ae attempt 0: non-dict response None
00:27:42|WARNING|jffe9f17006 attempt 0: non-dict response None
00:27:42|WARNING|j011afe0bc0 attempt 1: non-dict response None
00:27:42|WARNING|j072b1bd7b9 attempt 1: non-dict response None
00:27:42|WARNING|j05182dfd7a attempt 1: non-dict response None
00:27:42|WARNING|j0145837aa7 attempt 1: non-dict response None
00:27:42|WARNING|j07be90dc69 attempt 1: non-dict response None
00:27:42|WARNING|j088772867b attempt 1: non-dict response None
00:27:42|WARNING|j08c49de412 attempt 1: non-dict response None
00:27:42|WARNING|j0c2cdf9baf attempt 1: non-dict response None
00:27:42|WARNING|j0cb65ff1e6 attempt 1: non-dict response None
00:27:42|WARNING|j0c8386c6b0 attempt 1: non-dict response None
00:27:42|WARNING|j09d8aa2d8d attempt 1: non-dict response None
00:27:42|WARNING|j0d08716242 attempt 1: non-dict response None
00:27:42|WARNING|j0e945151e6 attempt 1: non-dict response None
00:27:42|WARNING|j0d7143489f attempt 1: non-dict response None
00:27:42|WARNING|j0f614f00e2 attempt 1: non-dict response None
00:27:42|WARNING|j112fd2de3b attempt 1: non-dict response None
00:27:42|WARNING|j14a7c9ee7b attempt 1: non-dict response None
00:27:42|WARNING|j1655fd3a28 attempt 1: non-dict response None
00:27:42|WARNING|j117d2e0b10 attempt 1: non-dict response None
00:27:42|WARNING|j11bd6b4dc0 attempt 1: non-dict response None
00:27:42|WARNING|j17b6fbffc3 attempt 1: non-dict response None
00:27:42|WARNING|j188b6e0d2c attempt 1: non-dict response None
00:27:42|WARNING|j17b35e8e34 attempt 1: non-dict response None
00:27:42|WARNING|j16ed2cda77 attempt 1: non-dict response None
00:27:42|WARNING|j18a7046178 attempt 1: non-dict response None
00:27:42|WARNING|j19789dc48e attempt 1: non-dict response None
00:27:42|WARNING|j198f8f5b5f attempt 1: non-dict response None
00:27:42|WARNING|j18ec168706 attempt 1: non-dict response None
00:27:42|WARNING|j1eab4bdadf attempt 1: non-dict response None
00:27:42|WARNING|j1d90b4e271 attempt 1: non-dict response None
00:27:42|WARNING|j1a19be0319 attempt 1: non-dict response None
00:27:42|WARNING|j1c2a1b76e9 attempt 1: non-dict response None
00:27:42|WARNING|j20ac963b4c attempt 1: non-dict response None
00:27:42|WARNING|j1eafde9906 attempt 1: non-dict response None
00:27:42|WARNING|j1f9c93a3da attempt 1: non-dict response None
00:27:42|WARNING|j1fe4c081bd attempt 1: non-dict response None
00:27:43|WARNING|j26aef618dc attempt 1: non-dict response None
00:27:43|WARNING|j27c2bb9546 attempt 1: non-dict response None
00:27:43|WARNING|j245b99df90 attempt 1: non-dict response None
00:27:43|WARNING|j24db256bb8 attempt 1: non-dict response None
00:27:43|WARNING|j29b9d2849e attempt 1: non-dict response None
00:27:43|WARNING|j28245ddaf6 attempt 1: non-dict response None
00:27:43|WARNING|j2b102d33b8 attempt 1: non-dict response None
00:27:43|WARNING|j2978d1d53b attempt 1: non-dict response None
00:27:43|WARNING|j2bec59fc98 attempt 1: non-dict response None
00:27:43|WARNING|j2d6d71c3bb attempt 1: non-dict response None
00:27:43|WARNING|j323b6d78cd attempt 1: non-dict response None
00:27:43|WARNING|j31ea5b7afa attempt 1: non-dict response None
00:27:43|WARNING|j30c50b2733 attempt 1: non-dict response None
00:27:43|WARNING|j3581a7450e attempt 1: non-dict response None
00:27:43|WARNING|j342c016293 attempt 1: non-dict response None
00:27:43|WARNING|j354855b72b attempt 1: non-dict response None
00:27:43|WARNING|j351dca90d1 attempt 1: non-dict response None
00:27:43|WARNING|j395d80ac22 attempt 1: non-dict response None
00:27:43|WARNING|j36698a31ee attempt 1: non-dict response None
00:27:43|WARNING|j392569c158 attempt 1: non-dict response None
00:27:43|WARNING|j36bf34388e attempt 1: non-dict response None
00:27:43|WARNING|j3b6736f64b attempt 1: non-dict response None
00:27:43|WARNING|j3a3222bf6f attempt 1: non-dict response None
00:27:43|WARNING|j3970dc4e5d attempt 1: non-dict response None
00:27:43|WARNING|j39d99a0f1c attempt 1: non-dict response None
00:27:43|WARNING|j3e3e9e38c5 attempt 1: non-dict response None
00:27:43|WARNING|j3ccf621bd3 attempt 1: non-dict response None
00:27:43|WARNING|j3c32049c7a attempt 1: non-dict response None
00:27:43|WARNING|j3e4f6c81ea attempt 1: non-dict response None
00:27:43|WARNING|j3f5e898078 attempt 1: non-dict response None
00:27:43|WARNING|j3f3dd7efe8 attempt 1: non-dict response None
00:27:43|WARNING|j40a0c93722 attempt 1: non-dict response None
00:27:43|WARNING|j40597ddda9 attempt 1: non-dict response None
00:27:43|WARNING|j4184b681b5 attempt 1: non-dict response None
00:27:43|WARNING|j4144a97c61 attempt 1: non-dict response None
00:27:43|WARNING|j41ba53d5f1 attempt 1: non-dict response None
00:27:43|WARNING|j4155c2a21d attempt 1: non-dict response None
00:27:43|WARNING|j42dc608be7 attempt 1: non-dict response None
00:27:43|WARNING|j4337a2ba69 attempt 1: non-dict response None
00:27:43|WARNING|j4202192efa attempt 1: non-dict response None
00:27:43|WARNING|j42269f290f attempt 1: non-dict response None
00:27:43|WARNING|j436ab5b263 attempt 1: non-dict response None
00:27:43|WARNING|j437717c6b6 attempt 1: non-dict response None
00:27:43|WARNING|j4373518057 attempt 1: non-dict response None
00:27:43|WARNING|j438c583f59 attempt 1: non-dict response None
00:27:43|WARNING|j437708bacb attempt 1: non-dict response None
00:27:43|WARNING|j43c3ef8df7 attempt 1: non-dict response None
00:27:43|WARNING|j439784abd2 attempt 1: non-dict response None
00:27:43|WARNING|j441dec275c attempt 1: non-dict response None
00:27:43|WARNING|j43e800dc29 attempt 1: non-dict response None
00:27:43|WARNING|j4510490017 attempt 1: non-dict response None
00:27:43|WARNING|j443cd904a8 attempt 1: non-dict response None
00:27:43|WARNING|j4511bf91d3 attempt 1: non-dict response None
00:27:43|WARNING|j44ffcffe89 attempt 1: non-dict response None
00:27:43|WARNING|j458d1a797e attempt 1: non-dict response None
00:27:43|WARNING|j4583ae9aac attempt 1: non-dict response None
00:27:43|WARNING|j45a8e9de93 attempt 1: non-dict response None
00:27:43|WARNING|j45eda3d7b5 attempt 1: non-dict response None
00:27:43|WARNING|j4715b57a72 attempt 1: non-dict response None
00:27:43|WARNING|j46ab85a3d2 attempt 1: non-dict response None
00:27:43|WARNING|j466efdc92c attempt 1: non-dict response None
00:27:43|WARNING|j47564f35a6 attempt 1: non-dict response None
00:27:43|WARNING|j480d54275e attempt 1: non-dict response None
00:27:43|WARNING|j4825ba50c1 attempt 1: non-dict response None
00:27:43|WARNING|j47ce09546c attempt 1: non-dict response None
00:27:43|WARNING|j47ed378ec6 attempt 1: non-dict response None
00:27:43|WARNING|j48e7157777 attempt 1: non-dict response None
00:27:43|WARNING|j49009f4a69 attempt 1: non-dict response None
00:27:43|WARNING|j4836b7bb67 attempt 1: non-dict response None
00:27:43|WARNING|j4950054da5 attempt 1: non-dict response None
00:27:43|WARNING|j4998463699 attempt 1: non-dict response None
00:27:43|WARNING|j49efa86459 attempt 1: non-dict response None
00:27:43|WARNING|j499833aeed attempt 1: non-dict response None
00:27:43|WARNING|j49ea44f41a attempt 1: non-dict response None
00:27:43|WARNING|j4bdb774de3 attempt 1: non-dict response None
00:27:43|WARNING|j49f461f9ea attempt 1: non-dict response None
00:27:43|WARNING|j4a04a02049 attempt 1: non-dict response None
00:27:43|WARNING|j4b017d2ba1 attempt 1: non-dict response None
00:27:43|WARNING|j4d66632f0b attempt 1: non-dict response None
00:27:43|WARNING|j4c00bf8e7b attempt 1: non-dict response None
00:27:43|WARNING|j4a4e86688e attempt 1: non-dict response None
00:27:43|WARNING|j4d3bbfc4fb attempt 1: non-dict response None
00:27:44|WARNING|j4d135e74ba attempt 1: non-dict response None
00:27:44|WARNING|j4d6c5be2cb attempt 1: non-dict response None
00:27:44|WARNING|j4df84f8560 attempt 1: non-dict response None
00:27:44|WARNING|j4db3a63fac attempt 1: non-dict response None
00:27:44|WARNING|j4d99eb32c9 attempt 1: non-dict response None
00:27:44|WARNING|j4f623f6417 attempt 1: non-dict response None
00:27:44|WARNING|j4fe386a12a attempt 1: non-dict response None
00:27:44|WARNING|j4f5da6645a attempt 1: non-dict response None
00:27:44|WARNING|j4fa0a36074 attempt 1: non-dict response None
00:27:44|WARNING|j50022d259b attempt 1: non-dict response None
00:27:44|WARNING|j50dc389001 attempt 1: non-dict response None
00:27:44|WARNING|j50eeec14fe attempt 1: non-dict response None
00:27:44|WARNING|j516e79106f attempt 1: non-dict response None
00:27:44|WARNING|j534a0937f5 attempt 1: non-dict response None
00:27:44|WARNING|j53bcb63fe2 attempt 1: non-dict response None
00:27:44|WARNING|j510c095edc attempt 1: non-dict response None
00:27:44|WARNING|j53a54e1022 attempt 1: non-dict response None
00:27:44|WARNING|j55365f3667 attempt 1: non-dict response None
00:27:44|WARNING|j5482427533 attempt 1: non-dict response None
00:27:44|WARNING|j5479ccb6a2 attempt 1: non-dict response None
00:27:44|WARNING|j55012e9c13 attempt 1: non-dict response None
00:27:44|WARNING|j55828e3f58 attempt 1: non-dict response None
00:27:44|WARNING|j557dbc2250 attempt 1: non-dict response None
00:27:44|WARNING|j5536c61340 attempt 1: non-dict response None
00:27:44|WARNING|j5579b71435 attempt 1: non-dict response None
00:27:44|WARNING|j5666ee367c attempt 1: non-dict response None
00:27:44|WARNING|j55a0ae088d attempt 1: non-dict response None
00:27:44|WARNING|j566fa98127 attempt 1: non-dict response None
00:27:44|WARNING|j56807c4af6 attempt 1: non-dict response None
00:27:44|WARNING|j5719408c53 attempt 1: non-dict response None
00:27:44|WARNING|j5755605ccf attempt 1: non-dict response None
00:27:44|WARNING|j56d024b55e attempt 1: non-dict response None
00:27:44|WARNING|j583e570419 attempt 1: non-dict response None
00:27:44|WARNING|j594f227d74 attempt 1: non-dict response None
00:27:44|WARNING|j5895b2fe61 attempt 1: non-dict response None
00:27:44|WARNING|j57439a8aa7 attempt 1: non-dict response None
00:27:44|WARNING|j59962da468 attempt 1: non-dict response None
00:27:44|WARNING|j58aef162e0 attempt 1: non-dict response None
00:27:44|WARNING|j59abe64265 attempt 1: non-dict response None
00:27:44|WARNING|j5a13f3d5ae attempt 1: non-dict response None
00:27:44|WARNING|j5ac8771da9 attempt 1: non-dict response None
00:27:44|WARNING|j5b2969bcc5 attempt 1: non-dict response None
00:27:44|WARNING|j5bf32bb1c7 attempt 1: non-dict response None
00:27:44|WARNING|j5c7798ea29 attempt 1: non-dict response None
00:27:44|WARNING|j5b54168d9a attempt 1: non-dict response None
00:27:44|WARNING|j5ce00ba267 attempt 1: non-dict response None
00:27:44|WARNING|j5cf11c654a attempt 1: non-dict response None
00:27:44|WARNING|j5f75d6fdc5 attempt 1: non-dict response None
00:27:44|WARNING|j5e3d2f9aaa attempt 1: non-dict response None
00:27:44|WARNING|j5e5879ffc9 attempt 1: non-dict response None
00:27:44|WARNING|j6048e52839 attempt 1: non-dict response None
00:27:44|WARNING|j5fb1b002e3 attempt 1: non-dict response None
00:27:44|WARNING|j608bf64a4c attempt 1: non-dict response None
00:27:44|WARNING|j603b25ec24 attempt 1: non-dict response None
00:27:44|WARNING|j60c18910f8 attempt 1: non-dict response None
00:27:44|WARNING|j6176d6d0ca attempt 1: non-dict response None
00:27:44|WARNING|j60fcd7051a attempt 1: non-dict response None
00:27:44|WARNING|j616dbe3f58 attempt 1: non-dict response None
00:27:44|WARNING|j615293a18f attempt 1: non-dict response None
00:27:44|WARNING|j6209bfa490 attempt 1: non-dict response None
00:27:44|WARNING|j61ea449d4c attempt 1: non-dict response None
00:27:44|WARNING|j6253c2bbb8 attempt 1: non-dict response None
00:27:44|WARNING|j61e5c5f7c6 attempt 1: non-dict response None
00:27:44|WARNING|j62d06a8876 attempt 1: non-dict response None
00:27:44|WARNING|j634d7ef7ac attempt 1: non-dict response None
00:27:44|WARNING|j63138e22a7 attempt 1: non-dict response None
00:27:44|WARNING|j62d0d32615 attempt 1: non-dict response None
00:27:44|WARNING|j63ae379551 attempt 1: non-dict response None
00:27:44|WARNING|j63e95652f4 attempt 1: non-dict response None
00:27:44|WARNING|j640b20dfc2 attempt 1: non-dict response None
00:27:44|WARNING|j63b4107a92 attempt 1: non-dict response None
00:27:44|WARNING|j6573a03067 attempt 1: non-dict response None
00:27:44|WARNING|j647c3c1665 attempt 1: non-dict response None
00:27:44|WARNING|j651e8dee30 attempt 1: non-dict response None
00:27:44|WARNING|j648e99e824 attempt 1: non-dict response None
00:27:44|WARNING|j6684603286 attempt 1: non-dict response None
00:27:44|WARNING|j666902baaf attempt 1: non-dict response None
00:27:44|WARNING|j65e7247938 attempt 1: non-dict response None
00:27:44|WARNING|j6621b430ca attempt 1: non-dict response None
00:27:44|WARNING|j6717165d9c attempt 1: non-dict response None
00:27:44|WARNING|j670af16ac6 attempt 1: non-dict response None
00:27:44|WARNING|j66897bce7a attempt 1: non-dict response None
00:27:44|WARNING|j66dcfcfab4 attempt 1: non-dict response None
00:27:45|WARNING|j67a29d2d49 attempt 1: non-dict response None
00:27:45|WARNING|j685ee1eb7a attempt 1: non-dict response None
00:27:45|WARNING|j697ee6f1e9 attempt 1: non-dict response None
00:27:45|WARNING|j697b74988b attempt 1: non-dict response None
00:27:45|WARNING|j6a425216af attempt 1: non-dict response None
00:27:45|WARNING|j6a21cc07c8 attempt 1: non-dict response None
00:27:45|WARNING|j6979fc35b1 attempt 1: non-dict response None
00:27:45|WARNING|j6b37687508 attempt 1: non-dict response None
00:27:45|WARNING|j6a281b784a attempt 1: non-dict response None
00:27:45|WARNING|j6bce95f824 attempt 1: non-dict response None
00:27:45|WARNING|j6b9ae19613 attempt 1: non-dict response None
00:27:45|WARNING|j6bbd5a8bf5 attempt 1: non-dict response None
00:27:45|WARNING|j6c56c33077 attempt 1: non-dict response None
00:27:45|WARNING|j6cf34f2864 attempt 1: non-dict response None
00:27:45|WARNING|j6d63535245 attempt 1: non-dict response None
00:27:45|WARNING|j6e1675d04c attempt 1: non-dict response None
00:27:45|WARNING|j6d04a7bb46 attempt 1: non-dict response None
00:27:45|WARNING|j6f6ccf93fa attempt 1: non-dict response None
00:27:45|WARNING|j6fa0532310 attempt 1: non-dict response None
00:27:45|WARNING|j6e6ae04cda attempt 1: non-dict response None
00:27:45|WARNING|j71fa10ebaa attempt 1: non-dict response None
00:27:45|WARNING|j7062da685b attempt 1: non-dict response None
00:27:45|WARNING|j71fd3a05b9 attempt 1: non-dict response None
00:27:45|WARNING|j6e7f133ba3 attempt 1: non-dict response None
00:27:45|WARNING|j7164afc78e attempt 1: non-dict response None
00:27:45|WARNING|j730e7d20be attempt 1: non-dict response None
00:27:45|WARNING|j721f2a9d5f attempt 1: non-dict response None
00:27:45|WARNING|j7421e01650 attempt 1: non-dict response None
00:27:45|WARNING|j7343f12866 attempt 1: non-dict response None
00:27:45|WARNING|j7768fab44f attempt 1: non-dict response None
00:27:45|WARNING|j746ee00d4d attempt 1: non-dict response None
00:27:45|WARNING|j744cbab420 attempt 1: non-dict response None
00:27:45|WARNING|j74b856afbe attempt 1: non-dict response None
00:27:45|WARNING|j778c3adebf attempt 1: non-dict response None
00:27:45|WARNING|j74dcd64246 attempt 1: non-dict response None
00:27:45|WARNING|j78a497ab3c attempt 1: non-dict response None
00:27:45|WARNING|j7810db8a41 attempt 1: non-dict response None
00:27:45|WARNING|j79407bf070 attempt 1: non-dict response None
00:27:45|WARNING|j7989b17e8a attempt 1: non-dict response None
00:27:45|WARNING|j77da0d5b79 attempt 1: non-dict response None
00:27:45|WARNING|j7a120eb73c attempt 1: non-dict response None
00:27:45|WARNING|j7b008b0354 attempt 1: non-dict response None
00:27:45|WARNING|j78dec51334 attempt 1: non-dict response None
00:27:45|WARNING|j7b58ecaefe attempt 1: non-dict response None
00:27:45|WARNING|j7b00e83344 attempt 1: non-dict response None
00:27:45|WARNING|j7a22dd6ee4 attempt 1: non-dict response None
00:27:45|WARNING|j7be560865b attempt 1: non-dict response None
00:27:45|WARNING|j7be86b07be attempt 1: non-dict response None
00:27:45|WARNING|j7b93f77912 attempt 1: non-dict response None
00:27:45|WARNING|j7bbe26d414 attempt 1: non-dict response None
00:27:45|WARNING|j7c593d53ba attempt 1: non-dict response None
00:27:45|WARNING|j7cc40b3bee attempt 1: non-dict response None
00:27:45|WARNING|j7c17fd1b2b attempt 1: non-dict response None
00:27:45|WARNING|j7d1dd54c87 attempt 1: non-dict response None
00:27:45|WARNING|j7d385fff55 attempt 1: non-dict response None
00:27:45|WARNING|j7cfa4307a9 attempt 1: non-dict response None
00:27:45|WARNING|j7d6d14a58e attempt 1: non-dict response None
00:27:45|WARNING|j7df3c6b134 attempt 1: non-dict response None
00:27:45|WARNING|j7e6f2bc171 attempt 1: non-dict response None
00:27:45|WARNING|j7ed6ea81e7 attempt 1: non-dict response None
00:27:45|WARNING|j7e1e3f6df8 attempt 1: non-dict response None
00:27:45|WARNING|j7f9f56caf9 attempt 1: non-dict response None
00:27:45|WARNING|j810b9e9565 attempt 1: non-dict response None
00:27:45|WARNING|j80df4e22a9 attempt 1: non-dict response None
00:27:45|WARNING|j811cf4dbc6 attempt 1: non-dict response None
00:27:45|WARNING|j82300250bd attempt 1: non-dict response None
00:27:45|WARNING|j82dee9f97b attempt 1: non-dict response None
00:27:45|WARNING|j82b37c085c attempt 1: non-dict response None
00:27:45|WARNING|j827411ce0b attempt 1: non-dict response None
00:27:45|WARNING|j82f74be100 attempt 1: non-dict response None
00:27:45|WARNING|j8313704bc9 attempt 1: non-dict response None
00:27:45|WARNING|j83457186e3 attempt 1: non-dict response None
00:27:45|WARNING|j83083b84fb attempt 1: non-dict response None
00:27:45|WARNING|j82fc286f73 attempt 1: non-dict response None
00:27:45|WARNING|j83792fbbd8 attempt 1: non-dict response None
00:27:45|WARNING|j83675712e1 attempt 1: non-dict response None
00:27:45|WARNING|j83c7e3abbd attempt 1: non-dict response None
00:27:45|WARNING|j8383e35f97 attempt 1: non-dict response None
00:27:45|WARNING|j83e84e56f8 attempt 1: non-dict response None
00:27:45|WARNING|j83e6ad1de7 attempt 1: non-dict response None
00:27:45|WARNING|j83f9d14c74 attempt 1: non-dict response None
00:27:45|WARNING|j83c8eb3a6a attempt 1: non-dict response None
00:27:45|WARNING|j840efb71e6 attempt 1: non-dict response None
00:27:45|WARNING|j8409e74ae0 attempt 1: non-dict response None
00:27:46|WARNING|j84247b0ff1 attempt 1: non-dict response None
00:27:46|WARNING|j8402b4bb23 attempt 1: non-dict response None
00:27:46|WARNING|j843b32b166 attempt 1: non-dict response None
00:27:46|WARNING|j8459a51b62 attempt 1: non-dict response None
00:27:46|WARNING|j84381b2ef8 attempt 1: non-dict response None
00:27:46|WARNING|j84cd17f51c attempt 1: non-dict response None
00:27:46|WARNING|j848f65822a attempt 1: non-dict response None
00:27:46|WARNING|j851648a51a attempt 1: non-dict response None
00:27:46|WARNING|j85174d6e23 attempt 1: non-dict response None
00:27:46|WARNING|j858ff6148d attempt 1: non-dict response None
00:27:46|WARNING|j84ca19f19f attempt 1: non-dict response None
00:27:46|WARNING|j85aaf14060 attempt 1: non-dict response None
00:27:46|WARNING|j85e1e74456 attempt 1: non-dict response None
00:27:46|WARNING|j85e6fc87eb attempt 1: non-dict response None
00:27:46|WARNING|j85e5dda4fa attempt 1: non-dict response None
00:27:46|WARNING|j86360a4758 attempt 1: non-dict response None
00:27:46|WARNING|j86475300d8 attempt 1: non-dict response None
00:27:46|WARNING|j865b149196 attempt 1: non-dict response None
00:27:46|WARNING|j862bb0f6b0 attempt 1: non-dict response None
00:27:46|WARNING|j866cec6fb5 attempt 1: non-dict response None
00:27:46|WARNING|j86a46e33d9 attempt 1: non-dict response None
00:27:46|WARNING|j86a4fa31bf attempt 1: non-dict response None
00:27:46|WARNING|j86636c6737 attempt 1: non-dict response None
00:27:46|WARNING|j86b9f6eb71 attempt 1: non-dict response None
00:27:46|WARNING|j8706e73b5b attempt 1: non-dict response None
00:27:46|WARNING|j86b6b02ca4 attempt 1: non-dict response None
00:27:46|WARNING|j86a9b4459d attempt 1: non-dict response None
00:27:46|WARNING|j8725dfa9ca attempt 1: non-dict response None
00:27:46|WARNING|j8755a280e7 attempt 1: non-dict response None
00:27:46|WARNING|j875be16083 attempt 1: non-dict response None
00:27:46|WARNING|j870b4bdd22 attempt 1: non-dict response None
00:27:46|WARNING|j87680ac02c attempt 1: non-dict response None
00:27:46|WARNING|j876a1ed2f3 attempt 1: non-dict response None
00:27:46|WARNING|j878fa2be4e attempt 1: non-dict response None
00:27:46|WARNING|j878dff44e4 attempt 1: non-dict response None
00:27:46|WARNING|j879cc6b7d7 attempt 1: non-dict response None
00:27:46|WARNING|j88107877d8 attempt 1: non-dict response None
00:27:46|WARNING|j879fca083a attempt 1: non-dict response None
00:27:46|WARNING|j87a74bc006 attempt 1: non-dict response None
00:27:46|WARNING|j8810bc54b0 attempt 1: non-dict response None
00:27:46|WARNING|j881569f64a attempt 1: non-dict response None
00:27:46|WARNING|j883a5f1761 attempt 1: non-dict response None
00:27:46|WARNING|j8810c5f7c7 attempt 1: non-dict response None
00:27:46|WARNING|j8841d2cacf attempt 1: non-dict response None
00:27:46|WARNING|j8841f79e1d attempt 1: non-dict response None
00:27:46|WARNING|j8870ebea85 attempt 1: non-dict response None
00:27:46|WARNING|j889785e114 attempt 1: non-dict response None
00:27:46|WARNING|j888d400193 attempt 1: non-dict response None
00:27:46|WARNING|j889d6f3102 attempt 1: non-dict response None
00:27:46|WARNING|j8900f7b385 attempt 1: non-dict response None
00:27:46|WARNING|j88df2a2350 attempt 1: non-dict response None
00:27:46|WARNING|j88e9186ee2 attempt 1: non-dict response None
00:27:46|WARNING|j892151b678 attempt 1: non-dict response None
00:27:46|WARNING|j8958b2c5a0 attempt 1: non-dict response None
00:27:46|WARNING|j8923bf7171 attempt 1: non-dict response None
00:27:46|WARNING|j896035d25f attempt 1: non-dict response None
00:27:46|WARNING|j89632292ca attempt 1: non-dict response None
00:27:46|WARNING|j8971c82114 attempt 1: non-dict response None
00:27:46|WARNING|j89a9ffccb3 attempt 1: non-dict response None
00:27:46|WARNING|j89fc6bc662 attempt 1: non-dict response None
00:27:46|WARNING|j8a1076271d attempt 1: non-dict response None
00:27:46|WARNING|j8a5f526dc5 attempt 1: non-dict response None
00:27:46|WARNING|j8a35c65446 attempt 1: non-dict response None
00:27:46|WARNING|j8a80d7d92f attempt 1: non-dict response None
00:27:46|WARNING|j8a8c705cc9 attempt 1: non-dict response None
00:27:46|WARNING|j8ac9985b24 attempt 1: non-dict response None
00:27:46|WARNING|j8a9c5809ce attempt 1: non-dict response None
00:27:46|WARNING|j8a97c44444 attempt 1: non-dict response None
00:27:46|WARNING|j8b1daba385 attempt 1: non-dict response None
00:27:46|WARNING|j8b4407fd6a attempt 1: non-dict response None
00:27:46|WARNING|j8b731742f2 attempt 1: non-dict response None
00:27:46|WARNING|j8b4539a07e attempt 1: non-dict response None
00:27:46|WARNING|j8b79497967 attempt 1: non-dict response None
00:27:46|WARNING|j8b930b2dba attempt 1: non-dict response None
00:27:46|WARNING|j8b8d48660d attempt 1: non-dict response None
00:27:46|WARNING|j8b94aa50ac attempt 1: non-dict response None
00:27:46|WARNING|j8b96e5e162 attempt 1: non-dict response None
00:27:46|WARNING|j8ba8733ce7 attempt 1: non-dict response None
00:27:46|WARNING|j8b9e68a524 attempt 1: non-dict response None
00:27:46|WARNING|j8bce6d89f4 attempt 1: non-dict response None
00:27:46|WARNING|j8be1644d3d attempt 1: non-dict response None
00:27:47|WARNING|j8c13b22429 attempt 1: non-dict response None
00:27:47|WARNING|j8c18e38e36 attempt 1: non-dict response None
00:27:47|WARNING|j8c23c26da3 attempt 1: non-dict response None
00:27:47|WARNING|j8c33d08545 attempt 1: non-dict response None
00:27:47|WARNING|j8c34810d6d attempt 1: non-dict response None
00:27:47|WARNING|j8c3818d2f5 attempt 1: non-dict response None
00:27:47|WARNING|j8c5205a23d attempt 1: non-dict response None
00:27:47|WARNING|j8c3da9a616 attempt 1: non-dict response None
00:27:47|WARNING|j8c71301e55 attempt 1: non-dict response None
00:27:47|WARNING|j8c833d7d81 attempt 1: non-dict response None
00:27:47|WARNING|j8c7b51d71e attempt 1: non-dict response None
00:27:47|WARNING|j8ca11c78b8 attempt 1: non-dict response None
00:27:47|WARNING|j8caa60377c attempt 1: non-dict response None
00:27:47|WARNING|j8d3c2374c8 attempt 1: non-dict response None
00:27:47|WARNING|j8cf03c272f attempt 1: non-dict response None
00:27:47|WARNING|j8d526d4665 attempt 1: non-dict response None
00:27:47|WARNING|j8d5a0b20c1 attempt 1: non-dict response None
00:27:47|WARNING|j8d9e1aa9a8 attempt 1: non-dict response None
00:27:47|WARNING|j8cd3c92879 attempt 1: non-dict response None
00:27:47|WARNING|j8da7f5398b attempt 1: non-dict response None
00:27:47|WARNING|j8d702ac1e1 attempt 1: non-dict response None
00:27:47|WARNING|j8db95b7c64 attempt 1: non-dict response None
00:27:47|WARNING|j8dd9e5373c attempt 1: non-dict response None
00:27:47|WARNING|j8dbd6a699e attempt 1: non-dict response None
00:27:47|WARNING|j8de3ea495c attempt 1: non-dict response None
00:27:47|WARNING|j8ddf5cab6e attempt 1: non-dict response None
00:27:47|WARNING|j8e0fbe1c03 attempt 1: non-dict response None
00:27:47|WARNING|j8de72bf644 attempt 1: non-dict response None
00:27:47|WARNING|j8e38396012 attempt 1: non-dict response None
00:27:47|WARNING|j8e25c3d322 attempt 1: non-dict response None
00:27:47|WARNING|j8e40ed63e9 attempt 1: non-dict response None
00:27:47|WARNING|j8e786b6d30 attempt 1: non-dict response None
00:27:47|WARNING|j8e5106a1c6 attempt 1: non-dict response None
00:27:47|WARNING|j8e294afdb9 attempt 1: non-dict response None
00:27:47|WARNING|j8e6fa3864c attempt 1: non-dict response None
00:27:47|WARNING|j8e684f1e3f attempt 1: non-dict response None
00:27:47|WARNING|j8e7a8134d7 attempt 1: non-dict response None
00:27:47|WARNING|j8efbdbb35a attempt 1: non-dict response None
00:27:47|WARNING|j8e8bdaa795 attempt 1: non-dict response None
00:27:47|WARNING|j8ebe79074f attempt 1: non-dict response None
00:27:47|WARNING|j8ff2c163eb attempt 1: non-dict response None
00:27:47|WARNING|j9014863370 attempt 1: non-dict response None
00:27:47|WARNING|j8f21e18896 attempt 1: non-dict response None
00:27:47|WARNING|j90153e99ce attempt 1: non-dict response None
00:27:47|WARNING|j90231b1c48 attempt 1: non-dict response None
00:27:47|WARNING|j903f242953 attempt 1: non-dict response None
00:27:47|WARNING|j903882d040 attempt 1: non-dict response None
00:27:47|WARNING|j903bc91378 attempt 1: non-dict response None
00:27:47|WARNING|j8fae3d86e0 attempt 1: non-dict response None
00:27:47|WARNING|j905f909420 attempt 1: non-dict response None
00:27:47|WARNING|j8f3377f012 attempt 1: non-dict response None
00:27:47|WARNING|j907f38ae70 attempt 1: non-dict response None
00:27:47|WARNING|j90990aa581 attempt 1: non-dict response None
00:27:47|WARNING|j90931c61a2 attempt 1: non-dict response None
00:27:47|WARNING|j908467736d attempt 1: non-dict response None
00:27:47|WARNING|j90f8250546 attempt 1: non-dict response None
00:27:47|WARNING|j91269d504e attempt 1: non-dict response None
00:27:47|WARNING|j910b7412eb attempt 1: non-dict response None
00:27:47|WARNING|j90af0725d0 attempt 1: non-dict response None
00:27:47|WARNING|j912ee29dd1 attempt 1: non-dict response None
00:27:47|WARNING|j91414d52c6 attempt 1: non-dict response None
00:27:47|WARNING|j91389c2d40 attempt 1: non-dict response None
00:27:47|WARNING|j9152b774ce attempt 1: non-dict response None
00:27:47|WARNING|j9157a4ed8a attempt 1: non-dict response None
00:27:47|WARNING|j91c784b39d attempt 1: non-dict response None
00:27:47|WARNING|j91c0efd854 attempt 1: non-dict response None
00:27:47|WARNING|j91a11c3377 attempt 1: non-dict response None
00:27:47|WARNING|j91d5dfb1ec attempt 1: non-dict response None
00:27:47|WARNING|j91e78e822b attempt 1: non-dict response None
00:27:47|WARNING|j91f3e89edf attempt 1: non-dict response None
00:27:47|WARNING|j92076b6c16 attempt 1: non-dict response None
00:27:47|WARNING|j91f79c941b attempt 1: non-dict response None
00:27:47|WARNING|j92130b20a2 attempt 1: non-dict response None
00:27:48|WARNING|j921999c70f attempt 1: non-dict response None
00:27:48|WARNING|j92131badac attempt 1: non-dict response None
00:27:48|WARNING|j925aba0ec2 attempt 1: non-dict response None
00:27:48|WARNING|j9227be47f3 attempt 1: non-dict response None
00:27:48|WARNING|j926f94a503 attempt 1: non-dict response None
00:27:48|WARNING|j92a1d67a71 attempt 1: non-dict response None
00:27:48|WARNING|j929bb637ea attempt 1: non-dict response None
00:27:48|WARNING|j92a036f060 attempt 1: non-dict response None
00:27:48|WARNING|j92d7f4339f attempt 1: non-dict response None
00:27:48|WARNING|j92ee3754cd attempt 1: non-dict response None
00:27:48|WARNING|j92fb0c5b69 attempt 1: non-dict response None
00:27:48|WARNING|j92b573f5b2 attempt 1: non-dict response None
00:27:48|WARNING|j9304d3f03a attempt 1: non-dict response None
00:27:48|WARNING|j9319b7cf05 attempt 1: non-dict response None
00:27:48|WARNING|j93165d54ed attempt 1: non-dict response None
00:27:48|WARNING|j930d08f7d9 attempt 1: non-dict response None
00:27:48|WARNING|j932de946a2 attempt 1: non-dict response None
00:27:48|WARNING|j9340829055 attempt 1: non-dict response None
00:27:48|WARNING|j933a366962 attempt 1: non-dict response None
00:27:48|WARNING|j93317436e4 attempt 1: non-dict response None
00:27:48|WARNING|j937a3c7e53 attempt 1: non-dict response None
00:27:48|WARNING|j937e36f2e8 attempt 1: non-dict response None
00:27:48|WARNING|j941399acec attempt 1: non-dict response None
00:27:48|WARNING|j938a34282e attempt 1: non-dict response None
00:27:48|WARNING|j94346f4374 attempt 1: non-dict response None
00:27:48|WARNING|j9449105645 attempt 1: non-dict response None
00:27:48|WARNING|j94419bfdbe attempt 1: non-dict response None
00:27:48|WARNING|j941ae1a263 attempt 1: non-dict response None
00:27:48|WARNING|j946b3a614a attempt 1: non-dict response None
00:27:48|WARNING|j948c67362b attempt 1: non-dict response None
00:27:48|WARNING|j9489ab8953 attempt 1: non-dict response None
00:27:48|WARNING|j9491d450fc attempt 1: non-dict response None
00:27:48|WARNING|j94783dbdda attempt 1: non-dict response None
00:27:48|WARNING|j94bce70496 attempt 1: non-dict response None
00:27:48|WARNING|j94e401ed1e attempt 1: non-dict response None
00:27:48|WARNING|j94a5cdf499 attempt 1: non-dict response None
00:27:48|WARNING|j94f7130768 attempt 1: non-dict response None
00:27:48|WARNING|j95625a00a1 attempt 1: non-dict response None
00:27:48|WARNING|j955a36080f attempt 1: non-dict response None
00:27:48|WARNING|j951fb10b5f attempt 1: non-dict response None
00:27:48|WARNING|j9557336330 attempt 1: non-dict response None
00:27:48|WARNING|j9583a53ea9 attempt 1: non-dict response None
00:27:48|WARNING|j9588f8841c attempt 1: non-dict response None
00:27:48|WARNING|j959a0bfaca attempt 1: non-dict response None
00:27:48|WARNING|j95760d08a6 attempt 1: non-dict response None
00:27:48|WARNING|j95e4d16db5 attempt 1: non-dict response None
00:27:48|WARNING|j95fbe20dda attempt 1: non-dict response None
00:27:48|WARNING|j9600916a30 attempt 1: non-dict response None
00:27:48|WARNING|j95e9563aab attempt 1: non-dict response None
00:27:48|WARNING|j960ac4b08f attempt 1: non-dict response None
00:27:48|WARNING|j960256d3a0 attempt 1: non-dict response None
00:27:48|WARNING|j96327f4f2f attempt 1: non-dict response None
00:27:48|WARNING|j96192a8b1d attempt 1: non-dict response None
00:27:48|WARNING|j9675a21afe attempt 1: non-dict response None
00:27:48|WARNING|j968b8b6fa5 attempt 1: non-dict response None
00:27:48|WARNING|j96381d01d0 attempt 1: non-dict response None
00:27:48|WARNING|j9654cf0d10 attempt 1: non-dict response None
00:27:48|WARNING|j96c187a6cc attempt 1: non-dict response None
00:27:48|WARNING|j96d45f44b5 attempt 1: non-dict response None
00:27:48|WARNING|j96d452a58e attempt 1: non-dict response None
00:27:48|WARNING|j969dfd167b attempt 1: non-dict response None
00:27:48|WARNING|j96e4b29688 attempt 1: non-dict response None
00:27:48|WARNING|j9734cadb10 attempt 1: non-dict response None
00:27:48|WARNING|j971432d36d attempt 1: non-dict response None
00:27:48|WARNING|j96e83d57b0 attempt 1: non-dict response None
00:27:48|WARNING|j976a934cd4 attempt 1: non-dict response None
00:27:48|WARNING|j97b4e8f189 attempt 1: non-dict response None
00:27:48|WARNING|j97b2bc95a2 attempt 1: non-dict response None
00:27:48|WARNING|j97b8ebf2ee attempt 1: non-dict response None
00:27:48|WARNING|j97cfceac79 attempt 1: non-dict response None
00:27:48|WARNING|j97dbf25338 attempt 1: non-dict response None
00:27:48|WARNING|j97e277a4b4 attempt 1: non-dict response None
00:27:48|WARNING|j97e92de65c attempt 1: non-dict response None
00:27:48|WARNING|j9823baad5c attempt 1: non-dict response None
00:27:48|WARNING|j9896ee34ca attempt 1: non-dict response None
00:27:48|WARNING|j989b2aa274 attempt 1: non-dict response None
00:27:48|WARNING|j983f1f9ca2 attempt 1: non-dict response None
00:27:48|WARNING|j989cce99e6 attempt 1: non-dict response None
00:27:48|WARNING|j98a19e6c60 attempt 1: non-dict response None
00:27:48|WARNING|j98c8eedaad attempt 1: non-dict response None
00:27:48|WARNING|j98c3757da9 attempt 1: non-dict response None
00:27:48|WARNING|j98fd38e1e6 attempt 1: non-dict response None
00:27:49|WARNING|j9944a803e3 attempt 1: non-dict response None
00:27:49|WARNING|j99587f07ca attempt 1: non-dict response None
00:27:49|WARNING|j994344c9f8 attempt 1: non-dict response None
00:27:49|WARNING|j996c64ea63 attempt 1: non-dict response None
00:27:49|WARNING|j9979c9a1fc attempt 1: non-dict response None
00:27:49|WARNING|j99ae428b61 attempt 1: non-dict response None
00:27:49|WARNING|j99b4d55fcb attempt 1: non-dict response None
00:27:49|WARNING|j9986741b1c attempt 1: non-dict response None
00:27:49|WARNING|j9a2e1d447f attempt 1: non-dict response None
00:27:49|WARNING|j9a759f3246 attempt 1: non-dict response None
00:27:49|WARNING|j9a17347037 attempt 1: non-dict response None
00:27:49|WARNING|j9a1f8ffce5 attempt 1: non-dict response None
00:27:49|WARNING|j9ac7439f26 attempt 1: non-dict response None
00:27:49|WARNING|j9adcd8aac0 attempt 1: non-dict response None
00:27:49|WARNING|j9a9e98355b attempt 1: non-dict response None
00:27:49|WARNING|j9aa3bb5591 attempt 1: non-dict response None
00:27:49|WARNING|j9aeddb7de4 attempt 1: non-dict response None
00:27:49|WARNING|j9af13ba64f attempt 1: non-dict response None
00:27:49|WARNING|j9b32bc9751 attempt 1: non-dict response None
00:27:49|WARNING|j9b508baf3e attempt 1: non-dict response None
00:27:49|WARNING|j9b89eac486 attempt 1: non-dict response None
00:27:49|WARNING|j9b840b6e62 attempt 1: non-dict response None
00:27:49|WARNING|j9b3bc12158 attempt 1: non-dict response None
00:27:49|WARNING|j9ba2467846 attempt 1: non-dict response None
00:27:49|WARNING|j9bcf8f7787 attempt 1: non-dict response None
00:27:49|WARNING|j9c70148d9c attempt 1: non-dict response None
00:27:49|WARNING|j9bbb35d83f attempt 1: non-dict response None
00:27:49|WARNING|j9c178fa9d0 attempt 1: non-dict response None
00:27:49|WARNING|j9c748f97ed attempt 1: non-dict response None
00:27:49|WARNING|j9c9c724d82 attempt 1: non-dict response None
00:27:49|WARNING|j9bf71b0b79 attempt 1: non-dict response None
00:27:49|WARNING|j9cbeab61de attempt 1: non-dict response None
00:27:49|WARNING|j9d3c4835b4 attempt 1: non-dict response None
00:27:49|WARNING|j9cc3d6a49a attempt 1: non-dict response None
00:27:49|WARNING|j9cbb471f5c attempt 1: non-dict response None
00:27:49|WARNING|j9ce9a121e0 attempt 1: non-dict response None
00:27:49|WARNING|j9cfc14705d attempt 1: non-dict response None
00:27:49|WARNING|j9d798fd342 attempt 1: non-dict response None
00:27:49|WARNING|j9d68f77f32 attempt 1: non-dict response None
00:27:49|WARNING|j9d6cf25419 attempt 1: non-dict response None
00:27:49|WARNING|j9d73aff3d8 attempt 1: non-dict response None
00:27:49|WARNING|j9db7871346 attempt 1: non-dict response None
00:27:49|WARNING|j9dbd7d82e7 attempt 1: non-dict response None
00:27:49|WARNING|j9d8eac1e44 attempt 1: non-dict response None
00:27:49|WARNING|j9dc0e60a5a attempt 1: non-dict response None
00:27:49|WARNING|j9df7a56863 attempt 1: non-dict response None
00:27:49|WARNING|j9dba46b4e3 attempt 1: non-dict response None
00:27:49|WARNING|j9dfe97446a attempt 1: non-dict response None
00:27:49|WARNING|j9e022e3dd0 attempt 1: non-dict response None
00:27:49|WARNING|j9e47a4a775 attempt 1: non-dict response None
00:27:49|WARNING|j9e2f2df4af attempt 1: non-dict response None
00:27:49|WARNING|j9e42f8459b attempt 1: non-dict response None
00:27:49|WARNING|j9e3432691e attempt 1: non-dict response None
00:27:49|WARNING|j9e4c869cde attempt 1: non-dict response None
00:27:49|WARNING|j9e83d7686e attempt 1: non-dict response None
00:27:49|WARNING|j9e597910e1 attempt 1: non-dict response None
00:27:49|WARNING|j9e5d50aabe attempt 1: non-dict response None
00:27:49|WARNING|j9f01fe4c65 attempt 1: non-dict response None
00:27:49|WARNING|j9e93530927 attempt 1: non-dict response None
00:27:49|WARNING|j9e8a4875f4 attempt 1: non-dict response None
00:27:49|WARNING|j9ee86206b0 attempt 1: non-dict response None
00:27:49|WARNING|j9fa52bdc13 attempt 1: non-dict response None
00:27:49|WARNING|j9fb58279d2 attempt 1: non-dict response None
00:27:49|WARNING|j9f2b150a90 attempt 1: non-dict response None
00:27:49|WARNING|j9f40181c7e attempt 1: non-dict response None
00:27:49|WARNING|j9fc12a9c0d attempt 1: non-dict response None
00:27:49|WARNING|j9fe326137d attempt 1: non-dict response None
00:27:49|WARNING|j9fbacb100d attempt 1: non-dict response None
00:27:49|WARNING|j9fed884559 attempt 1: non-dict response None
00:27:49|WARNING|ja020a40490 attempt 1: non-dict response None
00:27:49|WARNING|ja0592db668 attempt 1: non-dict response None
00:27:49|WARNING|ja03fa78e64 attempt 1: non-dict response None
00:27:49|WARNING|ja029652ab3 attempt 1: non-dict response None
00:27:49|WARNING|ja0608359b4 attempt 1: non-dict response None
00:27:49|WARNING|ja06c63a083 attempt 1: non-dict response None
00:27:49|WARNING|ja0733b87f9 attempt 1: non-dict response None
00:27:49|WARNING|ja086fa56ac attempt 1: non-dict response None
00:27:49|WARNING|ja093fdf681 attempt 1: non-dict response None
00:27:49|WARNING|ja0d5caee4c attempt 1: non-dict response None
00:27:49|WARNING|ja0a33192f5 attempt 1: non-dict response None
00:27:49|WARNING|ja0d5b91dac attempt 1: non-dict response None
00:27:49|WARNING|ja0f1f61ac5 attempt 1: non-dict response None
00:27:50|WARNING|ja11001a771 attempt 1: non-dict response None
00:27:50|WARNING|ja100a59875 attempt 1: non-dict response None
00:27:50|WARNING|ja10a6ca434 attempt 1: non-dict response None
00:27:50|WARNING|ja162eac3a9 attempt 1: non-dict response None
00:27:50|WARNING|ja12ce22dad attempt 1: non-dict response None
00:27:50|WARNING|ja12b3ecaec attempt 1: non-dict response None
00:27:50|WARNING|ja114130471 attempt 1: non-dict response None
00:27:50|WARNING|ja164f3365c attempt 1: non-dict response None
00:27:50|WARNING|ja18ab6d50c attempt 1: non-dict response None
00:27:50|WARNING|ja1f1ce6e48 attempt 1: non-dict response None
00:27:50|WARNING|ja1dedaa6f6 attempt 1: non-dict response None
00:27:50|WARNING|ja1eebbc898 attempt 1: non-dict response None
00:27:50|WARNING|ja2243c4dcc attempt 1: non-dict response None
00:27:50|WARNING|ja22f229015 attempt 1: non-dict response None
00:27:50|WARNING|ja2176d8316 attempt 1: non-dict response None
00:27:50|WARNING|ja23978a6c6 attempt 1: non-dict response None
00:27:50|WARNING|ja2452c5d10 attempt 1: non-dict response None
00:27:50|WARNING|ja248ef55ea attempt 1: non-dict response None
00:27:50|WARNING|ja2768b276b attempt 1: non-dict response None
00:27:50|WARNING|ja25a8f1f61 attempt 1: non-dict response None
00:27:50|WARNING|ja2c0c9a4ae attempt 1: non-dict response None
00:27:50|WARNING|ja296ad4a51 attempt 1: non-dict response None
00:27:50|WARNING|ja284d29834 attempt 1: non-dict response None
00:27:50|WARNING|ja2b8d4a191 attempt 1: non-dict response None
00:27:50|WARNING|ja2c139b9f4 attempt 1: non-dict response None
00:27:50|WARNING|ja2d8d8bad1 attempt 1: non-dict response None
00:27:50|WARNING|ja2da3105bc attempt 1: non-dict response None
00:27:50|WARNING|ja2d0fd7308 attempt 1: non-dict response None
00:27:50|WARNING|ja2e735faa3 attempt 1: non-dict response None
00:27:50|WARNING|ja3243729e5 attempt 1: non-dict response None
00:27:50|WARNING|ja2fb156614 attempt 1: non-dict response None
00:27:50|WARNING|ja31ca1c82e attempt 1: non-dict response None
00:27:50|WARNING|ja329bf96f7 attempt 1: non-dict response None
00:27:50|WARNING|ja3806451fa attempt 1: non-dict response None
00:27:50|WARNING|ja391a46cce attempt 1: non-dict response None
00:27:50|WARNING|ja32a30f696 attempt 1: non-dict response None
00:27:50|WARNING|ja3674e48f8 attempt 1: non-dict response None
00:27:50|WARNING|ja3c482a68f attempt 1: non-dict response None
00:27:50|WARNING|ja3d12d8912 attempt 1: non-dict response None
00:27:50|WARNING|ja39a7e6193 attempt 1: non-dict response None
00:27:50|WARNING|ja3b774e516 attempt 1: non-dict response None
00:27:50|WARNING|ja3f727e305 attempt 1: non-dict response None
00:27:50|WARNING|ja400936b73 attempt 1: non-dict response None
00:27:50|WARNING|ja3dfbd83f8 attempt 1: non-dict response None
00:27:50|WARNING|ja4130edfdb attempt 1: non-dict response None
00:27:50|WARNING|ja4170141e8 attempt 1: non-dict response None
00:27:50|WARNING|ja495040f3d attempt 1: non-dict response None
00:27:50|WARNING|ja48608112b attempt 1: non-dict response None
00:27:50|WARNING|ja47989968b attempt 1: non-dict response None
00:27:50|WARNING|ja4c1fe9820 attempt 1: non-dict response None
00:27:50|WARNING|ja4a43110c3 attempt 1: non-dict response None
00:27:50|WARNING|ja4db2f4f20 attempt 1: non-dict response None
00:27:50|WARNING|ja4c10e11d9 attempt 1: non-dict response None
00:27:50|WARNING|ja5293560d7 attempt 1: non-dict response None
00:27:50|WARNING|ja4e5a682a8 attempt 1: non-dict response None
00:27:50|WARNING|ja506451943 attempt 1: non-dict response None
00:27:50|WARNING|ja50e488d49 attempt 1: non-dict response None
00:27:50|WARNING|ja59553ddad attempt 1: non-dict response None
00:27:50|WARNING|ja563eb6d8c attempt 1: non-dict response None
00:27:50|WARNING|ja529c68ec6 attempt 1: non-dict response None
00:27:50|WARNING|ja589269f78 attempt 1: non-dict response None
00:27:50|WARNING|ja653d850f1 attempt 1: non-dict response None
00:27:50|WARNING|ja644dee11f attempt 1: non-dict response None
00:27:50|WARNING|ja5c84ba9ef attempt 1: non-dict response None
00:27:50|WARNING|ja5d77be615 attempt 1: non-dict response None
00:27:50|WARNING|ja670320554 attempt 1: non-dict response None
00:27:50|WARNING|ja655d215f5 attempt 1: non-dict response None
00:27:50|WARNING|ja6b912734b attempt 1: non-dict response None
00:27:50|WARNING|ja6fba52cdd attempt 1: non-dict response None
00:27:50|WARNING|ja66db41e03 attempt 1: non-dict response None
00:27:50|WARNING|ja7189dcac9 attempt 1: non-dict response None
00:27:50|WARNING|ja6fef91a12 attempt 1: non-dict response None
00:27:50|WARNING|ja7275562e1 attempt 1: non-dict response None
00:27:50|WARNING|ja7333d1ea0 attempt 1: non-dict response None
00:27:50|WARNING|ja742544158 attempt 1: non-dict response None
00:27:50|WARNING|ja730484d24 attempt 1: non-dict response None
00:27:50|WARNING|ja76f0a0a4b attempt 1: non-dict response None
00:27:50|WARNING|ja79d0aa212 attempt 1: non-dict response None
00:27:50|WARNING|ja77f36c1c4 attempt 1: non-dict response None
00:27:50|WARNING|ja76b224319 attempt 1: non-dict response None
00:27:51|WARNING|ja7b4c6e418 attempt 1: non-dict response None
00:27:51|WARNING|ja828d6c05f attempt 1: non-dict response None
00:27:51|WARNING|ja7ea8dfa5e attempt 1: non-dict response None
00:27:51|WARNING|ja7867e8f10 attempt 1: non-dict response None
00:27:51|WARNING|ja870cd325c attempt 1: non-dict response None
00:27:51|WARNING|ja844c10ef9 attempt 1: non-dict response None
00:27:51|WARNING|ja88ec7be37 attempt 1: non-dict response None
00:27:51|WARNING|ja88ae4539b attempt 1: non-dict response None
00:27:51|WARNING|ja8b74ee6e9 attempt 1: non-dict response None
00:27:51|WARNING|ja8bdaa6557 attempt 1: non-dict response None
00:27:51|WARNING|ja8c32ac85e attempt 1: non-dict response None
00:27:51|WARNING|ja8fdad7e96 attempt 1: non-dict response None
00:27:51|WARNING|ja8c51e4790 attempt 1: non-dict response None
00:27:51|WARNING|ja9166927cd attempt 1: non-dict response None
00:27:51|WARNING|ja9242fb691 attempt 1: non-dict response None
00:27:51|WARNING|ja8ce79700c attempt 1: non-dict response None
00:27:51|WARNING|ja951efccd9 attempt 1: non-dict response None
00:27:51|WARNING|ja92deab84b attempt 1: non-dict response None
00:27:51|WARNING|ja97f827d6d attempt 1: non-dict response None
00:27:51|WARNING|ja96756eb8c attempt 1: non-dict response None
00:27:51|WARNING|ja98930c913 attempt 1: non-dict response None
00:27:51|WARNING|ja9a12e851d attempt 1: non-dict response None
00:27:51|WARNING|jaa04063d22 attempt 1: non-dict response None
00:27:51|WARNING|ja9720a67ba attempt 1: non-dict response None
00:27:51|WARNING|ja9bac9f3e1 attempt 1: non-dict response None
00:27:51|WARNING|ja9d9ba5577 attempt 1: non-dict response None
00:27:51|WARNING|jaa3adca486 attempt 1: non-dict response None
00:27:51|WARNING|jaa0dae4a31 attempt 1: non-dict response None
00:27:51|WARNING|jaa1bd5c34e attempt 1: non-dict response None
00:27:51|WARNING|jaa35760413 attempt 1: non-dict response None
00:27:51|WARNING|jaa4af0c157 attempt 1: non-dict response None
00:27:51|WARNING|jaa6250443d attempt 1: non-dict response None
00:27:51|WARNING|jaa72ce783a attempt 1: non-dict response None
00:27:51|WARNING|jaaa430845a attempt 1: non-dict response None
00:27:51|WARNING|jaae7b88a8c attempt 1: non-dict response None
00:27:51|WARNING|jaad83d7872 attempt 1: non-dict response None
00:27:51|WARNING|jaacf0f3d69 attempt 1: non-dict response None
00:27:51|WARNING|jaae1ae2f6d attempt 1: non-dict response None
00:27:51|WARNING|jaafc4d7353 attempt 1: non-dict response None
00:27:51|WARNING|jaadc61cc34 attempt 1: non-dict response None
00:27:51|WARNING|jaaf55d906e attempt 1: non-dict response None
00:27:51|WARNING|jab0695fc61 attempt 1: non-dict response None
00:27:51|WARNING|jab2c5a4eb2 attempt 1: non-dict response None
00:27:51|WARNING|jac40e08201 attempt 1: non-dict response None
00:27:51|WARNING|jaaf5b74987 attempt 1: non-dict response None
00:27:51|WARNING|jaba5250d5e attempt 1: non-dict response None
00:27:51|WARNING|jab85fb9d60 attempt 1: non-dict response None
00:27:51|WARNING|jac78df6689 attempt 1: non-dict response None
00:27:51|WARNING|jac8fafd220 attempt 1: non-dict response None
00:27:51|WARNING|jac7f81ba73 attempt 1: non-dict response None
00:27:51|WARNING|jac8063f67b attempt 1: non-dict response None
00:27:51|WARNING|jacea3316f5 attempt 1: non-dict response None
00:27:51|WARNING|jacadad0f35 attempt 1: non-dict response None
00:27:51|WARNING|jacd2a5d7c6 attempt 1: non-dict response None
00:27:51|WARNING|jacb8d66c93 attempt 1: non-dict response None
00:27:51|WARNING|jacf2572b24 attempt 1: non-dict response None
00:27:51|WARNING|jacf3f6dc1f attempt 1: non-dict response None
00:27:51|WARNING|jacfe0fa767 attempt 1: non-dict response None
00:27:51|WARNING|jad0b5ff1d2 attempt 1: non-dict response None
00:27:51|WARNING|jad7d7d56bc attempt 1: non-dict response None
00:27:51|WARNING|jad86bebeb0 attempt 1: non-dict response None
00:27:51|WARNING|jad42184016 attempt 1: non-dict response None
00:27:51|WARNING|jad8afdd86b attempt 1: non-dict response None
00:27:51|WARNING|jad901265b9 attempt 1: non-dict response None
00:27:51|WARNING|jadc71736e9 attempt 1: non-dict response None
00:27:51|WARNING|jad815b1816 attempt 1: non-dict response None
00:27:51|WARNING|jadcb8e089d attempt 1: non-dict response None
00:27:51|WARNING|jadf33897ee attempt 1: non-dict response None
00:27:51|WARNING|jae22a9b431 attempt 1: non-dict response None
00:27:51|WARNING|jadc774d59c attempt 1: non-dict response None
00:27:51|WARNING|jae267ffaea attempt 1: non-dict response None
00:27:51|WARNING|jae30d0f02a attempt 1: non-dict response None
00:27:51|WARNING|jae2fb87168 attempt 1: non-dict response None
00:27:51|WARNING|jae173d4569 attempt 1: non-dict response None
00:27:51|WARNING|jae31f51ee9 attempt 1: non-dict response None
00:27:51|WARNING|jae373f373f attempt 1: non-dict response None
00:27:51|WARNING|jae693fffc7 attempt 1: non-dict response None
00:27:51|WARNING|jae3b83f52b attempt 1: non-dict response None
00:27:51|WARNING|jae49bafc52 attempt 1: non-dict response None
00:27:51|WARNING|jaeac38709a attempt 1: non-dict response None
00:27:51|WARNING|jae3cfe45f3 attempt 1: non-dict response None
00:27:51|WARNING|jaedeef1ab4 attempt 1: non-dict response None
00:27:52|WARNING|jaf166977b7 attempt 1: non-dict response None
00:27:52|WARNING|jaf280073a5 attempt 1: non-dict response None
00:27:52|WARNING|jaf28da7083 attempt 1: non-dict response None
00:27:52|WARNING|jaed57304c5 attempt 1: non-dict response None
00:27:52|WARNING|jaf81de7f58 attempt 1: non-dict response None
00:27:52|WARNING|jaf43ceb8fc attempt 1: non-dict response None
00:27:52|WARNING|jaf2cfc04fe attempt 1: non-dict response None
00:27:52|WARNING|jaf9d2613fc attempt 1: non-dict response None
00:27:52|WARNING|jafec3bc6ed attempt 1: non-dict response None
00:27:52|WARNING|jaff25e57a9 attempt 1: non-dict response None
00:27:52|WARNING|jafd2e8bded attempt 1: non-dict response None
00:27:52|WARNING|jb01a8ed5a2 attempt 1: non-dict response None
00:27:52|WARNING|jb0308f6394 attempt 1: non-dict response None
00:27:52|WARNING|jb0461ae9ee attempt 1: non-dict response None
00:27:52|WARNING|jb0589c946a attempt 1: non-dict response None
00:27:52|WARNING|jb06e29440e attempt 1: non-dict response None
00:27:52|WARNING|jb072e2e65d attempt 1: non-dict response None
00:27:52|WARNING|jb094913c05 attempt 1: non-dict response None
00:27:52|WARNING|jb0b68b21f1 attempt 1: non-dict response None
00:27:52|WARNING|jb08807c35c attempt 1: non-dict response None
00:27:52|WARNING|jb116b749a1 attempt 1: non-dict response None
00:27:52|WARNING|jb1379d681b attempt 1: non-dict response None
00:27:52|WARNING|jb11d42cd39 attempt 1: non-dict response None
00:27:52|WARNING|jb14269ba81 attempt 1: non-dict response None
00:27:52|WARNING|jb0ba5e124b attempt 1: non-dict response None
00:27:52|WARNING|jb1a5bc6d59 attempt 1: non-dict response None
00:27:52|WARNING|jb1aead73d5 attempt 1: non-dict response None
00:27:52|WARNING|jb1af15c423 attempt 1: non-dict response None
00:27:52|WARNING|jb1536d6092 attempt 1: non-dict response None
00:27:52|WARNING|jb1dbc754dc attempt 1: non-dict response None
00:27:52|WARNING|jb1b70fcfcc attempt 1: non-dict response None
00:27:52|WARNING|jb20cc4c66c attempt 1: non-dict response None
00:27:52|WARNING|jb2089d86f8 attempt 1: non-dict response None
00:27:52|WARNING|jb22f1a0e75 attempt 1: non-dict response None
00:27:52|WARNING|jb263da6669 attempt 1: non-dict response None
00:27:52|WARNING|jb247e3092a attempt 1: non-dict response None
00:27:52|WARNING|jb241ffbd0d attempt 1: non-dict response None
00:27:52|WARNING|jb265823af4 attempt 1: non-dict response None
00:27:52|WARNING|jb2cfbc2f51 attempt 1: non-dict response None
00:27:52|WARNING|jb2d9ea4ebd attempt 1: non-dict response None
00:27:52|WARNING|jb279f9ff58 attempt 1: non-dict response None
00:27:52|WARNING|jb2fa91a75c attempt 1: non-dict response None
00:27:52|WARNING|jb30358df62 attempt 1: non-dict response None
00:27:52|WARNING|jb3409c3170 attempt 1: non-dict response None
00:27:52|WARNING|jb3337f70ca attempt 1: non-dict response None
00:27:52|WARNING|jb39c9ba281 attempt 1: non-dict response None
00:27:52|WARNING|jb344a06c2c attempt 1: non-dict response None
00:27:52|WARNING|jb3ae168120 attempt 1: non-dict response None
00:27:52|WARNING|jb356830f60 attempt 1: non-dict response None
00:27:52|WARNING|jb3b134467b attempt 1: non-dict response None
00:27:52|WARNING|jb40bba7de0 attempt 1: non-dict response None
00:27:52|WARNING|jb3aeab88ca attempt 1: non-dict response None
00:27:52|WARNING|jb4079a2561 attempt 1: non-dict response None
00:27:52|WARNING|jb4168f971a attempt 1: non-dict response None
00:27:52|WARNING|jb41451a117 attempt 1: non-dict response None
00:27:52|WARNING|jb425e7eb88 attempt 1: non-dict response None
00:27:52|WARNING|jb42f976b02 attempt 1: non-dict response None
00:27:52|WARNING|jb41b0eff0d attempt 1: non-dict response None
00:27:52|WARNING|jb459365fc6 attempt 1: non-dict response None
00:27:52|WARNING|jb479a50fa3 attempt 1: non-dict response None
00:27:52|WARNING|jb449c6c7a3 attempt 1: non-dict response None
00:27:52|WARNING|jb467e0bda9 attempt 1: non-dict response None
00:27:52|WARNING|jb47a51af37 attempt 1: non-dict response None
00:27:52|WARNING|jb4933012ea attempt 1: non-dict response None
00:27:52|WARNING|jb4995e1219 attempt 1: non-dict response None
00:27:52|WARNING|jb48d4add68 attempt 1: non-dict response None
00:27:52|WARNING|jb4bc0416d4 attempt 1: non-dict response None
00:27:52|WARNING|jb4dfef00c2 attempt 1: non-dict response None
00:27:52|WARNING|jb4ebe7444a attempt 1: non-dict response None
00:27:52|WARNING|jb4a14e3056 attempt 1: non-dict response None
00:27:52|WARNING|jb50db6117e attempt 1: non-dict response None
00:27:52|WARNING|jb5216d3f1e attempt 1: non-dict response None
00:27:52|WARNING|jb5465fe54f attempt 1: non-dict response None
00:27:52|WARNING|jb5298f5fb2 attempt 1: non-dict response None
00:27:52|WARNING|jb55eafa62d attempt 1: non-dict response None
00:27:52|WARNING|jb5a64f54aa attempt 1: non-dict response None
00:27:52|WARNING|jb59de26254 attempt 1: non-dict response None
00:27:52|WARNING|jb55ff5611a attempt 1: non-dict response None
00:27:52|WARNING|jb5c2018f22 attempt 1: non-dict response None
00:27:52|WARNING|jb5c657c1bd attempt 1: non-dict response None
00:27:52|WARNING|jb5cce39edc attempt 1: non-dict response None
00:27:52|WARNING|jb5b6c10167 attempt 1: non-dict response None
00:27:52|WARNING|jb5f2d02f2f attempt 1: non-dict response None
00:27:53|WARNING|jb5d66f9bd2 attempt 1: non-dict response None
00:27:53|WARNING|jb5f94ee028 attempt 1: non-dict response None
00:27:53|WARNING|jb5daeb75b6 attempt 1: non-dict response None
00:27:53|WARNING|jb62d667c1e attempt 1: non-dict response None
00:27:53|WARNING|jb63c8f4282 attempt 1: non-dict response None
00:27:53|WARNING|jb620f0c312 attempt 1: non-dict response None
00:27:53|WARNING|jb633766fb8 attempt 1: non-dict response None
00:27:53|WARNING|jb65372e4ee attempt 1: non-dict response None
00:27:53|WARNING|jb66909eb61 attempt 1: non-dict response None
00:27:53|WARNING|jb6794a4fdb attempt 1: non-dict response None
00:27:53|WARNING|jb65eac3528 attempt 1: non-dict response None
00:27:53|WARNING|jb6a1834e3a attempt 1: non-dict response None
00:27:53|WARNING|jb6d37c5f39 attempt 1: non-dict response None
00:27:53|WARNING|jb6a47299b9 attempt 1: non-dict response None
00:27:53|WARNING|jb6d156b6c8 attempt 1: non-dict response None
00:27:53|WARNING|jb6dfb380ae attempt 1: non-dict response None
00:27:53|WARNING|jb718577946 attempt 1: non-dict response None
00:27:53|WARNING|jb70e9b7f86 attempt 1: non-dict response None
00:27:53|WARNING|jb704017ff8 attempt 1: non-dict response None
00:27:53|WARNING|jb7604d7cc7 attempt 1: non-dict response None
00:27:53|WARNING|jb789a64fba attempt 1: JSONDecodeError('Expecting value: line 1 column 1 (char 0)')
00:27:53|WARNING|jb78201d6eb attempt 1: JSONDecodeError('Expecting value: line 1 column 1 (char 0)')
00:27:53|WARNING|jb780f46d2b attempt 1: JSONDecodeError('Expecting value: line 1 column 1 (char 0)')
00:27:53|WARNING|jb7d7e2f8d9 attempt 1: JSONDecodeError('Expecting value: line 1 column 1 (char 0)')
00:27:59|WARNING|jb81543afd1 attempt 1: {'id': 'gen-1790209679-sasLzPh8Uiw9hv707nZa', 'error': {'message': 'Upstream error from Nvidia: Service temporarily overloaded', 'code': 503, 'metadata': {'error_type': 'provider_overloaded'}}}
00:28:00|WARNING|jb852dedf6a attempt 1: {'id': 'gen-1790209680-9uXnZ1j74Nosxjy0EvES', 'error': {'message': 'Upstream error from Nvidia: Service temporarily overloaded', 'code': 503, 'metadata': {'error_type': 'provider_overloaded'}}}
00:28:22|WARNING|jbb2f826376 attempt 1: {'id': 'gen-1790209701-NtJkbPeQaPTDl6Bitf8i', 'error': {'message': 'Upstream error from Nvidia: Service temporarily overloaded', 'code': 503, 'metadata': {'error_type': 'provider_overloaded'}}}
00:28:23|WARNING|jbb94550973 attempt 1: {'error': {'message': 'Rate limit exceeded: free-models-per-min. ', 'code': 429, 'metadata': {'headers': {'X-RateLimit-Limit': '20', 'X-RateLimit-Remaining': '0', 'X-RateLimit-Reset': '1790209740000'}, 'limit_source': 'openrouter_free_tier_per_minute', 'remedy_hint': 'Slow down requests to free mode
00:28:23|ERROR  |key limit reached -> stopping judge (resumable)
00:28:24|WARNING|jbbf7dbe8ab attempt 1: {'error': {'message': 'Rate limit exceeded: free-models-per-min. ', 'code': 429, 'metadata': {'headers': {'X-RateLimit-Limit': '20', 'X-RateLimit-Remaining': '0', 'X-RateLimit-Reset': '1790209740000'}, 'limit_source': 'openrouter_free_tier_per_minute', 'remedy_hint': 'Slow down requests to free mode
00:28:24|ERROR  |key limit reached -> stopping judge (resumable)
00:28:24|WARNING|jbbf0e4cc41 attempt 1: {'id': 'gen-1790209704-gFaCoS8mNP8yHr0Z3l57', 'error': {'message': 'Upstream error from Nvidia: Service temporarily overloaded', 'code': 503, 'metadata': {'error_type': 'provider_overloaded'}}}
00:28:24|WARNING|jbccfd00b71 attempt 1: {'error': {'message': 'Rate limit exceeded: free-models-per-min. ', 'code': 429, 'metadata': {'headers': {'X-RateLimit-Limit': '20', 'X-RateLimit-Remaining': '0', 'X-RateLimit-Reset': '1790209740000'}, 'limit_source': 'openrouter_free_tier_per_minute', 'remedy_hint': 'Slow down requests to free mode
00:28:25|ERROR  |key limit reached -> stopping judge (resumable)
00:28:25|WARNING|jbced243774 attempt 1: {'error': {'message': 'Rate limit exceeded: free-models-per-min. ', 'code': 429, 'metadata': {'headers': {'X-RateLimit-Limit': '20', 'X-RateLimit-Remaining': '0', 'X-RateLimit-Reset': '1790209740000'}, 'limit_source': 'openrouter_free_tier_per_minute', 'remedy_hint': 'Slow down requests to free mode
00:28:25|ERROR  |key limit reached -> stopping judge (resumable)
00:28:25|WARNING|jbd35dcdf92 attempt 1: {'error': {'message': 'Rate limit exceeded: free-models-per-min. ', 'code': 429, 'metadata': {'headers': {'X-RateLimit-Limit': '20', 'X-RateLimit-Remaining': '0', 'X-RateLimit-Reset': '1790209740000'}, 'limit_source': 'openrouter_free_tier_per_minute', 'remedy_hint': 'Slow down requests to free mode
00:28:25|ERROR  |key limit reached -> stopping judge (resumable)
00:28:25|WARNING|jbcfab79656 attempt 1: {'error': {'message': 'Rate limit exceeded: free-models-per-min. ', 'code': 429, 'metadata': {'headers': {'X-RateLimit-Limit': '20', 'X-RateLimit-Remaining': '0', 'X-RateLimit-Reset': '1790209740000'}, 'limit_source': 'openrouter_free_tier_per_minute', 'remedy_hint': 'Slow down requests to free mode
00:28:25|ERROR  |key limit reached -> stopping judge (resumable)
00:28:25|WARNING|jbd5827299a attempt 1: {'error': {'message': 'Rate limit exceeded: free-models-per-min. ', 'code': 429, 'metadata': {'headers': {'X-RateLimit-Limit': '20', 'X-RateLimit-Remaining': '0', 'X-RateLimit-Reset': '1790209740000'}, 'limit_source': 'openrouter_free_tier_per_minute', 'remedy_hint': 'Slow down requests to free mode
00:28:25|ERROR  |key limit reached -> stopping judge (resumable)
00:28:25|WARNING|jbd8b090b3d attempt 1: {'error': {'message': 'Rate limit exceeded: free-models-per-min. ', 'code': 429, 'metadata': {'headers': {'X-RateLimit-Limit': '20', 'X-RateLimit-Remaining': '0', 'X-RateLimit-Reset': '1790209740000'}, 'limit_source': 'openrouter_free_tier_per_minute', 'remedy_hint': 'Slow down requests to free mode
00:28:25|ERROR  |key limit reached -> stopping judge (resumable)
00:28:25|WARNING|jbd86a04266 attempt 1: {'error': {'message': 'Rate limit exceeded: free-models-per-min. ', 'code': 429, 'metadata': {'headers': {'X-RateLimit-Limit': '20', 'X-RateLimit-Remaining': '0', 'X-RateLimit-Reset': '1790209740000'}, 'limit_source': 'openrouter_free_tier_per_minute', 'remedy_hint': 'Slow down requests to free mode
00:28:25|ERROR  |key limit reached -> stopping judge (resumable)
00:28:25|WARNING|jbd6b33b35c attempt 1: {'error': {'message': 'Rate limit exceeded: free-models-per-min. ', 'code': 429, 'metadata': {'headers': {'X-RateLimit-Limit': '20', 'X-RateLimit-Remaining': '0', 'X-RateLimit-Reset': '1790209740000'}, 'limit_source': 'openrouter_free_tier_per_minute', 'remedy_hint': 'Slow down requests to free mode
00:28:25|ERROR  |key limit reached -> stopping judge (resumable)
00:28:25|WARNING|jbd96c23256 attempt 1: {'error': {'message': 'Rate limit exceeded: free-models-per-min. ', 'code': 429, 'metadata': {'headers': {'X-RateLimit-Limit': '20', 'X-RateLimit-Remaining': '0', 'X-RateLimit-Reset': '1790209740000'}, 'limit_source': 'openrouter_free_tier_per_minute', 'remedy_hint': 'Slow down requests to free mode
00:28:25|ERROR  |key limit reached -> stopping judge (resumable)
00:28:25|WARNING|jbd93a4531c attempt 1: {'error': {'message': 'Rate limit exceeded: free-models-per-min. ', 'code': 429, 'metadata': {'headers': {'X-RateLimit-Limit': '20', 'X-RateLimit-Remaining': '0', 'X-RateLimit-Reset': '1790209740000'}, 'limit_source': 'openrouter_free_tier_per_minute', 'remedy_hint': 'Slow down requests to free mode
00:28:25|ERROR  |key limit reached -> stopping judge (resumable)
00:28:25|WARNING|jbdccfe6b39 attempt 1: {'error': {'message': 'Rate limit exceeded: free-models-per-min. ', 'code': 429, 'metadata': {'headers': {'X-RateLimit-Limit': '20', 'X-RateLimit-Remaining': '0', 'X-RateLimit-Reset': '1790209740000'}, 'limit_source': 'openrouter_free_tier_per_minute', 'remedy_hint': 'Slow down requests to free mode
00:28:25|ERROR  |key limit reached -> stopping judge (resumable)
00:28:25|WARNING|jbdb141b449 attempt 1: {'error': {'message': 'Rate limit exceeded: free-models-per-min. ', 'code': 429, 'metadata': {'headers': {'X-RateLimit-Limit': '20', 'X-RateLimit-Remaining': '0', 'X-RateLimit-Reset': '1790209740000'}, 'limit_source': 'openrouter_free_tier_per_minute', 'remedy_hint': 'Slow down requests to free mode
00:28:25|ERROR  |key limit reached -> stopping judge (resumable)
00:28:25|WARNING|jbdd7c9535d attempt 1: {'error': {'message': 'Rate limit exceeded: free-models-per-min. ', 'code': 429, 'metadata': {'headers': {'X-RateLimit-Limit': '20', 'X-RateLimit-Remaining': '0', 'X-RateLimit-Reset': '1790209740000'}, 'limit_source': 'openrouter_free_tier_per_minute', 'remedy_hint': 'Slow down requests to free mode
00:28:25|ERROR  |key limit reached -> stopping judge (resumable)
00:28:25|WARNING|jbde0f4f5ce attempt 1: {'error': {'message': 'Rate limit exceeded: free-models-per-min. ', 'code': 429, 'metadata': {'headers': {'X-RateLimit-Limit': '20', 'X-RateLimit-Remaining': '0', 'X-RateLimit-Reset': '1790209740000'}, 'limit_source': 'openrouter_free_tier_per_minute', 'remedy_hint': 'Slow down requests to free mode
00:28:25|ERROR  |key limit reached -> stopping judge (resumable)
00:28:25|WARNING|jbdeef724b0 attempt 1: {'error': {'message': 'Rate limit exceeded: free-models-per-min. ', 'code': 429, 'metadata': {'headers': {'X-RateLimit-Limit': '20', 'X-RateLimit-Remaining': '0', 'X-RateLimit-Reset': '1790209740000'}, 'limit_source': 'openrouter_free_tier_per_minute', 'remedy_hint': 'Slow down requests to free mode
00:28:25|ERROR  |key limit reached -> stopping judge (resumable)
00:28:25|WARNING|jbe02bec909 attempt 1: {'error': {'message': 'Rate limit exceeded: free-models-per-min. ', 'code': 429, 'metadata': {'headers': {'X-RateLimit-Limit': '20', 'X-RateLimit-Remaining': '0', 'X-RateLimit-Reset': '1790209740000'}, 'limit_source': 'openrouter_free_tier_per_minute', 'remedy_hint': 'Slow down requests to free mode
00:28:25|ERROR  |key limit reached -> stopping judge (resumable)
00:28:25|WARNING|jbe086214d3 attempt 1: {'error': {'message': 'Rate limit exceeded: free-models-per-min. ', 'code': 429, 'metadata': {'headers': {'X-RateLimit-Limit': '20', 'X-RateLimit-Remaining': '0', 'X-RateLimit-Reset': '1790209740000'}, 'limit_source': 'openrouter_free_tier_per_minute', 'remedy_hint': 'Slow down requests to free mode
00:28:25|ERROR  |key limit reached -> stopping judge (resumable)
00:28:26|WARNING|jbe6327d5c6 attempt 1: {'error': {'message': 'Rate limit exceeded: free-models-per-min. ', 'code': 429, 'metadata': {'headers': {'X-RateLimit-Limit': '20', 'X-RateLimit-Remaining': '0', 'X-RateLimit-Reset': '1790209740000'}, 'limit_source': 'openrouter_free_tier_per_minute', 'remedy_hint': 'Slow down requests to free mode
00:28:26|ERROR  |key limit reached -> stopping judge (resumable)
00:28:26|WARNING|jbe90cacfa6 attempt 1: {'error': {'message': 'Rate limit exceeded: free-models-per-min. ', 'code': 429, 'metadata': {'headers': {'X-RateLimit-Limit': '20', 'X-RateLimit-Remaining': '0', 'X-RateLimit-Reset': '1790209740000'}, 'limit_source': 'openrouter_free_tier_per_minute', 'remedy_hint': 'Slow down requests to free mode
00:28:26|ERROR  |key limit reached -> stopping judge (resumable)
00:28:26|WARNING|jbe53a628af attempt 1: {'error': {'message': 'Rate limit exceeded: free-models-per-min. ', 'code': 429, 'metadata': {'headers': {'X-RateLimit-Limit': '20', 'X-RateLimit-Remaining': '0', 'X-RateLimit-Reset': '1790209740000'}, 'limit_source': 'openrouter_free_tier_per_minute', 'remedy_hint': 'Slow down requests to free mode
00:28:26|ERROR  |key limit reached -> stopping judge (resumable)
00:28:26|WARNING|jbea48a19c5 attempt 1: {'error': {'message': 'Rate limit exceeded: free-models-per-min. ', 'code': 429, 'metadata': {'headers': {'X-RateLimit-Limit': '20', 'X-RateLimit-Remaining': '0', 'X-RateLimit-Reset': '1790209740000'}, 'limit_source': 'openrouter_free_tier_per_minute', 'remedy_hint': 'Slow down requests to free mode
00:28:26|ERROR  |key limit reached -> stopping judge (resumable)
00:28:26|WARNING|jbec2e94e7b attempt 1: {'error': {'message': 'Rate limit exceeded: free-models-per-min. ', 'code': 429, 'metadata': {'headers': {'X-RateLimit-Limit': '20', 'X-RateLimit-Remaining': '0', 'X-RateLimit-Reset': '1790209740000'}, 'limit_source': 'openrouter_free_tier_per_minute', 'remedy_hint': 'Slow down requests to free mode
00:28:26|ERROR  |key limit reached -> stopping judge (resumable)
00:28:26|WARNING|jbef4ab0bdf attempt 1: {'error': {'message': 'Rate limit exceeded: free-models-per-min. ', 'code': 429, 'metadata': {'headers': {'X-RateLimit-Limit': '20', 'X-RateLimit-Remaining': '0', 'X-RateLimit-Reset': '1790209740000'}, 'limit_source': 'openrouter_free_tier_per_minute', 'remedy_hint': 'Slow down requests to free mode
00:28:26|ERROR  |key limit reached -> stopping judge (resumable)
00:28:26|WARNING|jbeb1b87781 attempt 1: {'error': {'message': 'Rate limit exceeded: free-models-per-min. ', 'code': 429, 'metadata': {'headers': {'X-RateLimit-Limit': '20', 'X-RateLimit-Remaining': '0', 'X-RateLimit-Reset': '1790209740000'}, 'limit_source': 'openrouter_free_tier_per_minute', 'remedy_hint': 'Slow down requests to free mode
00:28:26|ERROR  |key limit reached -> stopping judge (resumable)
00:28:26|WARNING|jbec4d7feb8 attempt 1: {'error': {'message': 'Rate limit exceeded: free-models-per-min. ', 'code': 429, 'metadata': {'headers': {'X-RateLimit-Limit': '20', 'X-RateLimit-Remaining': '0', 'X-RateLimit-Reset': '1790209740000'}, 'limit_source': 'openrouter_free_tier_per_minute', 'remedy_hint': 'Slow down requests to free mode
00:28:26|ERROR  |key limit reached -> stopping judge (resumable)
00:28:26|WARNING|jbf173bdf8d attempt 1: {'error': {'message': 'Rate limit exceeded: free-models-per-min. ', 'code': 429, 'metadata': {'headers': {'X-RateLimit-Limit': '20', 'X-RateLimit-Remaining': '0', 'X-RateLimit-Reset': '1790209740000'}, 'limit_source': 'openrouter_free_tier_per_minute', 'remedy_hint': 'Slow down requests to free mode
00:28:26|ERROR  |key limit reached -> stopping judge (resumable)
00:28:26|WARNING|jbf395f86fb attempt 1: {'error': {'message': 'Rate limit exceeded: free-models-per-min. ', 'code': 429, 'metadata': {'headers': {'X-RateLimit-Limit': '20', 'X-RateLimit-Remaining': '0', 'X-RateLimit-Reset': '1790209740000'}, 'limit_source': 'openrouter_free_tier_per_minute', 'remedy_hint': 'Slow down requests to free mode
00:28:26|ERROR  |key limit reached -> stopping judge (resumable)
00:28:26|WARNING|jbf495c6418 attempt 1: {'error': {'message': 'Rate limit exceeded: free-models-per-min. ', 'code': 429, 'metadata': {'headers': {'X-RateLimit-Limit': '20', 'X-RateLimit-Remaining': '0', 'X-RateLimit-Reset': '1790209740000'}, 'limit_source': 'openrouter_free_tier_per_minute', 'remedy_hint': 'Slow down requests to free mode
00:28:26|ERROR  |key limit reached -> stopping judge (resumable)
00:28:26|WARNING|jbf21ed523c attempt 1: {'error': {'message': 'Rate limit exceeded: free-models-per-min. ', 'code': 429, 'metadata': {'headers': {'X-RateLimit-Limit': '20', 'X-RateLimit-Remaining': '0', 'X-RateLimit-Reset': '1790209740000'}, 'limit_source': 'openrouter_free_tier_per_minute', 'remedy_hint': 'Slow down requests to free mode
00:28:26|ERROR  |key limit reached -> stopping judge (resumable)
00:28:27|WARNING|jbf7996d2a8 attempt 1: {'error': {'message': 'Rate limit exceeded: free-models-per-min. ', 'code': 429, 'metadata': {'headers': {'X-RateLimit-Limit': '20', 'X-RateLimit-Remaining': '0', 'X-RateLimit-Reset': '1790209740000'}, 'limit_source': 'openrouter_free_tier_per_minute', 'remedy_hint': 'Slow down requests to free mode
00:28:27|ERROR  |key limit reached -> stopping judge (resumable)
00:28:27|WARNING|jbfb5ed6539 attempt 1: {'error': {'message': 'Rate limit exceeded: free-models-per-min. ', 'code': 429, 'metadata': {'headers': {'X-RateLimit-Limit': '20', 'X-RateLimit-Remaining': '0', 'X-RateLimit-Reset': '1790209740000'}, 'limit_source': 'openrouter_free_tier_per_minute', 'remedy_hint': 'Slow down requests to free mode
00:28:27|ERROR  |key limit reached -> stopping judge (resumable)
00:28:27|WARNING|jbfc3dd8a2c attempt 1: {'error': {'message': 'Rate limit exceeded: free-models-per-min. ', 'code': 429, 'metadata': {'headers': {'X-RateLimit-Limit': '20', 'X-RateLimit-Remaining': '0', 'X-RateLimit-Reset': '1790209740000'}, 'limit_source': 'openrouter_free_tier_per_minute', 'remedy_hint': 'Slow down requests to free mode
00:28:27|ERROR  |key limit reached -> stopping judge (resumable)
00:28:27|WARNING|jbfa8b67cd0 attempt 1: {'error': {'message': 'Rate limit exceeded: free-models-per-min. ', 'code': 429, 'metadata': {'headers': {'X-RateLimit-Limit': '20', 'X-RateLimit-Remaining': '0', 'X-RateLimit-Reset': '1790209740000'}, 'limit_source': 'openrouter_free_tier_per_minute', 'remedy_hint': 'Slow down requests to free mode
00:28:27|ERROR  |key limit reached -> stopping judge (resumable)
00:28:27|WARNING|jbffa408bf9 attempt 1: {'error': {'message': 'Rate limit exceeded: free-models-per-min. ', 'code': 429, 'metadata': {'headers': {'X-RateLimit-Limit': '20', 'X-RateLimit-Remaining': '0', 'X-RateLimit-Reset': '1790209740000'}, 'limit_source': 'openrouter_free_tier_per_minute', 'remedy_hint': 'Slow down requests to free mode
00:28:27|ERROR  |key limit reached -> stopping judge (resumable)
00:28:27|WARNING|jbfef1e83ec attempt 1: {'error': {'message': 'Rate limit exceeded: free-models-per-min. ', 'code': 429, 'metadata': {'headers': {'X-RateLimit-Limit': '20', 'X-RateLimit-Remaining': '0', 'X-RateLimit-Reset': '1790209740000'}, 'limit_source': 'openrouter_free_tier_per_minute', 'remedy_hint': 'Slow down requests to free mode
00:28:27|ERROR  |key limit reached -> stopping judge (resumable)
00:28:27|WARNING|jc069b05d93 attempt 1: {'error': {'message': 'Rate limit exceeded: free-models-per-min. ', 'code': 429, 'metadata': {'headers': {'X-RateLimit-Limit': '20', 'X-RateLimit-Remaining': '0', 'X-RateLimit-Reset': '1790209740000'}, 'limit_source': 'openrouter_free_tier_per_minute', 'remedy_hint': 'Slow down requests to free mode
00:28:27|ERROR  |key limit reached -> stopping judge (resumable)
00:28:27|WARNING|jc0a4281c9f attempt 1: {'error': {'message': 'Rate limit exceeded: free-models-per-min. ', 'code': 429, 'metadata': {'headers': {'X-RateLimit-Limit': '20', 'X-RateLimit-Remaining': '0', 'X-RateLimit-Reset': '1790209740000'}, 'limit_source': 'openrouter_free_tier_per_minute', 'remedy_hint': 'Slow down requests to free mode
00:28:27|ERROR  |key limit reached -> stopping judge (resumable)
00:28:27|WARNING|jc0adcfc510 attempt 1: {'error': {'message': 'Rate limit exceeded: free-models-per-min. ', 'code': 429, 'metadata': {'headers': {'X-RateLimit-Limit': '20', 'X-RateLimit-Remaining': '0', 'X-RateLimit-Reset': '1790209740000'}, 'limit_source': 'openrouter_free_tier_per_minute', 'remedy_hint': 'Slow down requests to free mode
00:28:27|ERROR  |key limit reached -> stopping judge (resumable)
00:28:27|WARNING|jc0a703f57f attempt 1: {'error': {'message': 'Rate limit exceeded: free-models-per-min. ', 'code': 429, 'metadata': {'headers': {'X-RateLimit-Limit': '20', 'X-RateLimit-Remaining': '0', 'X-RateLimit-Reset': '1790209740000'}, 'limit_source': 'openrouter_free_tier_per_minute', 'remedy_hint': 'Slow down requests to free mode
00:28:27|ERROR  |key limit reached -> stopping judge (resumable)
00:28:27|WARNING|jc0e2cc1bbd attempt 1: {'error': {'message': 'Rate limit exceeded: free-models-per-min. ', 'code': 429, 'metadata': {'headers': {'X-RateLimit-Limit': '20', 'X-RateLimit-Remaining': '0', 'X-RateLimit-Reset': '1790209740000'}, 'limit_source': 'openrouter_free_tier_per_minute', 'remedy_hint': 'Slow down requests to free mode
00:28:27|ERROR  |key limit reached -> stopping judge (resumable)
00:28:27|WARNING|jc05e63d015 attempt 1: {'error': {'message': 'Rate limit exceeded: free-models-per-min. ', 'code': 429, 'metadata': {'headers': {'X-RateLimit-Limit': '20', 'X-RateLimit-Remaining': '0', 'X-RateLimit-Reset': '1790209740000'}, 'limit_source': 'openrouter_free_tier_per_minute', 'remedy_hint': 'Slow down requests to free mode
00:28:27|ERROR  |key limit reached -> stopping judge (resumable)
00:28:27|WARNING|jc03f3a355e attempt 1: {'error': {'message': 'Rate limit exceeded: free-models-per-min. ', 'code': 429, 'metadata': {'headers': {'X-RateLimit-Limit': '20', 'X-RateLimit-Remaining': '0', 'X-RateLimit-Reset': '1790209740000'}, 'limit_source': 'openrouter_free_tier_per_minute', 'remedy_hint': 'Slow down requests to free mode
00:28:27|ERROR  |key limit reached -> stopping judge (resumable)
00:28:27|WARNING|jc14580dcee attempt 1: {'error': {'message': 'Rate limit exceeded: free-models-per-min. ', 'code': 429, 'metadata': {'headers': {'X-RateLimit-Limit': '20', 'X-RateLimit-Remaining': '0', 'X-RateLimit-Reset': '1790209740000'}, 'limit_source': 'openrouter_free_tier_per_minute', 'remedy_hint': 'Slow down requests to free mode
00:28:27|ERROR  |key limit reached -> stopping judge (resumable)
00:28:27|WARNING|jc13bc99aad attempt 1: {'error': {'message': 'Rate limit exceeded: free-models-per-min. ', 'code': 429, 'metadata': {'headers': {'X-RateLimit-Limit': '20', 'X-RateLimit-Remaining': '0', 'X-RateLimit-Reset': '1790209740000'}, 'limit_source': 'openrouter_free_tier_per_minute', 'remedy_hint': 'Slow down requests to free mode
00:28:27|ERROR  |key limit reached -> stopping judge (resumable)
00:28:27|WARNING|jc1706ced21 attempt 1: {'error': {'message': 'Rate limit exceeded: free-models-per-min. ', 'code': 429, 'metadata': {'headers': {'X-RateLimit-Limit': '20', 'X-RateLimit-Remaining': '0', 'X-RateLimit-Reset': '1790209740000'}, 'limit_source': 'openrouter_free_tier_per_minute', 'remedy_hint': 'Slow down requests to free mode
00:28:27|ERROR  |key limit reached -> stopping judge (resumable)
00:28:27|WARNING|jc1a01514a1 attempt 1: {'error': {'message': 'Rate limit exceeded: free-models-per-min. ', 'code': 429, 'metadata': {'headers': {'X-RateLimit-Limit': '20', 'X-RateLimit-Remaining': '0', 'X-RateLimit-Reset': '1790209740000'}, 'limit_source': 'openrouter_free_tier_per_minute', 'remedy_hint': 'Slow down requests to free mode
00:28:27|ERROR  |key limit reached -> stopping judge (resumable)
00:28:27|WARNING|jc1bad65691 attempt 1: {'error': {'message': 'Rate limit exceeded: free-models-per-min. ', 'code': 429, 'metadata': {'headers': {'X-RateLimit-Limit': '20', 'X-RateLimit-Remaining': '0', 'X-RateLimit-Reset': '1790209740000'}, 'limit_source': 'openrouter_free_tier_per_minute', 'remedy_hint': 'Slow down requests to free mode
00:28:27|ERROR  |key limit reached -> stopping judge (resumable)
00:28:27|WARNING|jc1b9ee10f6 attempt 1: {'error': {'message': 'Rate limit exceeded: free-models-per-min. ', 'code': 429, 'metadata': {'headers': {'X-RateLimit-Limit': '20', 'X-RateLimit-Remaining': '0', 'X-RateLimit-Reset': '1790209740000'}, 'limit_source': 'openrouter_free_tier_per_minute', 'remedy_hint': 'Slow down requests to free mode
00:28:27|ERROR  |key limit reached -> stopping judge (resumable)
00:28:27|WARNING|jc1d5862e74 attempt 1: {'error': {'message': 'Rate limit exceeded: free-models-per-min. ', 'code': 429, 'metadata': {'headers': {'X-RateLimit-Limit': '20', 'X-RateLimit-Remaining': '0', 'X-RateLimit-Reset': '1790209740000'}, 'limit_source': 'openrouter_free_tier_per_minute', 'remedy_hint': 'Slow down requests to free mode
00:28:27|ERROR  |key limit reached -> stopping judge (resumable)
00:28:27|WARNING|jc1f10c18cf attempt 1: {'error': {'message': 'Rate limit exceeded: free-models-per-min. ', 'code': 429, 'metadata': {'headers': {'X-RateLimit-Limit': '20', 'X-RateLimit-Remaining': '0', 'X-RateLimit-Reset': '1790209740000'}, 'limit_source': 'openrouter_free_tier_per_minute', 'remedy_hint': 'Slow down requests to free mode
00:28:27|ERROR  |key limit reached -> stopping judge (resumable)
00:28:27|WARNING|jc26877c484 attempt 1: {'error': {'message': 'Rate limit exceeded: free-models-per-min. ', 'code': 429, 'metadata': {'headers': {'X-RateLimit-Limit': '20', 'X-RateLimit-Remaining': '0', 'X-RateLimit-Reset': '1790209740000'}, 'limit_source': 'openrouter_free_tier_per_minute', 'remedy_hint': 'Slow down requests to free mode
00:28:27|ERROR  |key limit reached -> stopping judge (resumable)
00:28:27|WARNING|jc20b8379f5 attempt 1: {'error': {'message': 'Rate limit exceeded: free-models-per-min. ', 'code': 429, 'metadata': {'headers': {'X-RateLimit-Limit': '20', 'X-RateLimit-Remaining': '0', 'X-RateLimit-Reset': '1790209740000'}, 'limit_source': 'openrouter_free_tier_per_minute', 'remedy_hint': 'Slow down requests to free mode
00:28:27|ERROR  |key limit reached -> stopping judge (resumable)
00:28:27|WARNING|jc2218b557e attempt 1: {'error': {'message': 'Rate limit exceeded: free-models-per-min. ', 'code': 429, 'metadata': {'headers': {'X-RateLimit-Limit': '20', 'X-RateLimit-Remaining': '0', 'X-RateLimit-Reset': '1790209740000'}, 'limit_source': 'openrouter_free_tier_per_minute', 'remedy_hint': 'Slow down requests to free mode
00:28:27|ERROR  |key limit reached -> stopping judge (resumable)
00:28:28|WARNING|jc2327bb65f attempt 1: {'error': {'message': 'Rate limit exceeded: free-models-per-min. ', 'code': 429, 'metadata': {'headers': {'X-RateLimit-Limit': '20', 'X-RateLimit-Remaining': '0', 'X-RateLimit-Reset': '1790209740000'}, 'limit_source': 'openrouter_free_tier_per_minute', 'remedy_hint': 'Slow down requests to free mode
00:28:28|ERROR  |key limit reached -> stopping judge (resumable)
00:28:28|WARNING|jc29de5a31a attempt 1: {'error': {'message': 'Rate limit exceeded: free-models-per-min. ', 'code': 429, 'metadata': {'headers': {'X-RateLimit-Limit': '20', 'X-RateLimit-Remaining': '0', 'X-RateLimit-Reset': '1790209740000'}, 'limit_source': 'openrouter_free_tier_per_minute', 'remedy_hint': 'Slow down requests to free mode
00:28:28|ERROR  |key limit reached -> stopping judge (resumable)
00:28:28|WARNING|jc2755b9287 attempt 1: {'error': {'message': 'Rate limit exceeded: free-models-per-min. ', 'code': 429, 'metadata': {'headers': {'X-RateLimit-Limit': '20', 'X-RateLimit-Remaining': '0', 'X-RateLimit-Reset': '1790209740000'}, 'limit_source': 'openrouter_free_tier_per_minute', 'remedy_hint': 'Slow down requests to free mode
00:28:28|ERROR  |key limit reached -> stopping judge (resumable)
00:28:28|WARNING|jc2a7c922c6 attempt 1: {'error': {'message': 'Rate limit exceeded: free-models-per-min. ', 'code': 429, 'metadata': {'headers': {'X-RateLimit-Limit': '20', 'X-RateLimit-Remaining': '0', 'X-RateLimit-Reset': '1790209740000'}, 'limit_source': 'openrouter_free_tier_per_minute', 'remedy_hint': 'Slow down requests to free mode
00:28:28|ERROR  |key limit reached -> stopping judge (resumable)
00:28:28|WARNING|jc2f35e115a attempt 1: {'error': {'message': 'Rate limit exceeded: free-models-per-min. ', 'code': 429, 'metadata': {'headers': {'X-RateLimit-Limit': '20', 'X-RateLimit-Remaining': '0', 'X-RateLimit-Reset': '1790209740000'}, 'limit_source': 'openrouter_free_tier_per_minute', 'remedy_hint': 'Slow down requests to free mode
00:28:28|ERROR  |key limit reached -> stopping judge (resumable)
00:28:28|WARNING|jc2f4260394 attempt 1: {'error': {'message': 'Rate limit exceeded: free-models-per-min. ', 'code': 429, 'metadata': {'headers': {'X-RateLimit-Limit': '20', 'X-RateLimit-Remaining': '0', 'X-RateLimit-Reset': '1790209740000'}, 'limit_source': 'openrouter_free_tier_per_minute', 'remedy_hint': 'Slow down requests to free mode
00:28:28|ERROR  |key limit reached -> stopping judge (resumable)
00:28:28|WARNING|jc2c96d384d attempt 1: {'error': {'message': 'Rate limit exceeded: free-models-per-min. ', 'code': 429, 'metadata': {'headers': {'X-RateLimit-Limit': '20', 'X-RateLimit-Remaining': '0', 'X-RateLimit-Reset': '1790209740000'}, 'limit_source': 'openrouter_free_tier_per_minute', 'remedy_hint': 'Slow down requests to free mode
00:28:28|ERROR  |key limit reached -> stopping judge (resumable)
00:28:28|WARNING|jc35a97b27e attempt 1: {'error': {'message': 'Rate limit exceeded: free-models-per-min. ', 'code': 429, 'metadata': {'headers': {'X-RateLimit-Limit': '20', 'X-RateLimit-Remaining': '0', 'X-RateLimit-Reset': '1790209740000'}, 'limit_source': 'openrouter_free_tier_per_minute', 'remedy_hint': 'Slow down requests to free mode
00:28:28|ERROR  |key limit reached -> stopping judge (resumable)
00:28:28|WARNING|jc2ccc660e6 attempt 1: {'error': {'message': 'Rate limit exceeded: free-models-per-min. ', 'code': 429, 'metadata': {'headers': {'X-RateLimit-Limit': '20', 'X-RateLimit-Remaining': '0', 'X-RateLimit-Reset': '1790209740000'}, 'limit_source': 'openrouter_free_tier_per_minute', 'remedy_hint': 'Slow down requests to free mode
00:28:28|ERROR  |key limit reached -> stopping judge (resumable)
00:28:28|WARNING|jc35c40f39e attempt 1: {'error': {'message': 'Rate limit exceeded: free-models-per-min. ', 'code': 429, 'metadata': {'headers': {'X-RateLimit-Limit': '20', 'X-RateLimit-Remaining': '0', 'X-RateLimit-Reset': '1790209740000'}, 'limit_source': 'openrouter_free_tier_per_minute', 'remedy_hint': 'Slow down requests to free mode
00:28:28|ERROR  |key limit reached -> stopping judge (resumable)
00:28:28|WARNING|jc350404038 attempt 1: {'error': {'message': 'Rate limit exceeded: free-models-per-min. ', 'code': 429, 'metadata': {'headers': {'X-RateLimit-Limit': '20', 'X-RateLimit-Remaining': '0', 'X-RateLimit-Reset': '1790209740000'}, 'limit_source': 'openrouter_free_tier_per_minute', 'remedy_hint': 'Slow down requests to free mode
00:28:28|ERROR  |key limit reached -> stopping judge (resumable)
00:28:28|WARNING|jc361d22281 attempt 1: {'error': {'message': 'Rate limit exceeded: free-models-per-min. ', 'code': 429, 'metadata': {'headers': {'X-RateLimit-Limit': '20', 'X-RateLimit-Remaining': '0', 'X-RateLimit-Reset': '1790209740000'}, 'limit_source': 'openrouter_free_tier_per_minute', 'remedy_hint': 'Slow down requests to free mode
00:28:28|ERROR  |key limit reached -> stopping judge (resumable)
00:28:28|WARNING|jc35f59b890 attempt 1: {'error': {'message': 'Rate limit exceeded: free-models-per-min. ', 'code': 429, 'metadata': {'headers': {'X-RateLimit-Limit': '20', 'X-RateLimit-Remaining': '0', 'X-RateLimit-Reset': '1790209740000'}, 'limit_source': 'openrouter_free_tier_per_minute', 'remedy_hint': 'Slow down requests to free mode
00:28:28|ERROR  |key limit reached -> stopping judge (resumable)
00:28:28|WARNING|jc36574adae attempt 1: {'error': {'message': 'Rate limit exceeded: free-models-per-min. ', 'code': 429, 'metadata': {'headers': {'X-RateLimit-Limit': '20', 'X-RateLimit-Remaining': '0', 'X-RateLimit-Reset': '1790209740000'}, 'limit_source': 'openrouter_free_tier_per_minute', 'remedy_hint': 'Slow down requests to free mode
00:28:28|ERROR  |key limit reached -> stopping judge (resumable)
00:28:28|WARNING|jc37d85e80a attempt 1: {'error': {'message': 'Rate limit exceeded: free-models-per-min. ', 'code': 429, 'metadata': {'headers': {'X-RateLimit-Limit': '20', 'X-RateLimit-Remaining': '0', 'X-RateLimit-Reset': '1790209740000'}, 'limit_source': 'openrouter_free_tier_per_minute', 'remedy_hint': 'Slow down requests to free mode
00:28:28|ERROR  |key limit reached -> stopping judge (resumable)
00:28:28|WARNING|jc3d670829b attempt 1: {'error': {'message': 'Rate limit exceeded: free-models-per-min. ', 'code': 429, 'metadata': {'headers': {'X-RateLimit-Limit': '20', 'X-RateLimit-Remaining': '0', 'X-RateLimit-Reset': '1790209740000'}, 'limit_source': 'openrouter_free_tier_per_minute', 'remedy_hint': 'Slow down requests to free mode
00:28:28|ERROR  |key limit reached -> stopping judge (resumable)
00:28:28|WARNING|jc3847cc9c7 attempt 1: {'error': {'message': 'Rate limit exceeded: free-models-per-min. ', 'code': 429, 'metadata': {'headers': {'X-RateLimit-Limit': '20', 'X-RateLimit-Remaining': '0', 'X-RateLimit-Reset': '1790209740000'}, 'limit_source': 'openrouter_free_tier_per_minute', 'remedy_hint': 'Slow down requests to free mode
00:28:28|ERROR  |key limit reached -> stopping judge (resumable)
00:28:28|WARNING|jc3d5ef7b03 attempt 1: {'error': {'message': 'Rate limit exceeded: free-models-per-min. ', 'code': 429, 'metadata': {'headers': {'X-RateLimit-Limit': '20', 'X-RateLimit-Remaining': '0', 'X-RateLimit-Reset': '1790209740000'}, 'limit_source': 'openrouter_free_tier_per_minute', 'remedy_hint': 'Slow down requests to free mode
00:28:28|ERROR  |key limit reached -> stopping judge (resumable)
00:28:28|WARNING|jc3eb9a095b attempt 1: {'error': {'message': 'Rate limit exceeded: free-models-per-min. ', 'code': 429, 'metadata': {'headers': {'X-RateLimit-Limit': '20', 'X-RateLimit-Remaining': '0', 'X-RateLimit-Reset': '1790209740000'}, 'limit_source': 'openrouter_free_tier_per_minute', 'remedy_hint': 'Slow down requests to free mode
00:28:28|ERROR  |key limit reached -> stopping judge (resumable)
00:28:29|WARNING|jc433f191b6 attempt 1: {'error': {'message': 'Rate limit exceeded: free-models-per-min. ', 'code': 429, 'metadata': {'headers': {'X-RateLimit-Limit': '20', 'X-RateLimit-Remaining': '0', 'X-RateLimit-Reset': '1790209740000'}, 'limit_source': 'openrouter_free_tier_per_minute', 'remedy_hint': 'Slow down requests to free mode
00:28:29|ERROR  |key limit reached -> stopping judge (resumable)
00:28:29|WARNING|jc3f5004fb9 attempt 1: {'error': {'message': 'Rate limit exceeded: free-models-per-min. ', 'code': 429, 'metadata': {'headers': {'X-RateLimit-Limit': '20', 'X-RateLimit-Remaining': '0', 'X-RateLimit-Reset': '1790209740000'}, 'limit_source': 'openrouter_free_tier_per_minute', 'remedy_hint': 'Slow down requests to free mode
00:28:29|ERROR  |key limit reached -> stopping judge (resumable)
00:28:29|WARNING|jc3fd434b04 attempt 1: {'error': {'message': 'Rate limit exceeded: free-models-per-min. ', 'code': 429, 'metadata': {'headers': {'X-RateLimit-Limit': '20', 'X-RateLimit-Remaining': '0', 'X-RateLimit-Reset': '1790209740000'}, 'limit_source': 'openrouter_free_tier_per_minute', 'remedy_hint': 'Slow down requests to free mode
00:28:29|ERROR  |key limit reached -> stopping judge (resumable)
00:28:29|WARNING|jc48593aa1f attempt 1: {'error': {'message': 'Rate limit exceeded: free-models-per-min. ', 'code': 429, 'metadata': {'headers': {'X-RateLimit-Limit': '20', 'X-RateLimit-Remaining': '0', 'X-RateLimit-Reset': '1790209740000'}, 'limit_source': 'openrouter_free_tier_per_minute', 'remedy_hint': 'Slow down requests to free mode
00:28:29|ERROR  |key limit reached -> stopping judge (resumable)
00:28:29|WARNING|jc48ca43a5d attempt 1: {'error': {'message': 'Rate limit exceeded: free-models-per-min. ', 'code': 429, 'metadata': {'headers': {'X-RateLimit-Limit': '20', 'X-RateLimit-Remaining': '0', 'X-RateLimit-Reset': '1790209740000'}, 'limit_source': 'openrouter_free_tier_per_minute', 'remedy_hint': 'Slow down requests to free mode
00:28:29|ERROR  |key limit reached -> stopping judge (resumable)
00:28:29|WARNING|jc4c8e0e4bf attempt 1: {'error': {'message': 'Rate limit exceeded: free-models-per-min. ', 'code': 429, 'metadata': {'headers': {'X-RateLimit-Limit': '20', 'X-RateLimit-Remaining': '0', 'X-RateLimit-Reset': '1790209740000'}, 'limit_source': 'openrouter_free_tier_per_minute', 'remedy_hint': 'Slow down requests to free mode
00:28:29|ERROR  |key limit reached -> stopping judge (resumable)
00:28:29|WARNING|jc4ee8fe2c9 attempt 1: {'error': {'message': 'Rate limit exceeded: free-models-per-min. ', 'code': 429, 'metadata': {'headers': {'X-RateLimit-Limit': '20', 'X-RateLimit-Remaining': '0', 'X-RateLimit-Reset': '1790209740000'}, 'limit_source': 'openrouter_free_tier_per_minute', 'remedy_hint': 'Slow down requests to free mode
00:28:29|ERROR  |key limit reached -> stopping judge (resumable)
00:28:29|WARNING|jc50e028803 attempt 1: {'error': {'message': 'Rate limit exceeded: free-models-per-min. ', 'code': 429, 'metadata': {'headers': {'X-RateLimit-Limit': '20', 'X-RateLimit-Remaining': '0', 'X-RateLimit-Reset': '1790209740000'}, 'limit_source': 'openrouter_free_tier_per_minute', 'remedy_hint': 'Slow down requests to free mode
00:28:29|ERROR  |key limit reached -> stopping judge (resumable)
00:28:29|WARNING|jc5260dfa6e attempt 1: {'error': {'message': 'Rate limit exceeded: free-models-per-min. ', 'code': 429, 'metadata': {'headers': {'X-RateLimit-Limit': '20', 'X-RateLimit-Remaining': '0', 'X-RateLimit-Reset': '1790209740000'}, 'limit_source': 'openrouter_free_tier_per_minute', 'remedy_hint': 'Slow down requests to free mode
00:28:29|ERROR  |key limit reached -> stopping judge (resumable)
00:28:29|WARNING|jc5993f9a24 attempt 1: {'error': {'message': 'Rate limit exceeded: free-models-per-min. ', 'code': 429, 'metadata': {'headers': {'X-RateLimit-Limit': '20', 'X-RateLimit-Remaining': '0', 'X-RateLimit-Reset': '1790209740000'}, 'limit_source': 'openrouter_free_tier_per_minute', 'remedy_hint': 'Slow down requests to free mode
00:28:29|ERROR  |key limit reached -> stopping judge (resumable)
00:28:29|WARNING|jc5542ef30f attempt 1: {'error': {'message': 'Rate limit exceeded: free-models-per-min. ', 'code': 429, 'metadata': {'headers': {'X-RateLimit-Limit': '20', 'X-RateLimit-Remaining': '0', 'X-RateLimit-Reset': '1790209740000'}, 'limit_source': 'openrouter_free_tier_per_minute', 'remedy_hint': 'Slow down requests to free mode
00:28:29|ERROR  |key limit reached -> stopping judge (resumable)
00:28:29|WARNING|jc557546c4f attempt 1: {'error': {'message': 'Rate limit exceeded: free-models-per-min. ', 'code': 429, 'metadata': {'headers': {'X-RateLimit-Limit': '20', 'X-RateLimit-Remaining': '0', 'X-RateLimit-Reset': '1790209740000'}, 'limit_source': 'openrouter_free_tier_per_minute', 'remedy_hint': 'Slow down requests to free mode
00:28:29|ERROR  |key limit reached -> stopping judge (resumable)
00:28:29|WARNING|jc5e37c0665 attempt 1: {'error': {'message': 'Rate limit exceeded: free-models-per-min. ', 'code': 429, 'metadata': {'headers': {'X-RateLimit-Limit': '20', 'X-RateLimit-Remaining': '0', 'X-RateLimit-Reset': '1790209740000'}, 'limit_source': 'openrouter_free_tier_per_minute', 'remedy_hint': 'Slow down requests to free mode
00:28:29|ERROR  |key limit reached -> stopping judge (resumable)
00:28:29|WARNING|jc5beeb0a50 attempt 1: {'error': {'message': 'Rate limit exceeded: free-models-per-min. ', 'code': 429, 'metadata': {'headers': {'X-RateLimit-Limit': '20', 'X-RateLimit-Remaining': '0', 'X-RateLimit-Reset': '1790209740000'}, 'limit_source': 'openrouter_free_tier_per_minute', 'remedy_hint': 'Slow down requests to free mode
00:28:29|ERROR  |key limit reached -> stopping judge (resumable)
00:28:29|WARNING|jc60af357e9 attempt 1: {'error': {'message': 'Rate limit exceeded: free-models-per-min. ', 'code': 429, 'metadata': {'headers': {'X-RateLimit-Limit': '20', 'X-RateLimit-Remaining': '0', 'X-RateLimit-Reset': '1790209740000'}, 'limit_source': 'openrouter_free_tier_per_minute', 'remedy_hint': 'Slow down requests to free mode
00:28:29|ERROR  |key limit reached -> stopping judge (resumable)
00:28:29|WARNING|jc61b0e4951 attempt 1: {'error': {'message': 'Rate limit exceeded: free-models-per-min. ', 'code': 429, 'metadata': {'headers': {'X-RateLimit-Limit': '20', 'X-RateLimit-Remaining': '0', 'X-RateLimit-Reset': '1790209740000'}, 'limit_source': 'openrouter_free_tier_per_minute', 'remedy_hint': 'Slow down requests to free mode
00:28:29|ERROR  |key limit reached -> stopping judge (resumable)
00:28:29|WARNING|jc5d86e386b attempt 1: {'error': {'message': 'Rate limit exceeded: free-models-per-min. ', 'code': 429, 'metadata': {'headers': {'X-RateLimit-Limit': '20', 'X-RateLimit-Remaining': '0', 'X-RateLimit-Reset': '1790209740000'}, 'limit_source': 'openrouter_free_tier_per_minute', 'remedy_hint': 'Slow down requests to free mode
00:28:29|ERROR  |key limit reached -> stopping judge (resumable)
00:28:29|WARNING|jc63783226f attempt 1: {'error': {'message': 'Rate limit exceeded: free-models-per-min. ', 'code': 429, 'metadata': {'headers': {'X-RateLimit-Limit': '20', 'X-RateLimit-Remaining': '0', 'X-RateLimit-Reset': '1790209740000'}, 'limit_source': 'openrouter_free_tier_per_minute', 'remedy_hint': 'Slow down requests to free mode
00:28:29|ERROR  |key limit reached -> stopping judge (resumable)
00:28:29|WARNING|jc62a27dafa attempt 1: {'error': {'message': 'Rate limit exceeded: free-models-per-min. ', 'code': 429, 'metadata': {'headers': {'X-RateLimit-Limit': '20', 'X-RateLimit-Remaining': '0', 'X-RateLimit-Reset': '1790209740000'}, 'limit_source': 'openrouter_free_tier_per_minute', 'remedy_hint': 'Slow down requests to free mode
00:28:29|ERROR  |key limit reached -> stopping judge (resumable)
00:28:29|WARNING|jc6552e068b attempt 1: {'error': {'message': 'Rate limit exceeded: free-models-per-min. ', 'code': 429, 'metadata': {'headers': {'X-RateLimit-Limit': '20', 'X-RateLimit-Remaining': '0', 'X-RateLimit-Reset': '1790209740000'}, 'limit_source': 'openrouter_free_tier_per_minute', 'remedy_hint': 'Slow down requests to free mode
00:28:29|ERROR  |key limit reached -> stopping judge (resumable)
00:28:29|WARNING|jc4cb49451e attempt 1: {'error': {'message': 'Rate limit exceeded: free-models-per-min. ', 'code': 429, 'metadata': {'headers': {'X-RateLimit-Limit': '20', 'X-RateLimit-Remaining': '0', 'X-RateLimit-Reset': '1790209740000'}, 'limit_source': 'openrouter_free_tier_per_minute', 'remedy_hint': 'Slow down requests to free mode
00:28:29|ERROR  |key limit reached -> stopping judge (resumable)
00:28:29|WARNING|jc677794fba attempt 1: {'error': {'message': 'Rate limit exceeded: free-models-per-min. ', 'code': 429, 'metadata': {'headers': {'X-RateLimit-Limit': '20', 'X-RateLimit-Remaining': '0', 'X-RateLimit-Reset': '1790209740000'}, 'limit_source': 'openrouter_free_tier_per_minute', 'remedy_hint': 'Slow down requests to free mode
00:28:29|ERROR  |key limit reached -> stopping judge (resumable)
00:28:30|WARNING|jc6cc8c7f78 attempt 1: {'error': {'message': 'Rate limit exceeded: free-models-per-min. ', 'code': 429, 'metadata': {'headers': {'X-RateLimit-Limit': '20', 'X-RateLimit-Remaining': '0', 'X-RateLimit-Reset': '1790209740000'}, 'limit_source': 'openrouter_free_tier_per_minute', 'remedy_hint': 'Slow down requests to free mode
00:28:30|ERROR  |key limit reached -> stopping judge (resumable)
00:28:30|WARNING|jc6c8798dd1 attempt 1: {'error': {'message': 'Rate limit exceeded: free-models-per-min. ', 'code': 429, 'metadata': {'headers': {'X-RateLimit-Limit': '20', 'X-RateLimit-Remaining': '0', 'X-RateLimit-Reset': '1790209740000'}, 'limit_source': 'openrouter_free_tier_per_minute', 'remedy_hint': 'Slow down requests to free mode
00:28:30|ERROR  |key limit reached -> stopping judge (resumable)
00:28:30|WARNING|jc6d4a1dea8 attempt 1: {'error': {'message': 'Rate limit exceeded: free-models-per-min. ', 'code': 429, 'metadata': {'headers': {'X-RateLimit-Limit': '20', 'X-RateLimit-Remaining': '0', 'X-RateLimit-Reset': '1790209740000'}, 'limit_source': 'openrouter_free_tier_per_minute', 'remedy_hint': 'Slow down requests to free mode
00:28:30|ERROR  |key limit reached -> stopping judge (resumable)
00:28:30|WARNING|jc7118105ee attempt 1: {'error': {'message': 'Rate limit exceeded: free-models-per-min. ', 'code': 429, 'metadata': {'headers': {'X-RateLimit-Limit': '20', 'X-RateLimit-Remaining': '0', 'X-RateLimit-Reset': '1790209740000'}, 'limit_source': 'openrouter_free_tier_per_minute', 'remedy_hint': 'Slow down requests to free mode
00:28:30|ERROR  |key limit reached -> stopping judge (resumable)
00:28:30|WARNING|jc7081c92d8 attempt 1: {'error': {'message': 'Rate limit exceeded: free-models-per-min. ', 'code': 429, 'metadata': {'headers': {'X-RateLimit-Limit': '20', 'X-RateLimit-Remaining': '0', 'X-RateLimit-Reset': '1790209740000'}, 'limit_source': 'openrouter_free_tier_per_minute', 'remedy_hint': 'Slow down requests to free mode
00:28:30|ERROR  |key limit reached -> stopping judge (resumable)
00:28:30|WARNING|jc6e60caa05 attempt 1: {'error': {'message': 'Rate limit exceeded: free-models-per-min. ', 'code': 429, 'metadata': {'headers': {'X-RateLimit-Limit': '20', 'X-RateLimit-Remaining': '0', 'X-RateLimit-Reset': '1790209740000'}, 'limit_source': 'openrouter_free_tier_per_minute', 'remedy_hint': 'Slow down requests to free mode
00:28:30|ERROR  |key limit reached -> stopping judge (resumable)
00:28:30|WARNING|jc71c843050 attempt 1: {'error': {'message': 'Rate limit exceeded: free-models-per-min. ', 'code': 429, 'metadata': {'headers': {'X-RateLimit-Limit': '20', 'X-RateLimit-Remaining': '0', 'X-RateLimit-Reset': '1790209740000'}, 'limit_source': 'openrouter_free_tier_per_minute', 'remedy_hint': 'Slow down requests to free mode
00:28:30|ERROR  |key limit reached -> stopping judge (resumable)
00:28:30|WARNING|jc73816efc7 attempt 1: {'error': {'message': 'Rate limit exceeded: free-models-per-min. ', 'code': 429, 'metadata': {'headers': {'X-RateLimit-Limit': '20', 'X-RateLimit-Remaining': '0', 'X-RateLimit-Reset': '1790209740000'}, 'limit_source': 'openrouter_free_tier_per_minute', 'remedy_hint': 'Slow down requests to free mode
00:28:30|ERROR  |key limit reached -> stopping judge (resumable)
00:28:30|WARNING|jc72dec0e0b attempt 1: {'error': {'message': 'Rate limit exceeded: free-models-per-min. ', 'code': 429, 'metadata': {'headers': {'X-RateLimit-Limit': '20', 'X-RateLimit-Remaining': '0', 'X-RateLimit-Reset': '1790209740000'}, 'limit_source': 'openrouter_free_tier_per_minute', 'remedy_hint': 'Slow down requests to free mode
00:28:30|ERROR  |key limit reached -> stopping judge (resumable)
00:28:30|WARNING|jc763571091 attempt 1: {'error': {'message': 'Rate limit exceeded: free-models-per-min. ', 'code': 429, 'metadata': {'headers': {'X-RateLimit-Limit': '20', 'X-RateLimit-Remaining': '0', 'X-RateLimit-Reset': '1790209740000'}, 'limit_source': 'openrouter_free_tier_per_minute', 'remedy_hint': 'Slow down requests to free mode
00:28:30|ERROR  |key limit reached -> stopping judge (resumable)
00:28:30|WARNING|jc766896b40 attempt 1: {'error': {'message': 'Rate limit exceeded: free-models-per-min. ', 'code': 429, 'metadata': {'headers': {'X-RateLimit-Limit': '20', 'X-RateLimit-Remaining': '0', 'X-RateLimit-Reset': '1790209740000'}, 'limit_source': 'openrouter_free_tier_per_minute', 'remedy_hint': 'Slow down requests to free mode
00:28:30|ERROR  |key limit reached -> stopping judge (resumable)
00:28:30|WARNING|jc7ce24d6fc attempt 1: {'error': {'message': 'Rate limit exceeded: free-models-per-min. ', 'code': 429, 'metadata': {'headers': {'X-RateLimit-Limit': '20', 'X-RateLimit-Remaining': '0', 'X-RateLimit-Reset': '1790209740000'}, 'limit_source': 'openrouter_free_tier_per_minute', 'remedy_hint': 'Slow down requests to free mode
00:28:30|ERROR  |key limit reached -> stopping judge (resumable)
00:28:30|WARNING|jc7b31c9763 attempt 1: {'error': {'message': 'Rate limit exceeded: free-models-per-min. ', 'code': 429, 'metadata': {'headers': {'X-RateLimit-Limit': '20', 'X-RateLimit-Remaining': '0', 'X-RateLimit-Reset': '1790209740000'}, 'limit_source': 'openrouter_free_tier_per_minute', 'remedy_hint': 'Slow down requests to free mode
00:28:30|ERROR  |key limit reached -> stopping judge (resumable)
00:28:30|WARNING|jc79c82e772 attempt 1: {'error': {'message': 'Rate limit exceeded: free-models-per-min. ', 'code': 429, 'metadata': {'headers': {'X-RateLimit-Limit': '20', 'X-RateLimit-Remaining': '0', 'X-RateLimit-Reset': '1790209740000'}, 'limit_source': 'openrouter_free_tier_per_minute', 'remedy_hint': 'Slow down requests to free mode
00:28:30|ERROR  |key limit reached -> stopping judge (resumable)
00:28:30|WARNING|jc82b25bc75 attempt 1: {'error': {'message': 'Rate limit exceeded: free-models-per-min. ', 'code': 429, 'metadata': {'headers': {'X-RateLimit-Limit': '20', 'X-RateLimit-Remaining': '0', 'X-RateLimit-Reset': '1790209740000'}, 'limit_source': 'openrouter_free_tier_per_minute', 'remedy_hint': 'Slow down requests to free mode
00:28:30|ERROR  |key limit reached -> stopping judge (resumable)
00:28:30|WARNING|jc7e68947b4 attempt 1: {'error': {'message': 'Rate limit exceeded: free-models-per-min. ', 'code': 429, 'metadata': {'headers': {'X-RateLimit-Limit': '20', 'X-RateLimit-Remaining': '0', 'X-RateLimit-Reset': '1790209740000'}, 'limit_source': 'openrouter_free_tier_per_minute', 'remedy_hint': 'Slow down requests to free mode
00:28:30|ERROR  |key limit reached -> stopping judge (resumable)
00:28:30|WARNING|jc81c4fd997 attempt 1: {'error': {'message': 'Rate limit exceeded: free-models-per-min. ', 'code': 429, 'metadata': {'headers': {'X-RateLimit-Limit': '20', 'X-RateLimit-Remaining': '0', 'X-RateLimit-Reset': '1790209740000'}, 'limit_source': 'openrouter_free_tier_per_minute', 'remedy_hint': 'Slow down requests to free mode
00:28:30|ERROR  |key limit reached -> stopping judge (resumable)
00:28:30|WARNING|jc837329937 attempt 1: {'error': {'message': 'Rate limit exceeded: free-models-per-min. ', 'code': 429, 'metadata': {'headers': {'X-RateLimit-Limit': '20', 'X-RateLimit-Remaining': '0', 'X-RateLimit-Reset': '1790209740000'}, 'limit_source': 'openrouter_free_tier_per_minute', 'remedy_hint': 'Slow down requests to free mode
00:28:30|ERROR  |key limit reached -> stopping judge (resumable)
00:28:30|WARNING|jc80450b6c5 attempt 1: {'error': {'message': 'Rate limit exceeded: free-models-per-min. ', 'code': 429, 'metadata': {'headers': {'X-RateLimit-Limit': '20', 'X-RateLimit-Remaining': '0', 'X-RateLimit-Reset': '1790209740000'}, 'limit_source': 'openrouter_free_tier_per_minute', 'remedy_hint': 'Slow down requests to free mode
00:28:30|ERROR  |key limit reached -> stopping judge (resumable)
00:28:30|WARNING|jc8787b5f50 attempt 1: {'error': {'message': 'Rate limit exceeded: free-models-per-min. ', 'code': 429, 'metadata': {'headers': {'X-RateLimit-Limit': '20', 'X-RateLimit-Remaining': '0', 'X-RateLimit-Reset': '1790209740000'}, 'limit_source': 'openrouter_free_tier_per_minute', 'remedy_hint': 'Slow down requests to free mode
00:28:30|ERROR  |key limit reached -> stopping judge (resumable)
00:28:30|WARNING|jc8a0b121fc attempt 1: {'error': {'message': 'Rate limit exceeded: free-models-per-min. ', 'code': 429, 'metadata': {'headers': {'X-RateLimit-Limit': '20', 'X-RateLimit-Remaining': '0', 'X-RateLimit-Reset': '1790209740000'}, 'limit_source': 'openrouter_free_tier_per_minute', 'remedy_hint': 'Slow down requests to free mode
00:28:31|ERROR  |key limit reached -> stopping judge (resumable)
00:28:31|WARNING|jc8775c6272 attempt 1: {'error': {'message': 'Rate limit exceeded: free-models-per-min. ', 'code': 429, 'metadata': {'headers': {'X-RateLimit-Limit': '20', 'X-RateLimit-Remaining': '0', 'X-RateLimit-Reset': '1790209740000'}, 'limit_source': 'openrouter_free_tier_per_minute', 'remedy_hint': 'Slow down requests to free mode
00:28:31|ERROR  |key limit reached -> stopping judge (resumable)
00:28:31|WARNING|jc8a53de9e4 attempt 1: {'error': {'message': 'Rate limit exceeded: free-models-per-min. ', 'code': 429, 'metadata': {'headers': {'X-RateLimit-Limit': '20', 'X-RateLimit-Remaining': '0', 'X-RateLimit-Reset': '1790209740000'}, 'limit_source': 'openrouter_free_tier_per_minute', 'remedy_hint': 'Slow down requests to free mode
00:28:31|ERROR  |key limit reached -> stopping judge (resumable)
00:28:31|WARNING|jc8dffa5569 attempt 1: {'error': {'message': 'Rate limit exceeded: free-models-per-min. ', 'code': 429, 'metadata': {'headers': {'X-RateLimit-Limit': '20', 'X-RateLimit-Remaining': '0', 'X-RateLimit-Reset': '1790209740000'}, 'limit_source': 'openrouter_free_tier_per_minute', 'remedy_hint': 'Slow down requests to free mode
00:28:31|ERROR  |key limit reached -> stopping judge (resumable)
00:28:31|WARNING|jc8d0806958 attempt 1: {'error': {'message': 'Rate limit exceeded: free-models-per-min. ', 'code': 429, 'metadata': {'headers': {'X-RateLimit-Limit': '20', 'X-RateLimit-Remaining': '0', 'X-RateLimit-Reset': '1790209740000'}, 'limit_source': 'openrouter_free_tier_per_minute', 'remedy_hint': 'Slow down requests to free mode
00:28:31|ERROR  |key limit reached -> stopping judge (resumable)
00:28:31|WARNING|jc8c97f675c attempt 1: {'error': {'message': 'Rate limit exceeded: free-models-per-min. ', 'code': 429, 'metadata': {'headers': {'X-RateLimit-Limit': '20', 'X-RateLimit-Remaining': '0', 'X-RateLimit-Reset': '1790209740000'}, 'limit_source': 'openrouter_free_tier_per_minute', 'remedy_hint': 'Slow down requests to free mode
00:28:31|ERROR  |key limit reached -> stopping judge (resumable)
00:28:31|WARNING|jc8f8ea3075 attempt 1: {'error': {'message': 'Rate limit exceeded: free-models-per-min. ', 'code': 429, 'metadata': {'headers': {'X-RateLimit-Limit': '20', 'X-RateLimit-Remaining': '0', 'X-RateLimit-Reset': '1790209740000'}, 'limit_source': 'openrouter_free_tier_per_minute', 'remedy_hint': 'Slow down requests to free mode
00:28:31|ERROR  |key limit reached -> stopping judge (resumable)
00:28:31|WARNING|jc90826b80e attempt 1: {'error': {'message': 'Rate limit exceeded: free-models-per-min. ', 'code': 429, 'metadata': {'headers': {'X-RateLimit-Limit': '20', 'X-RateLimit-Remaining': '0', 'X-RateLimit-Reset': '1790209740000'}, 'limit_source': 'openrouter_free_tier_per_minute', 'remedy_hint': 'Slow down requests to free mode
00:28:31|ERROR  |key limit reached -> stopping judge (resumable)
00:28:31|WARNING|jc966f5078a attempt 1: {'error': {'message': 'Rate limit exceeded: free-models-per-min. ', 'code': 429, 'metadata': {'headers': {'X-RateLimit-Limit': '20', 'X-RateLimit-Remaining': '0', 'X-RateLimit-Reset': '1790209740000'}, 'limit_source': 'openrouter_free_tier_per_minute', 'remedy_hint': 'Slow down requests to free mode
00:28:31|ERROR  |key limit reached -> stopping judge (resumable)
00:28:31|WARNING|jc9803ae2b3 attempt 1: {'error': {'message': 'Rate limit exceeded: free-models-per-min. ', 'code': 429, 'metadata': {'headers': {'X-RateLimit-Limit': '20', 'X-RateLimit-Remaining': '0', 'X-RateLimit-Reset': '1790209740000'}, 'limit_source': 'openrouter_free_tier_per_minute', 'remedy_hint': 'Slow down requests to free mode
00:28:31|ERROR  |key limit reached -> stopping judge (resumable)
00:28:31|WARNING|jc9b01b7814 attempt 1: {'error': {'message': 'Rate limit exceeded: free-models-per-min. ', 'code': 429, 'metadata': {'headers': {'X-RateLimit-Limit': '20', 'X-RateLimit-Remaining': '0', 'X-RateLimit-Reset': '1790209740000'}, 'limit_source': 'openrouter_free_tier_per_minute', 'remedy_hint': 'Slow down requests to free mode
00:28:31|ERROR  |key limit reached -> stopping judge (resumable)
00:28:31|WARNING|jc9c8afaa67 attempt 1: {'error': {'message': 'Rate limit exceeded: free-models-per-min. ', 'code': 429, 'metadata': {'headers': {'X-RateLimit-Limit': '20', 'X-RateLimit-Remaining': '0', 'X-RateLimit-Reset': '1790209740000'}, 'limit_source': 'openrouter_free_tier_per_minute', 'remedy_hint': 'Slow down requests to free mode
00:28:31|ERROR  |key limit reached -> stopping judge (resumable)
00:28:31|WARNING|jc9f87a8975 attempt 1: {'error': {'message': 'Rate limit exceeded: free-models-per-min. ', 'code': 429, 'metadata': {'headers': {'X-RateLimit-Limit': '20', 'X-RateLimit-Remaining': '0', 'X-RateLimit-Reset': '1790209740000'}, 'limit_source': 'openrouter_free_tier_per_minute', 'remedy_hint': 'Slow down requests to free mode
00:28:31|ERROR  |key limit reached -> stopping judge (resumable)
00:28:31|WARNING|jc9c51a64d3 attempt 1: {'error': {'message': 'Rate limit exceeded: free-models-per-min. ', 'code': 429, 'metadata': {'headers': {'X-RateLimit-Limit': '20', 'X-RateLimit-Remaining': '0', 'X-RateLimit-Reset': '1790209740000'}, 'limit_source': 'openrouter_free_tier_per_minute', 'remedy_hint': 'Slow down requests to free mode
00:28:31|ERROR  |key limit reached -> stopping judge (resumable)
00:28:31|WARNING|jc9f0a6fc43 attempt 1: {'error': {'message': 'Rate limit exceeded: free-models-per-min. ', 'code': 429, 'metadata': {'headers': {'X-RateLimit-Limit': '20', 'X-RateLimit-Remaining': '0', 'X-RateLimit-Reset': '1790209740000'}, 'limit_source': 'openrouter_free_tier_per_minute', 'remedy_hint': 'Slow down requests to free mode
00:28:31|ERROR  |key limit reached -> stopping judge (resumable)
00:28:31|WARNING|jca1d8113a6 attempt 1: {'error': {'message': 'Rate limit exceeded: free-models-per-min. ', 'code': 429, 'metadata': {'headers': {'X-RateLimit-Limit': '20', 'X-RateLimit-Remaining': '0', 'X-RateLimit-Reset': '1790209740000'}, 'limit_source': 'openrouter_free_tier_per_minute', 'remedy_hint': 'Slow down requests to free mode
00:28:31|ERROR  |key limit reached -> stopping judge (resumable)
00:28:31|WARNING|jca110f053d attempt 1: {'error': {'message': 'Rate limit exceeded: free-models-per-min. ', 'code': 429, 'metadata': {'headers': {'X-RateLimit-Limit': '20', 'X-RateLimit-Remaining': '0', 'X-RateLimit-Reset': '1790209740000'}, 'limit_source': 'openrouter_free_tier_per_minute', 'remedy_hint': 'Slow down requests to free mode
00:28:31|ERROR  |key limit reached -> stopping judge (resumable)
00:28:31|WARNING|jca694eea2d attempt 1: {'error': {'message': 'Rate limit exceeded: free-models-per-min. ', 'code': 429, 'metadata': {'headers': {'X-RateLimit-Limit': '20', 'X-RateLimit-Remaining': '0', 'X-RateLimit-Reset': '1790209740000'}, 'limit_source': 'openrouter_free_tier_per_minute', 'remedy_hint': 'Slow down requests to free mode
00:28:31|ERROR  |key limit reached -> stopping judge (resumable)
00:28:31|WARNING|jca41f0fb93 attempt 1: {'error': {'message': 'Rate limit exceeded: free-models-per-min. ', 'code': 429, 'metadata': {'headers': {'X-RateLimit-Limit': '20', 'X-RateLimit-Remaining': '0', 'X-RateLimit-Reset': '1790209740000'}, 'limit_source': 'openrouter_free_tier_per_minute', 'remedy_hint': 'Slow down requests to free mode
00:28:31|ERROR  |key limit reached -> stopping judge (resumable)
00:28:31|WARNING|jca6c99fbb5 attempt 1: {'error': {'message': 'Rate limit exceeded: free-models-per-min. ', 'code': 429, 'metadata': {'headers': {'X-RateLimit-Limit': '20', 'X-RateLimit-Remaining': '0', 'X-RateLimit-Reset': '1790209740000'}, 'limit_source': 'openrouter_free_tier_per_minute', 'remedy_hint': 'Slow down requests to free mode
00:28:31|ERROR  |key limit reached -> stopping judge (resumable)
00:28:31|WARNING|jca831554b6 attempt 1: {'error': {'message': 'Rate limit exceeded: free-models-per-min. ', 'code': 429, 'metadata': {'headers': {'X-RateLimit-Limit': '20', 'X-RateLimit-Remaining': '0', 'X-RateLimit-Reset': '1790209740000'}, 'limit_source': 'openrouter_free_tier_per_minute', 'remedy_hint': 'Slow down requests to free mode
00:28:31|ERROR  |key limit reached -> stopping judge (resumable)
00:28:31|WARNING|jca7fb500ee attempt 1: {'error': {'message': 'Rate limit exceeded: free-models-per-min. ', 'code': 429, 'metadata': {'headers': {'X-RateLimit-Limit': '20', 'X-RateLimit-Remaining': '0', 'X-RateLimit-Reset': '1790209740000'}, 'limit_source': 'openrouter_free_tier_per_minute', 'remedy_hint': 'Slow down requests to free mode
00:28:31|ERROR  |key limit reached -> stopping judge (resumable)
00:28:31|WARNING|jca8b3e2bd3 attempt 1: {'error': {'message': 'Rate limit exceeded: free-models-per-min. ', 'code': 429, 'metadata': {'headers': {'X-RateLimit-Limit': '20', 'X-RateLimit-Remaining': '0', 'X-RateLimit-Reset': '1790209740000'}, 'limit_source': 'openrouter_free_tier_per_minute', 'remedy_hint': 'Slow down requests to free mode
00:28:31|ERROR  |key limit reached -> stopping judge (resumable)
00:28:31|WARNING|jca984bba21 attempt 1: {'error': {'message': 'Rate limit exceeded: free-models-per-min. ', 'code': 429, 'metadata': {'headers': {'X-RateLimit-Limit': '20', 'X-RateLimit-Remaining': '0', 'X-RateLimit-Reset': '1790209740000'}, 'limit_source': 'openrouter_free_tier_per_minute', 'remedy_hint': 'Slow down requests to free mode
00:28:31|ERROR  |key limit reached -> stopping judge (resumable)
00:28:32|WARNING|jcaac4fe512 attempt 1: {'error': {'message': 'Rate limit exceeded: free-models-per-min. ', 'code': 429, 'metadata': {'headers': {'X-RateLimit-Limit': '20', 'X-RateLimit-Remaining': '0', 'X-RateLimit-Reset': '1790209740000'}, 'limit_source': 'openrouter_free_tier_per_minute', 'remedy_hint': 'Slow down requests to free mode
00:28:32|ERROR  |key limit reached -> stopping judge (resumable)
00:28:32|WARNING|jcae2bfcfd3 attempt 1: {'error': {'message': 'Rate limit exceeded: free-models-per-min. ', 'code': 429, 'metadata': {'headers': {'X-RateLimit-Limit': '20', 'X-RateLimit-Remaining': '0', 'X-RateLimit-Reset': '1790209740000'}, 'limit_source': 'openrouter_free_tier_per_minute', 'remedy_hint': 'Slow down requests to free mode
00:28:32|ERROR  |key limit reached -> stopping judge (resumable)
00:28:32|WARNING|jcae3336584 attempt 1: {'error': {'message': 'Rate limit exceeded: free-models-per-min. ', 'code': 429, 'metadata': {'headers': {'X-RateLimit-Limit': '20', 'X-RateLimit-Remaining': '0', 'X-RateLimit-Reset': '1790209740000'}, 'limit_source': 'openrouter_free_tier_per_minute', 'remedy_hint': 'Slow down requests to free mode
00:28:32|ERROR  |key limit reached -> stopping judge (resumable)
00:28:32|WARNING|jcabf759e3b attempt 1: {'error': {'message': 'Rate limit exceeded: free-models-per-min. ', 'code': 429, 'metadata': {'headers': {'X-RateLimit-Limit': '20', 'X-RateLimit-Remaining': '0', 'X-RateLimit-Reset': '1790209740000'}, 'limit_source': 'openrouter_free_tier_per_minute', 'remedy_hint': 'Slow down requests to free mode
00:28:32|ERROR  |key limit reached -> stopping judge (resumable)
00:28:32|WARNING|jcae588ac37 attempt 1: {'error': {'message': 'Rate limit exceeded: free-models-per-min. ', 'code': 429, 'metadata': {'headers': {'X-RateLimit-Limit': '20', 'X-RateLimit-Remaining': '0', 'X-RateLimit-Reset': '1790209740000'}, 'limit_source': 'openrouter_free_tier_per_minute', 'remedy_hint': 'Slow down requests to free mode
00:28:32|ERROR  |key limit reached -> stopping judge (resumable)
00:28:32|WARNING|jcb118c9f64 attempt 1: {'error': {'message': 'Rate limit exceeded: free-models-per-min. ', 'code': 429, 'metadata': {'headers': {'X-RateLimit-Limit': '20', 'X-RateLimit-Remaining': '0', 'X-RateLimit-Reset': '1790209740000'}, 'limit_source': 'openrouter_free_tier_per_minute', 'remedy_hint': 'Slow down requests to free mode
00:28:32|ERROR  |key limit reached -> stopping judge (resumable)
00:28:32|WARNING|jcb4beb9229 attempt 1: {'error': {'message': 'Rate limit exceeded: free-models-per-min. ', 'code': 429, 'metadata': {'headers': {'X-RateLimit-Limit': '20', 'X-RateLimit-Remaining': '0', 'X-RateLimit-Reset': '1790209740000'}, 'limit_source': 'openrouter_free_tier_per_minute', 'remedy_hint': 'Slow down requests to free mode
00:28:32|ERROR  |key limit reached -> stopping judge (resumable)
00:28:32|WARNING|jcb19f4143b attempt 1: {'error': {'message': 'Rate limit exceeded: free-models-per-min. ', 'code': 429, 'metadata': {'headers': {'X-RateLimit-Limit': '20', 'X-RateLimit-Remaining': '0', 'X-RateLimit-Reset': '1790209740000'}, 'limit_source': 'openrouter_free_tier_per_minute', 'remedy_hint': 'Slow down requests to free mode
00:28:32|ERROR  |key limit reached -> stopping judge (resumable)
00:28:32|WARNING|jcb8cad80c5 attempt 1: {'error': {'message': 'Rate limit exceeded: free-models-per-min. ', 'code': 429, 'metadata': {'headers': {'X-RateLimit-Limit': '20', 'X-RateLimit-Remaining': '0', 'X-RateLimit-Reset': '1790209740000'}, 'limit_source': 'openrouter_free_tier_per_minute', 'remedy_hint': 'Slow down requests to free mode
00:28:32|ERROR  |key limit reached -> stopping judge (resumable)
00:28:32|WARNING|jcb94ddd692 attempt 1: {'error': {'message': 'Rate limit exceeded: free-models-per-min. ', 'code': 429, 'metadata': {'headers': {'X-RateLimit-Limit': '20', 'X-RateLimit-Remaining': '0', 'X-RateLimit-Reset': '1790209740000'}, 'limit_source': 'openrouter_free_tier_per_minute', 'remedy_hint': 'Slow down requests to free mode
00:28:32|ERROR  |key limit reached -> stopping judge (resumable)
00:28:32|WARNING|jcbd0af30b4 attempt 1: {'error': {'message': 'Rate limit exceeded: free-models-per-min. ', 'code': 429, 'metadata': {'headers': {'X-RateLimit-Limit': '20', 'X-RateLimit-Remaining': '0', 'X-RateLimit-Reset': '1790209740000'}, 'limit_source': 'openrouter_free_tier_per_minute', 'remedy_hint': 'Slow down requests to free mode
00:28:32|ERROR  |key limit reached -> stopping judge (resumable)
00:28:32|WARNING|jcbc5ff73f2 attempt 1: {'error': {'message': 'Rate limit exceeded: free-models-per-min. ', 'code': 429, 'metadata': {'headers': {'X-RateLimit-Limit': '20', 'X-RateLimit-Remaining': '0', 'X-RateLimit-Reset': '1790209740000'}, 'limit_source': 'openrouter_free_tier_per_minute', 'remedy_hint': 'Slow down requests to free mode
00:28:32|ERROR  |key limit reached -> stopping judge (resumable)
00:28:32|WARNING|jcbd252b5f3 attempt 1: {'error': {'message': 'Rate limit exceeded: free-models-per-min. ', 'code': 429, 'metadata': {'headers': {'X-RateLimit-Limit': '20', 'X-RateLimit-Remaining': '0', 'X-RateLimit-Reset': '1790209740000'}, 'limit_source': 'openrouter_free_tier_per_minute', 'remedy_hint': 'Slow down requests to free mode
00:28:32|ERROR  |key limit reached -> stopping judge (resumable)
00:28:32|WARNING|jcc0226fc42 attempt 1: {'error': {'message': 'Rate limit exceeded: free-models-per-min. ', 'code': 429, 'metadata': {'headers': {'X-RateLimit-Limit': '20', 'X-RateLimit-Remaining': '0', 'X-RateLimit-Reset': '1790209740000'}, 'limit_source': 'openrouter_free_tier_per_minute', 'remedy_hint': 'Slow down requests to free mode
00:28:32|ERROR  |key limit reached -> stopping judge (resumable)
00:28:32|WARNING|jcbfd462734 attempt 1: {'error': {'message': 'Rate limit exceeded: free-models-per-min. ', 'code': 429, 'metadata': {'headers': {'X-RateLimit-Limit': '20', 'X-RateLimit-Remaining': '0', 'X-RateLimit-Reset': '1790209740000'}, 'limit_source': 'openrouter_free_tier_per_minute', 'remedy_hint': 'Slow down requests to free mode
00:28:32|ERROR  |key limit reached -> stopping judge (resumable)
00:28:32|WARNING|jcbe4441ae0 attempt 1: {'error': {'message': 'Rate limit exceeded: free-models-per-min. ', 'code': 429, 'metadata': {'headers': {'X-RateLimit-Limit': '20', 'X-RateLimit-Remaining': '0', 'X-RateLimit-Reset': '1790209740000'}, 'limit_source': 'openrouter_free_tier_per_minute', 'remedy_hint': 'Slow down requests to free mode
00:28:32|ERROR  |key limit reached -> stopping judge (resumable)
00:28:32|WARNING|jcc16b5425e attempt 1: {'error': {'message': 'Rate limit exceeded: free-models-per-min. ', 'code': 429, 'metadata': {'headers': {'X-RateLimit-Limit': '20', 'X-RateLimit-Remaining': '0', 'X-RateLimit-Reset': '1790209740000'}, 'limit_source': 'openrouter_free_tier_per_minute', 'remedy_hint': 'Slow down requests to free mode
00:28:32|ERROR  |key limit reached -> stopping judge (resumable)
00:28:32|WARNING|jcc3ae3d762 attempt 1: {'error': {'message': 'Rate limit exceeded: free-models-per-min. ', 'code': 429, 'metadata': {'headers': {'X-RateLimit-Limit': '20', 'X-RateLimit-Remaining': '0', 'X-RateLimit-Reset': '1790209740000'}, 'limit_source': 'openrouter_free_tier_per_minute', 'remedy_hint': 'Slow down requests to free mode
00:28:32|ERROR  |key limit reached -> stopping judge (resumable)
00:28:32|WARNING|jcc2ff202d2 attempt 1: {'error': {'message': 'Rate limit exceeded: free-models-per-min. ', 'code': 429, 'metadata': {'headers': {'X-RateLimit-Limit': '20', 'X-RateLimit-Remaining': '0', 'X-RateLimit-Reset': '1790209740000'}, 'limit_source': 'openrouter_free_tier_per_minute', 'remedy_hint': 'Slow down requests to free mode
00:28:32|ERROR  |key limit reached -> stopping judge (resumable)
00:28:32|WARNING|jcc1e3ca3c4 attempt 1: {'error': {'message': 'Rate limit exceeded: free-models-per-min. ', 'code': 429, 'metadata': {'headers': {'X-RateLimit-Limit': '20', 'X-RateLimit-Remaining': '0', 'X-RateLimit-Reset': '1790209740000'}, 'limit_source': 'openrouter_free_tier_per_minute', 'remedy_hint': 'Slow down requests to free mode
00:28:32|ERROR  |key limit reached -> stopping judge (resumable)
00:28:32|WARNING|jcc57d102fa attempt 1: {'error': {'message': 'Rate limit exceeded: free-models-per-min. ', 'code': 429, 'metadata': {'headers': {'X-RateLimit-Limit': '20', 'X-RateLimit-Remaining': '0', 'X-RateLimit-Reset': '1790209740000'}, 'limit_source': 'openrouter_free_tier_per_minute', 'remedy_hint': 'Slow down requests to free mode
00:28:32|ERROR  |key limit reached -> stopping judge (resumable)
00:28:32|WARNING|jcccba15635 attempt 1: {'error': {'message': 'Rate limit exceeded: free-models-per-min. ', 'code': 429, 'metadata': {'headers': {'X-RateLimit-Limit': '20', 'X-RateLimit-Remaining': '0', 'X-RateLimit-Reset': '1790209740000'}, 'limit_source': 'openrouter_free_tier_per_minute', 'remedy_hint': 'Slow down requests to free mode
00:28:32|ERROR  |key limit reached -> stopping judge (resumable)
00:28:32|WARNING|jcca835d303 attempt 1: {'error': {'message': 'Rate limit exceeded: free-models-per-min. ', 'code': 429, 'metadata': {'headers': {'X-RateLimit-Limit': '20', 'X-RateLimit-Remaining': '0', 'X-RateLimit-Reset': '1790209740000'}, 'limit_source': 'openrouter_free_tier_per_minute', 'remedy_hint': 'Slow down requests to free mode
00:28:32|ERROR  |key limit reached -> stopping judge (resumable)
00:28:32|WARNING|jccf72e0074 attempt 1: {'error': {'message': 'Rate limit exceeded: free-models-per-min. ', 'code': 429, 'metadata': {'headers': {'X-RateLimit-Limit': '20', 'X-RateLimit-Remaining': '0', 'X-RateLimit-Reset': '1790209740000'}, 'limit_source': 'openrouter_free_tier_per_minute', 'remedy_hint': 'Slow down requests to free mode
00:28:32|ERROR  |key limit reached -> stopping judge (resumable)
00:28:32|WARNING|jcce330b993 attempt 1: {'error': {'message': 'Rate limit exceeded: free-models-per-min. ', 'code': 429, 'metadata': {'headers': {'X-RateLimit-Limit': '20', 'X-RateLimit-Remaining': '0', 'X-RateLimit-Reset': '1790209740000'}, 'limit_source': 'openrouter_free_tier_per_minute', 'remedy_hint': 'Slow down requests to free mode
00:28:32|ERROR  |key limit reached -> stopping judge (resumable)
00:28:33|WARNING|jcd0c4e05d6 attempt 1: {'error': {'message': 'Rate limit exceeded: free-models-per-min. ', 'code': 429, 'metadata': {'headers': {'X-RateLimit-Limit': '20', 'X-RateLimit-Remaining': '0', 'X-RateLimit-Reset': '1790209740000'}, 'limit_source': 'openrouter_free_tier_per_minute', 'remedy_hint': 'Slow down requests to free mode
00:28:33|ERROR  |key limit reached -> stopping judge (resumable)
00:28:33|WARNING|jcd58a79899 attempt 1: {'error': {'message': 'Rate limit exceeded: free-models-per-min. ', 'code': 429, 'metadata': {'headers': {'X-RateLimit-Limit': '20', 'X-RateLimit-Remaining': '0', 'X-RateLimit-Reset': '1790209740000'}, 'limit_source': 'openrouter_free_tier_per_minute', 'remedy_hint': 'Slow down requests to free mode
00:28:33|ERROR  |key limit reached -> stopping judge (resumable)
00:28:33|WARNING|jcd87ac038c attempt 1: {'error': {'message': 'Rate limit exceeded: free-models-per-min. ', 'code': 429, 'metadata': {'headers': {'X-RateLimit-Limit': '20', 'X-RateLimit-Remaining': '0', 'X-RateLimit-Reset': '1790209740000'}, 'limit_source': 'openrouter_free_tier_per_minute', 'remedy_hint': 'Slow down requests to free mode
00:28:33|ERROR  |key limit reached -> stopping judge (resumable)
00:28:33|WARNING|jcd3d7dfbcd attempt 1: {'error': {'message': 'Rate limit exceeded: free-models-per-min. ', 'code': 429, 'metadata': {'headers': {'X-RateLimit-Limit': '20', 'X-RateLimit-Remaining': '0', 'X-RateLimit-Reset': '1790209740000'}, 'limit_source': 'openrouter_free_tier_per_minute', 'remedy_hint': 'Slow down requests to free mode
00:28:33|ERROR  |key limit reached -> stopping judge (resumable)
00:28:33|WARNING|jcdb2c70c37 attempt 1: {'error': {'message': 'Rate limit exceeded: free-models-per-min. ', 'code': 429, 'metadata': {'headers': {'X-RateLimit-Limit': '20', 'X-RateLimit-Remaining': '0', 'X-RateLimit-Reset': '1790209740000'}, 'limit_source': 'openrouter_free_tier_per_minute', 'remedy_hint': 'Slow down requests to free mode
00:28:33|ERROR  |key limit reached -> stopping judge (resumable)
00:28:33|WARNING|jcdd8d0541d attempt 1: {'error': {'message': 'Rate limit exceeded: free-models-per-min. ', 'code': 429, 'metadata': {'headers': {'X-RateLimit-Limit': '20', 'X-RateLimit-Remaining': '0', 'X-RateLimit-Reset': '1790209740000'}, 'limit_source': 'openrouter_free_tier_per_minute', 'remedy_hint': 'Slow down requests to free mode
00:28:33|ERROR  |key limit reached -> stopping judge (resumable)
00:28:33|WARNING|jcdb55d6f55 attempt 1: {'error': {'message': 'Rate limit exceeded: free-models-per-min. ', 'code': 429, 'metadata': {'headers': {'X-RateLimit-Limit': '20', 'X-RateLimit-Remaining': '0', 'X-RateLimit-Reset': '1790209740000'}, 'limit_source': 'openrouter_free_tier_per_minute', 'remedy_hint': 'Slow down requests to free mode
00:28:33|ERROR  |key limit reached -> stopping judge (resumable)
00:28:33|WARNING|jcdde448938 attempt 1: {'error': {'message': 'Rate limit exceeded: free-models-per-min. ', 'code': 429, 'metadata': {'headers': {'X-RateLimit-Limit': '20', 'X-RateLimit-Remaining': '0', 'X-RateLimit-Reset': '1790209740000'}, 'limit_source': 'openrouter_free_tier_per_minute', 'remedy_hint': 'Slow down requests to free mode
00:28:33|ERROR  |key limit reached -> stopping judge (resumable)
00:28:33|WARNING|jcded656d75 attempt 1: {'error': {'message': 'Rate limit exceeded: free-models-per-min. ', 'code': 429, 'metadata': {'headers': {'X-RateLimit-Limit': '20', 'X-RateLimit-Remaining': '0', 'X-RateLimit-Reset': '1790209740000'}, 'limit_source': 'openrouter_free_tier_per_minute', 'remedy_hint': 'Slow down requests to free mode
00:28:33|ERROR  |key limit reached -> stopping judge (resumable)
00:28:33|WARNING|jce32d9e76f attempt 1: {'error': {'message': 'Rate limit exceeded: free-models-per-min. ', 'code': 429, 'metadata': {'headers': {'X-RateLimit-Limit': '20', 'X-RateLimit-Remaining': '0', 'X-RateLimit-Reset': '1790209740000'}, 'limit_source': 'openrouter_free_tier_per_minute', 'remedy_hint': 'Slow down requests to free mode
00:28:33|ERROR  |key limit reached -> stopping judge (resumable)
00:28:33|WARNING|jce053be8c4 attempt 1: {'error': {'message': 'Rate limit exceeded: free-models-per-min. ', 'code': 429, 'metadata': {'headers': {'X-RateLimit-Limit': '20', 'X-RateLimit-Remaining': '0', 'X-RateLimit-Reset': '1790209740000'}, 'limit_source': 'openrouter_free_tier_per_minute', 'remedy_hint': 'Slow down requests to free mode
00:28:33|ERROR  |key limit reached -> stopping judge (resumable)
00:28:33|WARNING|jce22d092e5 attempt 1: {'error': {'message': 'Rate limit exceeded: free-models-per-min. ', 'code': 429, 'metadata': {'headers': {'X-RateLimit-Limit': '20', 'X-RateLimit-Remaining': '0', 'X-RateLimit-Reset': '1790209740000'}, 'limit_source': 'openrouter_free_tier_per_minute', 'remedy_hint': 'Slow down requests to free mode
00:28:33|ERROR  |key limit reached -> stopping judge (resumable)
00:28:33|WARNING|jce4b217033 attempt 1: {'error': {'message': 'Rate limit exceeded: free-models-per-min. ', 'code': 429, 'metadata': {'headers': {'X-RateLimit-Limit': '20', 'X-RateLimit-Remaining': '0', 'X-RateLimit-Reset': '1790209740000'}, 'limit_source': 'openrouter_free_tier_per_minute', 'remedy_hint': 'Slow down requests to free mode
00:28:33|ERROR  |key limit reached -> stopping judge (resumable)
00:28:33|WARNING|jcecc597be1 attempt 1: {'error': {'message': 'Rate limit exceeded: free-models-per-min. ', 'code': 429, 'metadata': {'headers': {'X-RateLimit-Limit': '20', 'X-RateLimit-Remaining': '0', 'X-RateLimit-Reset': '1790209740000'}, 'limit_source': 'openrouter_free_tier_per_minute', 'remedy_hint': 'Slow down requests to free mode
00:28:33|ERROR  |key limit reached -> stopping judge (resumable)
00:28:33|WARNING|jce4942b8db attempt 1: {'error': {'message': 'Rate limit exceeded: free-models-per-min. ', 'code': 429, 'metadata': {'headers': {'X-RateLimit-Limit': '20', 'X-RateLimit-Remaining': '0', 'X-RateLimit-Reset': '1790209740000'}, 'limit_source': 'openrouter_free_tier_per_minute', 'remedy_hint': 'Slow down requests to free mode
00:28:33|ERROR  |key limit reached -> stopping judge (resumable)
00:28:33|WARNING|jce73676faa attempt 1: {'error': {'message': 'Rate limit exceeded: free-models-per-min. ', 'code': 429, 'metadata': {'headers': {'X-RateLimit-Limit': '20', 'X-RateLimit-Remaining': '0', 'X-RateLimit-Reset': '1790209740000'}, 'limit_source': 'openrouter_free_tier_per_minute', 'remedy_hint': 'Slow down requests to free mode
00:28:33|ERROR  |key limit reached -> stopping judge (resumable)
00:28:33|WARNING|jcf2fdbb6ca attempt 1: {'error': {'message': 'Rate limit exceeded: free-models-per-min. ', 'code': 429, 'metadata': {'headers': {'X-RateLimit-Limit': '20', 'X-RateLimit-Remaining': '0', 'X-RateLimit-Reset': '1790209740000'}, 'limit_source': 'openrouter_free_tier_per_minute', 'remedy_hint': 'Slow down requests to free mode
00:28:33|ERROR  |key limit reached -> stopping judge (resumable)
00:28:33|WARNING|jcf259da56c attempt 1: {'error': {'message': 'Rate limit exceeded: free-models-per-min. ', 'code': 429, 'metadata': {'headers': {'X-RateLimit-Limit': '20', 'X-RateLimit-Remaining': '0', 'X-RateLimit-Reset': '1790209740000'}, 'limit_source': 'openrouter_free_tier_per_minute', 'remedy_hint': 'Slow down requests to free mode
00:28:33|ERROR  |key limit reached -> stopping judge (resumable)
00:28:33|WARNING|jcee31137e2 attempt 1: {'error': {'message': 'Rate limit exceeded: free-models-per-min. ', 'code': 429, 'metadata': {'headers': {'X-RateLimit-Limit': '20', 'X-RateLimit-Remaining': '0', 'X-RateLimit-Reset': '1790209740000'}, 'limit_source': 'openrouter_free_tier_per_minute', 'remedy_hint': 'Slow down requests to free mode
00:28:33|ERROR  |key limit reached -> stopping judge (resumable)
00:28:33|WARNING|jced6eb93bf attempt 1: {'error': {'message': 'Rate limit exceeded: free-models-per-min. ', 'code': 429, 'metadata': {'headers': {'X-RateLimit-Limit': '20', 'X-RateLimit-Remaining': '0', 'X-RateLimit-Reset': '1790209740000'}, 'limit_source': 'openrouter_free_tier_per_minute', 'remedy_hint': 'Slow down requests to free mode
00:28:33|ERROR  |key limit reached -> stopping judge (resumable)
00:28:34|WARNING|jcf44dfa505 attempt 1: {'error': {'message': 'Rate limit exceeded: free-models-per-min. ', 'code': 429, 'metadata': {'headers': {'X-RateLimit-Limit': '20', 'X-RateLimit-Remaining': '0', 'X-RateLimit-Reset': '1790209740000'}, 'limit_source': 'openrouter_free_tier_per_minute', 'remedy_hint': 'Slow down requests to free mode
00:28:34|ERROR  |key limit reached -> stopping judge (resumable)
00:28:34|WARNING|jcf3c23e95c attempt 1: {'error': {'message': 'Rate limit exceeded: free-models-per-min. ', 'code': 429, 'metadata': {'headers': {'X-RateLimit-Limit': '20', 'X-RateLimit-Remaining': '0', 'X-RateLimit-Reset': '1790209740000'}, 'limit_source': 'openrouter_free_tier_per_minute', 'remedy_hint': 'Slow down requests to free mode
00:28:34|ERROR  |key limit reached -> stopping judge (resumable)
00:28:34|WARNING|jcf5b158a82 attempt 1: {'error': {'message': 'Rate limit exceeded: free-models-per-min. ', 'code': 429, 'metadata': {'headers': {'X-RateLimit-Limit': '20', 'X-RateLimit-Remaining': '0', 'X-RateLimit-Reset': '1790209740000'}, 'limit_source': 'openrouter_free_tier_per_minute', 'remedy_hint': 'Slow down requests to free mode
00:28:34|ERROR  |key limit reached -> stopping judge (resumable)
00:28:34|WARNING|jcf48cb4d8f attempt 1: {'error': {'message': 'Rate limit exceeded: free-models-per-min. ', 'code': 429, 'metadata': {'headers': {'X-RateLimit-Limit': '20', 'X-RateLimit-Remaining': '0', 'X-RateLimit-Reset': '1790209740000'}, 'limit_source': 'openrouter_free_tier_per_minute', 'remedy_hint': 'Slow down requests to free mode
00:28:34|ERROR  |key limit reached -> stopping judge (resumable)
00:28:34|WARNING|jcf66836973 attempt 1: {'error': {'message': 'Rate limit exceeded: free-models-per-min. ', 'code': 429, 'metadata': {'headers': {'X-RateLimit-Limit': '20', 'X-RateLimit-Remaining': '0', 'X-RateLimit-Reset': '1790209740000'}, 'limit_source': 'openrouter_free_tier_per_minute', 'remedy_hint': 'Slow down requests to free mode
00:28:34|ERROR  |key limit reached -> stopping judge (resumable)
00:28:34|WARNING|jcf79225ef9 attempt 1: {'error': {'message': 'Rate limit exceeded: free-models-per-min. ', 'code': 429, 'metadata': {'headers': {'X-RateLimit-Limit': '20', 'X-RateLimit-Remaining': '0', 'X-RateLimit-Reset': '1790209740000'}, 'limit_source': 'openrouter_free_tier_per_minute', 'remedy_hint': 'Slow down requests to free mode
00:28:34|ERROR  |key limit reached -> stopping judge (resumable)
00:28:34|WARNING|jcf69eb6a9b attempt 1: {'error': {'message': 'Rate limit exceeded: free-models-per-min. ', 'code': 429, 'metadata': {'headers': {'X-RateLimit-Limit': '20', 'X-RateLimit-Remaining': '0', 'X-RateLimit-Reset': '1790209740000'}, 'limit_source': 'openrouter_free_tier_per_minute', 'remedy_hint': 'Slow down requests to free mode
00:28:34|ERROR  |key limit reached -> stopping judge (resumable)
00:28:34|WARNING|jcf71d46361 attempt 1: {'error': {'message': 'Rate limit exceeded: free-models-per-min. ', 'code': 429, 'metadata': {'headers': {'X-RateLimit-Limit': '20', 'X-RateLimit-Remaining': '0', 'X-RateLimit-Reset': '1790209740000'}, 'limit_source': 'openrouter_free_tier_per_minute', 'remedy_hint': 'Slow down requests to free mode
00:28:34|ERROR  |key limit reached -> stopping judge (resumable)
00:28:34|WARNING|jcfae791561 attempt 1: {'error': {'message': 'Rate limit exceeded: free-models-per-min. ', 'code': 429, 'metadata': {'headers': {'X-RateLimit-Limit': '20', 'X-RateLimit-Remaining': '0', 'X-RateLimit-Reset': '1790209740000'}, 'limit_source': 'openrouter_free_tier_per_minute', 'remedy_hint': 'Slow down requests to free mode
00:28:34|ERROR  |key limit reached -> stopping judge (resumable)
00:28:34|WARNING|jcf87737283 attempt 1: {'error': {'message': 'Rate limit exceeded: free-models-per-min. ', 'code': 429, 'metadata': {'headers': {'X-RateLimit-Limit': '20', 'X-RateLimit-Remaining': '0', 'X-RateLimit-Reset': '1790209740000'}, 'limit_source': 'openrouter_free_tier_per_minute', 'remedy_hint': 'Slow down requests to free mode
00:28:34|ERROR  |key limit reached -> stopping judge (resumable)
00:28:34|WARNING|jcfc7e85ff6 attempt 1: {'error': {'message': 'Rate limit exceeded: free-models-per-min. ', 'code': 429, 'metadata': {'headers': {'X-RateLimit-Limit': '20', 'X-RateLimit-Remaining': '0', 'X-RateLimit-Reset': '1790209740000'}, 'limit_source': 'openrouter_free_tier_per_minute', 'remedy_hint': 'Slow down requests to free mode
00:28:34|ERROR  |key limit reached -> stopping judge (resumable)
00:28:34|WARNING|jcfd22022ab attempt 1: {'error': {'message': 'Rate limit exceeded: free-models-per-min. ', 'code': 429, 'metadata': {'headers': {'X-RateLimit-Limit': '20', 'X-RateLimit-Remaining': '0', 'X-RateLimit-Reset': '1790209740000'}, 'limit_source': 'openrouter_free_tier_per_minute', 'remedy_hint': 'Slow down requests to free mode
00:28:34|ERROR  |key limit reached -> stopping judge (resumable)
00:28:34|WARNING|jcfde2dbd95 attempt 1: {'error': {'message': 'Rate limit exceeded: free-models-per-min. ', 'code': 429, 'metadata': {'headers': {'X-RateLimit-Limit': '20', 'X-RateLimit-Remaining': '0', 'X-RateLimit-Reset': '1790209740000'}, 'limit_source': 'openrouter_free_tier_per_minute', 'remedy_hint': 'Slow down requests to free mode
00:28:34|ERROR  |key limit reached -> stopping judge (resumable)
00:28:34|WARNING|jd00a940120 attempt 1: {'error': {'message': 'Rate limit exceeded: free-models-per-min. ', 'code': 429, 'metadata': {'headers': {'X-RateLimit-Limit': '20', 'X-RateLimit-Remaining': '0', 'X-RateLimit-Reset': '1790209740000'}, 'limit_source': 'openrouter_free_tier_per_minute', 'remedy_hint': 'Slow down requests to free mode
00:28:34|ERROR  |key limit reached -> stopping judge (resumable)
00:28:34|WARNING|jcff7a1b455 attempt 1: {'error': {'message': 'Rate limit exceeded: free-models-per-min. ', 'code': 429, 'metadata': {'headers': {'X-RateLimit-Limit': '20', 'X-RateLimit-Remaining': '0', 'X-RateLimit-Reset': '1790209740000'}, 'limit_source': 'openrouter_free_tier_per_minute', 'remedy_hint': 'Slow down requests to free mode
00:28:34|ERROR  |key limit reached -> stopping judge (resumable)
00:28:34|WARNING|jcfed08e7e3 attempt 1: {'error': {'message': 'Rate limit exceeded: free-models-per-min. ', 'code': 429, 'metadata': {'headers': {'X-RateLimit-Limit': '20', 'X-RateLimit-Remaining': '0', 'X-RateLimit-Reset': '1790209740000'}, 'limit_source': 'openrouter_free_tier_per_minute', 'remedy_hint': 'Slow down requests to free mode
00:28:34|ERROR  |key limit reached -> stopping judge (resumable)
00:28:34|WARNING|jd03cd84963 attempt 1: {'error': {'message': 'Rate limit exceeded: free-models-per-min. ', 'code': 429, 'metadata': {'headers': {'X-RateLimit-Limit': '20', 'X-RateLimit-Remaining': '0', 'X-RateLimit-Reset': '1790209740000'}, 'limit_source': 'openrouter_free_tier_per_minute', 'remedy_hint': 'Slow down requests to free mode
00:28:34|ERROR  |key limit reached -> stopping judge (resumable)
00:28:34|WARNING|jd017ec0951 attempt 1: {'error': {'message': 'Rate limit exceeded: free-models-per-min. ', 'code': 429, 'metadata': {'headers': {'X-RateLimit-Limit': '20', 'X-RateLimit-Remaining': '0', 'X-RateLimit-Reset': '1790209740000'}, 'limit_source': 'openrouter_free_tier_per_minute', 'remedy_hint': 'Slow down requests to free mode
00:28:34|ERROR  |key limit reached -> stopping judge (resumable)
00:28:34|WARNING|jd04c230a03 attempt 1: {'error': {'message': 'Rate limit exceeded: free-models-per-min. ', 'code': 429, 'metadata': {'headers': {'X-RateLimit-Limit': '20', 'X-RateLimit-Remaining': '0', 'X-RateLimit-Reset': '1790209740000'}, 'limit_source': 'openrouter_free_tier_per_minute', 'remedy_hint': 'Slow down requests to free mode
00:28:34|ERROR  |key limit reached -> stopping judge (resumable)
00:28:34|WARNING|jd00d7e65e5 attempt 1: {'error': {'message': 'Rate limit exceeded: free-models-per-min. ', 'code': 429, 'metadata': {'headers': {'X-RateLimit-Limit': '20', 'X-RateLimit-Remaining': '0', 'X-RateLimit-Reset': '1790209740000'}, 'limit_source': 'openrouter_free_tier_per_minute', 'remedy_hint': 'Slow down requests to free mode
00:28:34|ERROR  |key limit reached -> stopping judge (resumable)
00:28:35|WARNING|jd05679feda attempt 1: {'error': {'message': 'Rate limit exceeded: free-models-per-min. ', 'code': 429, 'metadata': {'headers': {'X-RateLimit-Limit': '20', 'X-RateLimit-Remaining': '0', 'X-RateLimit-Reset': '1790209740000'}, 'limit_source': 'openrouter_free_tier_per_minute', 'remedy_hint': 'Slow down requests to free mode
00:28:35|ERROR  |key limit reached -> stopping judge (resumable)
00:28:35|WARNING|jd0e79fe9c1 attempt 1: {'error': {'message': 'Rate limit exceeded: free-models-per-min. ', 'code': 429, 'metadata': {'headers': {'X-RateLimit-Limit': '20', 'X-RateLimit-Remaining': '0', 'X-RateLimit-Reset': '1790209740000'}, 'limit_source': 'openrouter_free_tier_per_minute', 'remedy_hint': 'Slow down requests to free mode
00:28:35|ERROR  |key limit reached -> stopping judge (resumable)
00:28:35|WARNING|jd079cc9707 attempt 1: {'error': {'message': 'Rate limit exceeded: free-models-per-min. ', 'code': 429, 'metadata': {'headers': {'X-RateLimit-Limit': '20', 'X-RateLimit-Remaining': '0', 'X-RateLimit-Reset': '1790209740000'}, 'limit_source': 'openrouter_free_tier_per_minute', 'remedy_hint': 'Slow down requests to free mode
00:28:35|ERROR  |key limit reached -> stopping judge (resumable)
00:28:35|WARNING|jd0d59df2b5 attempt 1: {'error': {'message': 'Rate limit exceeded: free-models-per-min. ', 'code': 429, 'metadata': {'headers': {'X-RateLimit-Limit': '20', 'X-RateLimit-Remaining': '0', 'X-RateLimit-Reset': '1790209740000'}, 'limit_source': 'openrouter_free_tier_per_minute', 'remedy_hint': 'Slow down requests to free mode
00:28:35|ERROR  |key limit reached -> stopping judge (resumable)
00:28:35|WARNING|jd0ec7eec23 attempt 1: {'error': {'message': 'Rate limit exceeded: free-models-per-min. ', 'code': 429, 'metadata': {'headers': {'X-RateLimit-Limit': '20', 'X-RateLimit-Remaining': '0', 'X-RateLimit-Reset': '1790209740000'}, 'limit_source': 'openrouter_free_tier_per_minute', 'remedy_hint': 'Slow down requests to free mode
00:28:35|ERROR  |key limit reached -> stopping judge (resumable)
00:28:35|WARNING|jd0f52a9299 attempt 1: {'error': {'message': 'Rate limit exceeded: free-models-per-min. ', 'code': 429, 'metadata': {'headers': {'X-RateLimit-Limit': '20', 'X-RateLimit-Remaining': '0', 'X-RateLimit-Reset': '1790209740000'}, 'limit_source': 'openrouter_free_tier_per_minute', 'remedy_hint': 'Slow down requests to free mode
00:28:35|ERROR  |key limit reached -> stopping judge (resumable)
00:28:35|WARNING|jd0f4ea71f4 attempt 1: {'error': {'message': 'Rate limit exceeded: free-models-per-min. ', 'code': 429, 'metadata': {'headers': {'X-RateLimit-Limit': '20', 'X-RateLimit-Remaining': '0', 'X-RateLimit-Reset': '1790209740000'}, 'limit_source': 'openrouter_free_tier_per_minute', 'remedy_hint': 'Slow down requests to free mode
00:28:35|ERROR  |key limit reached -> stopping judge (resumable)
00:28:35|WARNING|jd0fd419839 attempt 1: {'error': {'message': 'Rate limit exceeded: free-models-per-min. ', 'code': 429, 'metadata': {'headers': {'X-RateLimit-Limit': '20', 'X-RateLimit-Remaining': '0', 'X-RateLimit-Reset': '1790209740000'}, 'limit_source': 'openrouter_free_tier_per_minute', 'remedy_hint': 'Slow down requests to free mode
00:28:35|ERROR  |key limit reached -> stopping judge (resumable)
00:28:35|WARNING|jd10532c5a5 attempt 1: {'error': {'message': 'Rate limit exceeded: free-models-per-min. ', 'code': 429, 'metadata': {'headers': {'X-RateLimit-Limit': '20', 'X-RateLimit-Remaining': '0', 'X-RateLimit-Reset': '1790209740000'}, 'limit_source': 'openrouter_free_tier_per_minute', 'remedy_hint': 'Slow down requests to free mode
00:28:35|ERROR  |key limit reached -> stopping judge (resumable)
00:28:35|WARNING|jd1619ea46b attempt 1: {'error': {'message': 'Rate limit exceeded: free-models-per-min. ', 'code': 429, 'metadata': {'headers': {'X-RateLimit-Limit': '20', 'X-RateLimit-Remaining': '0', 'X-RateLimit-Reset': '1790209740000'}, 'limit_source': 'openrouter_free_tier_per_minute', 'remedy_hint': 'Slow down requests to free mode
00:28:35|ERROR  |key limit reached -> stopping judge (resumable)
00:28:35|WARNING|jd16a5d0905 attempt 1: {'error': {'message': 'Rate limit exceeded: free-models-per-min. ', 'code': 429, 'metadata': {'headers': {'X-RateLimit-Limit': '20', 'X-RateLimit-Remaining': '0', 'X-RateLimit-Reset': '1790209740000'}, 'limit_source': 'openrouter_free_tier_per_minute', 'remedy_hint': 'Slow down requests to free mode
00:28:35|ERROR  |key limit reached -> stopping judge (resumable)
00:28:35|WARNING|jd11da22b28 attempt 1: {'error': {'message': 'Rate limit exceeded: free-models-per-min. ', 'code': 429, 'metadata': {'headers': {'X-RateLimit-Limit': '20', 'X-RateLimit-Remaining': '0', 'X-RateLimit-Reset': '1790209740000'}, 'limit_source': 'openrouter_free_tier_per_minute', 'remedy_hint': 'Slow down requests to free mode
00:28:35|ERROR  |key limit reached -> stopping judge (resumable)
00:28:35|WARNING|jd142f64efc attempt 1: {'error': {'message': 'Rate limit exceeded: free-models-per-min. ', 'code': 429, 'metadata': {'headers': {'X-RateLimit-Limit': '20', 'X-RateLimit-Remaining': '0', 'X-RateLimit-Reset': '1790209740000'}, 'limit_source': 'openrouter_free_tier_per_minute', 'remedy_hint': 'Slow down requests to free mode
00:28:35|ERROR  |key limit reached -> stopping judge (resumable)
00:28:35|WARNING|jd1b07f1369 attempt 1: {'error': {'message': 'Rate limit exceeded: free-models-per-min. ', 'code': 429, 'metadata': {'headers': {'X-RateLimit-Limit': '20', 'X-RateLimit-Remaining': '0', 'X-RateLimit-Reset': '1790209740000'}, 'limit_source': 'openrouter_free_tier_per_minute', 'remedy_hint': 'Slow down requests to free mode
00:28:35|ERROR  |key limit reached -> stopping judge (resumable)
00:28:35|WARNING|jd1cab2e23b attempt 1: {'error': {'message': 'Rate limit exceeded: free-models-per-min. ', 'code': 429, 'metadata': {'headers': {'X-RateLimit-Limit': '20', 'X-RateLimit-Remaining': '0', 'X-RateLimit-Reset': '1790209740000'}, 'limit_source': 'openrouter_free_tier_per_minute', 'remedy_hint': 'Slow down requests to free mode
00:28:35|ERROR  |key limit reached -> stopping judge (resumable)
00:28:35|WARNING|jd17d6f2b31 attempt 1: {'error': {'message': 'Rate limit exceeded: free-models-per-min. ', 'code': 429, 'metadata': {'headers': {'X-RateLimit-Limit': '20', 'X-RateLimit-Remaining': '0', 'X-RateLimit-Reset': '1790209740000'}, 'limit_source': 'openrouter_free_tier_per_minute', 'remedy_hint': 'Slow down requests to free mode
00:28:35|ERROR  |key limit reached -> stopping judge (resumable)
00:28:35|WARNING|jd1a55ca73d attempt 1: {'error': {'message': 'Rate limit exceeded: free-models-per-min. ', 'code': 429, 'metadata': {'headers': {'X-RateLimit-Limit': '20', 'X-RateLimit-Remaining': '0', 'X-RateLimit-Reset': '1790209740000'}, 'limit_source': 'openrouter_free_tier_per_minute', 'remedy_hint': 'Slow down requests to free mode
00:28:35|ERROR  |key limit reached -> stopping judge (resumable)
00:28:35|WARNING|jd27540f0b8 attempt 1: {'error': {'message': 'Rate limit exceeded: free-models-per-min. ', 'code': 429, 'metadata': {'headers': {'X-RateLimit-Limit': '20', 'X-RateLimit-Remaining': '0', 'X-RateLimit-Reset': '1790209740000'}, 'limit_source': 'openrouter_free_tier_per_minute', 'remedy_hint': 'Slow down requests to free mode
00:28:35|ERROR  |key limit reached -> stopping judge (resumable)
00:28:35|WARNING|jd1ccaaf690 attempt 1: {'error': {'message': 'Rate limit exceeded: free-models-per-min. ', 'code': 429, 'metadata': {'headers': {'X-RateLimit-Limit': '20', 'X-RateLimit-Remaining': '0', 'X-RateLimit-Reset': '1790209740000'}, 'limit_source': 'openrouter_free_tier_per_minute', 'remedy_hint': 'Slow down requests to free mode
00:28:35|ERROR  |key limit reached -> stopping judge (resumable)
00:28:35|WARNING|jd1cf72316c attempt 1: {'error': {'message': 'Rate limit exceeded: free-models-per-min. ', 'code': 429, 'metadata': {'headers': {'X-RateLimit-Limit': '20', 'X-RateLimit-Remaining': '0', 'X-RateLimit-Reset': '1790209740000'}, 'limit_source': 'openrouter_free_tier_per_minute', 'remedy_hint': 'Slow down requests to free mode
00:28:35|ERROR  |key limit reached -> stopping judge (resumable)
00:28:35|WARNING|jd1d5c44c04 attempt 1: {'error': {'message': 'Rate limit exceeded: free-models-per-min. ', 'code': 429, 'metadata': {'headers': {'X-RateLimit-Limit': '20', 'X-RateLimit-Remaining': '0', 'X-RateLimit-Reset': '1790209740000'}, 'limit_source': 'openrouter_free_tier_per_minute', 'remedy_hint': 'Slow down requests to free mode
00:28:35|ERROR  |key limit reached -> stopping judge (resumable)
00:28:35|WARNING|jd28921ed88 attempt 1: {'error': {'message': 'Rate limit exceeded: free-models-per-min. ', 'code': 429, 'metadata': {'headers': {'X-RateLimit-Limit': '20', 'X-RateLimit-Remaining': '0', 'X-RateLimit-Reset': '1790209740000'}, 'limit_source': 'openrouter_free_tier_per_minute', 'remedy_hint': 'Slow down requests to free mode
00:28:35|ERROR  |key limit reached -> stopping judge (resumable)
00:28:35|WARNING|jd2c3bfd7f7 attempt 1: {'error': {'message': 'Rate limit exceeded: free-models-per-min. ', 'code': 429, 'metadata': {'headers': {'X-RateLimit-Limit': '20', 'X-RateLimit-Remaining': '0', 'X-RateLimit-Reset': '1790209740000'}, 'limit_source': 'openrouter_free_tier_per_minute', 'remedy_hint': 'Slow down requests to free mode
00:28:35|ERROR  |key limit reached -> stopping judge (resumable)
00:28:35|WARNING|jd2bd0a3239 attempt 1: {'error': {'message': 'Rate limit exceeded: free-models-per-min. ', 'code': 429, 'metadata': {'headers': {'X-RateLimit-Limit': '20', 'X-RateLimit-Remaining': '0', 'X-RateLimit-Reset': '1790209740000'}, 'limit_source': 'openrouter_free_tier_per_minute', 'remedy_hint': 'Slow down requests to free mode
00:28:35|ERROR  |key limit reached -> stopping judge (resumable)
00:28:35|WARNING|jd27bc03276 attempt 1: {'error': {'message': 'Rate limit exceeded: free-models-per-min. ', 'code': 429, 'metadata': {'headers': {'X-RateLimit-Limit': '20', 'X-RateLimit-Remaining': '0', 'X-RateLimit-Reset': '1790209740000'}, 'limit_source': 'openrouter_free_tier_per_minute', 'remedy_hint': 'Slow down requests to free mode
00:28:35|ERROR  |key limit reached -> stopping judge (resumable)
00:28:36|WARNING|jd2cd4941df attempt 1: {'error': {'message': 'Rate limit exceeded: free-models-per-min. ', 'code': 429, 'metadata': {'headers': {'X-RateLimit-Limit': '20', 'X-RateLimit-Remaining': '0', 'X-RateLimit-Reset': '1790209740000'}, 'limit_source': 'openrouter_free_tier_per_minute', 'remedy_hint': 'Slow down requests to free mode
00:28:36|ERROR  |key limit reached -> stopping judge (resumable)
00:28:36|WARNING|jd304b3d0b3 attempt 1: {'error': {'message': 'Rate limit exceeded: free-models-per-min. ', 'code': 429, 'metadata': {'headers': {'X-RateLimit-Limit': '20', 'X-RateLimit-Remaining': '0', 'X-RateLimit-Reset': '1790209740000'}, 'limit_source': 'openrouter_free_tier_per_minute', 'remedy_hint': 'Slow down requests to free mode
00:28:36|ERROR  |key limit reached -> stopping judge (resumable)
00:28:36|WARNING|jd2fbb04ad6 attempt 1: {'error': {'message': 'Rate limit exceeded: free-models-per-min. ', 'code': 429, 'metadata': {'headers': {'X-RateLimit-Limit': '20', 'X-RateLimit-Remaining': '0', 'X-RateLimit-Reset': '1790209740000'}, 'limit_source': 'openrouter_free_tier_per_minute', 'remedy_hint': 'Slow down requests to free mode
00:28:36|ERROR  |key limit reached -> stopping judge (resumable)
00:28:36|WARNING|jd2e2d80474 attempt 1: {'error': {'message': 'Rate limit exceeded: free-models-per-min. ', 'code': 429, 'metadata': {'headers': {'X-RateLimit-Limit': '20', 'X-RateLimit-Remaining': '0', 'X-RateLimit-Reset': '1790209740000'}, 'limit_source': 'openrouter_free_tier_per_minute', 'remedy_hint': 'Slow down requests to free mode
00:28:36|ERROR  |key limit reached -> stopping judge (resumable)
00:28:36|WARNING|jd30e77c615 attempt 1: {'error': {'message': 'Rate limit exceeded: free-models-per-min. ', 'code': 429, 'metadata': {'headers': {'X-RateLimit-Limit': '20', 'X-RateLimit-Remaining': '0', 'X-RateLimit-Reset': '1790209740000'}, 'limit_source': 'openrouter_free_tier_per_minute', 'remedy_hint': 'Slow down requests to free mode
00:28:36|ERROR  |key limit reached -> stopping judge (resumable)
00:28:36|WARNING|jd332629dbd attempt 1: {'error': {'message': 'Rate limit exceeded: free-models-per-min. ', 'code': 429, 'metadata': {'headers': {'X-RateLimit-Limit': '20', 'X-RateLimit-Remaining': '0', 'X-RateLimit-Reset': '1790209740000'}, 'limit_source': 'openrouter_free_tier_per_minute', 'remedy_hint': 'Slow down requests to free mode
00:28:36|ERROR  |key limit reached -> stopping judge (resumable)
00:28:36|WARNING|jd31a867e1f attempt 1: {'error': {'message': 'Rate limit exceeded: free-models-per-min. ', 'code': 429, 'metadata': {'headers': {'X-RateLimit-Limit': '20', 'X-RateLimit-Remaining': '0', 'X-RateLimit-Reset': '1790209740000'}, 'limit_source': 'openrouter_free_tier_per_minute', 'remedy_hint': 'Slow down requests to free mode
00:28:36|ERROR  |key limit reached -> stopping judge (resumable)
00:28:36|WARNING|jd329a76eba attempt 1: {'error': {'message': 'Rate limit exceeded: free-models-per-min. ', 'code': 429, 'metadata': {'headers': {'X-RateLimit-Limit': '20', 'X-RateLimit-Remaining': '0', 'X-RateLimit-Reset': '1790209740000'}, 'limit_source': 'openrouter_free_tier_per_minute', 'remedy_hint': 'Slow down requests to free mode
00:28:36|ERROR  |key limit reached -> stopping judge (resumable)
00:28:36|WARNING|jd354dcb06b attempt 1: {'error': {'message': 'Rate limit exceeded: free-models-per-min. ', 'code': 429, 'metadata': {'headers': {'X-RateLimit-Limit': '20', 'X-RateLimit-Remaining': '0', 'X-RateLimit-Reset': '1790209740000'}, 'limit_source': 'openrouter_free_tier_per_minute', 'remedy_hint': 'Slow down requests to free mode
00:28:36|ERROR  |key limit reached -> stopping judge (resumable)
00:28:36|WARNING|jd3d8ca9417 attempt 1: {'error': {'message': 'Rate limit exceeded: free-models-per-min. ', 'code': 429, 'metadata': {'headers': {'X-RateLimit-Limit': '20', 'X-RateLimit-Remaining': '0', 'X-RateLimit-Reset': '1790209740000'}, 'limit_source': 'openrouter_free_tier_per_minute', 'remedy_hint': 'Slow down requests to free mode
00:28:36|ERROR  |key limit reached -> stopping judge (resumable)
00:28:36|WARNING|jd37d469729 attempt 1: {'error': {'message': 'Rate limit exceeded: free-models-per-min. ', 'code': 429, 'metadata': {'headers': {'X-RateLimit-Limit': '20', 'X-RateLimit-Remaining': '0', 'X-RateLimit-Reset': '1790209740000'}, 'limit_source': 'openrouter_free_tier_per_minute', 'remedy_hint': 'Slow down requests to free mode
00:28:36|ERROR  |key limit reached -> stopping judge (resumable)
00:28:36|WARNING|jd3d0c589fd attempt 1: {'error': {'message': 'Rate limit exceeded: free-models-per-min. ', 'code': 429, 'metadata': {'headers': {'X-RateLimit-Limit': '20', 'X-RateLimit-Remaining': '0', 'X-RateLimit-Reset': '1790209740000'}, 'limit_source': 'openrouter_free_tier_per_minute', 'remedy_hint': 'Slow down requests to free mode
00:28:36|ERROR  |key limit reached -> stopping judge (resumable)
00:28:36|WARNING|jd42d17ffc0 attempt 1: {'error': {'message': 'Rate limit exceeded: free-models-per-min. ', 'code': 429, 'metadata': {'headers': {'X-RateLimit-Limit': '20', 'X-RateLimit-Remaining': '0', 'X-RateLimit-Reset': '1790209740000'}, 'limit_source': 'openrouter_free_tier_per_minute', 'remedy_hint': 'Slow down requests to free mode
00:28:36|ERROR  |key limit reached -> stopping judge (resumable)
00:28:36|WARNING|jd46b3a6f3b attempt 1: {'error': {'message': 'Rate limit exceeded: free-models-per-min. ', 'code': 429, 'metadata': {'headers': {'X-RateLimit-Limit': '20', 'X-RateLimit-Remaining': '0', 'X-RateLimit-Reset': '1790209740000'}, 'limit_source': 'openrouter_free_tier_per_minute', 'remedy_hint': 'Slow down requests to free mode
00:28:36|ERROR  |key limit reached -> stopping judge (resumable)
00:28:36|WARNING|jd4ee039ed8 attempt 1: {'error': {'message': 'Rate limit exceeded: free-models-per-min. ', 'code': 429, 'metadata': {'headers': {'X-RateLimit-Limit': '20', 'X-RateLimit-Remaining': '0', 'X-RateLimit-Reset': '1790209740000'}, 'limit_source': 'openrouter_free_tier_per_minute', 'remedy_hint': 'Slow down requests to free mode
00:28:36|ERROR  |key limit reached -> stopping judge (resumable)
00:28:36|WARNING|jd42d7ad212 attempt 1: {'error': {'message': 'Rate limit exceeded: free-models-per-min. ', 'code': 429, 'metadata': {'headers': {'X-RateLimit-Limit': '20', 'X-RateLimit-Remaining': '0', 'X-RateLimit-Reset': '1790209740000'}, 'limit_source': 'openrouter_free_tier_per_minute', 'remedy_hint': 'Slow down requests to free mode
00:28:36|ERROR  |key limit reached -> stopping judge (resumable)
00:28:36|WARNING|jd4d216ccc9 attempt 1: {'error': {'message': 'Rate limit exceeded: free-models-per-min. ', 'code': 429, 'metadata': {'headers': {'X-RateLimit-Limit': '20', 'X-RateLimit-Remaining': '0', 'X-RateLimit-Reset': '1790209740000'}, 'limit_source': 'openrouter_free_tier_per_minute', 'remedy_hint': 'Slow down requests to free mode
00:28:36|ERROR  |key limit reached -> stopping judge (resumable)
00:28:36|WARNING|jd501d3701e attempt 1: {'error': {'message': 'Rate limit exceeded: free-models-per-min. ', 'code': 429, 'metadata': {'headers': {'X-RateLimit-Limit': '20', 'X-RateLimit-Remaining': '0', 'X-RateLimit-Reset': '1790209740000'}, 'limit_source': 'openrouter_free_tier_per_minute', 'remedy_hint': 'Slow down requests to free mode
00:28:36|ERROR  |key limit reached -> stopping judge (resumable)
00:28:36|WARNING|jd507dca2f2 attempt 1: {'error': {'message': 'Rate limit exceeded: free-models-per-min. ', 'code': 429, 'metadata': {'headers': {'X-RateLimit-Limit': '20', 'X-RateLimit-Remaining': '0', 'X-RateLimit-Reset': '1790209740000'}, 'limit_source': 'openrouter_free_tier_per_minute', 'remedy_hint': 'Slow down requests to free mode
00:28:36|ERROR  |key limit reached -> stopping judge (resumable)
00:28:36|WARNING|jd4fd55f190 attempt 1: {'error': {'message': 'Rate limit exceeded: free-models-per-min. ', 'code': 429, 'metadata': {'headers': {'X-RateLimit-Limit': '20', 'X-RateLimit-Remaining': '0', 'X-RateLimit-Reset': '1790209740000'}, 'limit_source': 'openrouter_free_tier_per_minute', 'remedy_hint': 'Slow down requests to free mode
00:28:36|ERROR  |key limit reached -> stopping judge (resumable)
00:28:36|WARNING|jd509fe4996 attempt 1: {'error': {'message': 'Rate limit exceeded: free-models-per-min. ', 'code': 429, 'metadata': {'headers': {'X-RateLimit-Limit': '20', 'X-RateLimit-Remaining': '0', 'X-RateLimit-Reset': '1790209740000'}, 'limit_source': 'openrouter_free_tier_per_minute', 'remedy_hint': 'Slow down requests to free mode
00:28:36|ERROR  |key limit reached -> stopping judge (resumable)
00:28:36|WARNING|jd51a940946 attempt 1: {'error': {'message': 'Rate limit exceeded: free-models-per-min. ', 'code': 429, 'metadata': {'headers': {'X-RateLimit-Limit': '20', 'X-RateLimit-Remaining': '0', 'X-RateLimit-Reset': '1790209740000'}, 'limit_source': 'openrouter_free_tier_per_minute', 'remedy_hint': 'Slow down requests to free mode
00:28:36|ERROR  |key limit reached -> stopping judge (resumable)
00:28:36|WARNING|jd530c21a87 attempt 1: {'error': {'message': 'Rate limit exceeded: free-models-per-min. ', 'code': 429, 'metadata': {'headers': {'X-RateLimit-Limit': '20', 'X-RateLimit-Remaining': '0', 'X-RateLimit-Reset': '1790209740000'}, 'limit_source': 'openrouter_free_tier_per_minute', 'remedy_hint': 'Slow down requests to free mode
00:28:36|ERROR  |key limit reached -> stopping judge (resumable)
00:28:36|WARNING|jd51adf2c12 attempt 1: {'error': {'message': 'Rate limit exceeded: free-models-per-min. ', 'code': 429, 'metadata': {'headers': {'X-RateLimit-Limit': '20', 'X-RateLimit-Remaining': '0', 'X-RateLimit-Reset': '1790209740000'}, 'limit_source': 'openrouter_free_tier_per_minute', 'remedy_hint': 'Slow down requests to free mode
00:28:36|ERROR  |key limit reached -> stopping judge (resumable)
00:28:36|WARNING|jd58c2ec52a attempt 1: {'error': {'message': 'Rate limit exceeded: free-models-per-min. ', 'code': 429, 'metadata': {'headers': {'X-RateLimit-Limit': '20', 'X-RateLimit-Remaining': '0', 'X-RateLimit-Reset': '1790209740000'}, 'limit_source': 'openrouter_free_tier_per_minute', 'remedy_hint': 'Slow down requests to free mode
00:28:36|ERROR  |key limit reached -> stopping judge (resumable)
00:28:37|WARNING|jd5e8013f20 attempt 1: {'error': {'message': 'Rate limit exceeded: free-models-per-min. ', 'code': 429, 'metadata': {'headers': {'X-RateLimit-Limit': '20', 'X-RateLimit-Remaining': '0', 'X-RateLimit-Reset': '1790209740000'}, 'limit_source': 'openrouter_free_tier_per_minute', 'remedy_hint': 'Slow down requests to free mode
00:28:37|ERROR  |key limit reached -> stopping judge (resumable)
00:28:37|WARNING|jd598640cb4 attempt 1: {'error': {'message': 'Rate limit exceeded: free-models-per-min. ', 'code': 429, 'metadata': {'headers': {'X-RateLimit-Limit': '20', 'X-RateLimit-Remaining': '0', 'X-RateLimit-Reset': '1790209740000'}, 'limit_source': 'openrouter_free_tier_per_minute', 'remedy_hint': 'Slow down requests to free mode
00:28:37|ERROR  |key limit reached -> stopping judge (resumable)
00:28:37|WARNING|jd536237abc attempt 1: {'error': {'message': 'Rate limit exceeded: free-models-per-min. ', 'code': 429, 'metadata': {'headers': {'X-RateLimit-Limit': '20', 'X-RateLimit-Remaining': '0', 'X-RateLimit-Reset': '1790209740000'}, 'limit_source': 'openrouter_free_tier_per_minute', 'remedy_hint': 'Slow down requests to free mode
00:28:37|ERROR  |key limit reached -> stopping judge (resumable)
00:28:37|WARNING|jd5d971fa57 attempt 1: {'error': {'message': 'Rate limit exceeded: free-models-per-min. ', 'code': 429, 'metadata': {'headers': {'X-RateLimit-Limit': '20', 'X-RateLimit-Remaining': '0', 'X-RateLimit-Reset': '1790209740000'}, 'limit_source': 'openrouter_free_tier_per_minute', 'remedy_hint': 'Slow down requests to free mode
00:28:37|ERROR  |key limit reached -> stopping judge (resumable)
00:28:37|WARNING|jd60477519b attempt 1: {'error': {'message': 'Rate limit exceeded: free-models-per-min. ', 'code': 429, 'metadata': {'headers': {'X-RateLimit-Limit': '20', 'X-RateLimit-Remaining': '0', 'X-RateLimit-Reset': '1790209740000'}, 'limit_source': 'openrouter_free_tier_per_minute', 'remedy_hint': 'Slow down requests to free mode
00:28:37|ERROR  |key limit reached -> stopping judge (resumable)
00:28:37|WARNING|jd5c6d62464 attempt 1: {'error': {'message': 'Rate limit exceeded: free-models-per-min. ', 'code': 429, 'metadata': {'headers': {'X-RateLimit-Limit': '20', 'X-RateLimit-Remaining': '0', 'X-RateLimit-Reset': '1790209740000'}, 'limit_source': 'openrouter_free_tier_per_minute', 'remedy_hint': 'Slow down requests to free mode
00:28:37|ERROR  |key limit reached -> stopping judge (resumable)
00:28:37|WARNING|jd6077c6af6 attempt 1: {'error': {'message': 'Rate limit exceeded: free-models-per-min. ', 'code': 429, 'metadata': {'headers': {'X-RateLimit-Limit': '20', 'X-RateLimit-Remaining': '0', 'X-RateLimit-Reset': '1790209740000'}, 'limit_source': 'openrouter_free_tier_per_minute', 'remedy_hint': 'Slow down requests to free mode
00:28:37|ERROR  |key limit reached -> stopping judge (resumable)
00:28:37|WARNING|jd63a54dcc4 attempt 1: {'error': {'message': 'Rate limit exceeded: free-models-per-min. ', 'code': 429, 'metadata': {'headers': {'X-RateLimit-Limit': '20', 'X-RateLimit-Remaining': '0', 'X-RateLimit-Reset': '1790209740000'}, 'limit_source': 'openrouter_free_tier_per_minute', 'remedy_hint': 'Slow down requests to free mode
00:28:37|ERROR  |key limit reached -> stopping judge (resumable)
00:28:37|WARNING|jd606f22066 attempt 1: {'error': {'message': 'Rate limit exceeded: free-models-per-min. ', 'code': 429, 'metadata': {'headers': {'X-RateLimit-Limit': '20', 'X-RateLimit-Remaining': '0', 'X-RateLimit-Reset': '1790209740000'}, 'limit_source': 'openrouter_free_tier_per_minute', 'remedy_hint': 'Slow down requests to free mode
00:28:37|ERROR  |key limit reached -> stopping judge (resumable)
00:28:37|WARNING|jd6907b4a1f attempt 1: {'error': {'message': 'Rate limit exceeded: free-models-per-min. ', 'code': 429, 'metadata': {'headers': {'X-RateLimit-Limit': '20', 'X-RateLimit-Remaining': '0', 'X-RateLimit-Reset': '1790209740000'}, 'limit_source': 'openrouter_free_tier_per_minute', 'remedy_hint': 'Slow down requests to free mode
00:28:37|ERROR  |key limit reached -> stopping judge (resumable)
00:28:37|WARNING|jd6be704693 attempt 1: {'error': {'message': 'Rate limit exceeded: free-models-per-min. ', 'code': 429, 'metadata': {'headers': {'X-RateLimit-Limit': '20', 'X-RateLimit-Remaining': '0', 'X-RateLimit-Reset': '1790209740000'}, 'limit_source': 'openrouter_free_tier_per_minute', 'remedy_hint': 'Slow down requests to free mode
00:28:37|ERROR  |key limit reached -> stopping judge (resumable)
00:28:37|WARNING|jd70bf24954 attempt 1: {'error': {'message': 'Rate limit exceeded: free-models-per-min. ', 'code': 429, 'metadata': {'headers': {'X-RateLimit-Limit': '20', 'X-RateLimit-Remaining': '0', 'X-RateLimit-Reset': '1790209740000'}, 'limit_source': 'openrouter_free_tier_per_minute', 'remedy_hint': 'Slow down requests to free mode
00:28:37|ERROR  |key limit reached -> stopping judge (resumable)
00:28:37|WARNING|jd7339fa09c attempt 1: {'error': {'message': 'Rate limit exceeded: free-models-per-min. ', 'code': 429, 'metadata': {'headers': {'X-RateLimit-Limit': '20', 'X-RateLimit-Remaining': '0', 'X-RateLimit-Reset': '1790209740000'}, 'limit_source': 'openrouter_free_tier_per_minute', 'remedy_hint': 'Slow down requests to free mode
00:28:37|ERROR  |key limit reached -> stopping judge (resumable)
00:28:37|WARNING|jd741508e6f attempt 1: {'error': {'message': 'Rate limit exceeded: free-models-per-min. ', 'code': 429, 'metadata': {'headers': {'X-RateLimit-Limit': '20', 'X-RateLimit-Remaining': '0', 'X-RateLimit-Reset': '1790209740000'}, 'limit_source': 'openrouter_free_tier_per_minute', 'remedy_hint': 'Slow down requests to free mode
00:28:37|ERROR  |key limit reached -> stopping judge (resumable)
00:28:37|WARNING|jd71135c9d7 attempt 1: {'error': {'message': 'Rate limit exceeded: free-models-per-min. ', 'code': 429, 'metadata': {'headers': {'X-RateLimit-Limit': '20', 'X-RateLimit-Remaining': '0', 'X-RateLimit-Reset': '1790209740000'}, 'limit_source': 'openrouter_free_tier_per_minute', 'remedy_hint': 'Slow down requests to free mode
00:28:37|ERROR  |key limit reached -> stopping judge (resumable)
00:28:37|WARNING|jd78890ab5a attempt 1: {'error': {'message': 'Rate limit exceeded: free-models-per-min. ', 'code': 429, 'metadata': {'headers': {'X-RateLimit-Limit': '20', 'X-RateLimit-Remaining': '0', 'X-RateLimit-Reset': '1790209740000'}, 'limit_source': 'openrouter_free_tier_per_minute', 'remedy_hint': 'Slow down requests to free mode
00:28:37|ERROR  |key limit reached -> stopping judge (resumable)
00:28:37|WARNING|jd7b5a01b8b attempt 1: {'error': {'message': 'Rate limit exceeded: free-models-per-min. ', 'code': 429, 'metadata': {'headers': {'X-RateLimit-Limit': '20', 'X-RateLimit-Remaining': '0', 'X-RateLimit-Reset': '1790209740000'}, 'limit_source': 'openrouter_free_tier_per_minute', 'remedy_hint': 'Slow down requests to free mode
00:28:37|ERROR  |key limit reached -> stopping judge (resumable)
00:28:37|WARNING|jd75452f229 attempt 1: {'error': {'message': 'Rate limit exceeded: free-models-per-min. ', 'code': 429, 'metadata': {'headers': {'X-RateLimit-Limit': '20', 'X-RateLimit-Remaining': '0', 'X-RateLimit-Reset': '1790209740000'}, 'limit_source': 'openrouter_free_tier_per_minute', 'remedy_hint': 'Slow down requests to free mode
00:28:37|ERROR  |key limit reached -> stopping judge (resumable)
00:28:37|WARNING|jd7587469d1 attempt 1: {'error': {'message': 'Rate limit exceeded: free-models-per-min. ', 'code': 429, 'metadata': {'headers': {'X-RateLimit-Limit': '20', 'X-RateLimit-Remaining': '0', 'X-RateLimit-Reset': '1790209740000'}, 'limit_source': 'openrouter_free_tier_per_minute', 'remedy_hint': 'Slow down requests to free mode
00:28:37|ERROR  |key limit reached -> stopping judge (resumable)
00:28:37|WARNING|jd7f355b663 attempt 1: {'error': {'message': 'Rate limit exceeded: free-models-per-min. ', 'code': 429, 'metadata': {'headers': {'X-RateLimit-Limit': '20', 'X-RateLimit-Remaining': '0', 'X-RateLimit-Reset': '1790209740000'}, 'limit_source': 'openrouter_free_tier_per_minute', 'remedy_hint': 'Slow down requests to free mode
00:28:37|ERROR  |key limit reached -> stopping judge (resumable)
00:28:37|WARNING|jd7d544d5c3 attempt 1: {'error': {'message': 'Rate limit exceeded: free-models-per-min. ', 'code': 429, 'metadata': {'headers': {'X-RateLimit-Limit': '20', 'X-RateLimit-Remaining': '0', 'X-RateLimit-Reset': '1790209740000'}, 'limit_source': 'openrouter_free_tier_per_minute', 'remedy_hint': 'Slow down requests to free mode
00:28:37|ERROR  |key limit reached -> stopping judge (resumable)
00:28:37|WARNING|jd80cb76045 attempt 1: {'error': {'message': 'Rate limit exceeded: free-models-per-min. ', 'code': 429, 'metadata': {'headers': {'X-RateLimit-Limit': '20', 'X-RateLimit-Remaining': '0', 'X-RateLimit-Reset': '1790209740000'}, 'limit_source': 'openrouter_free_tier_per_minute', 'remedy_hint': 'Slow down requests to free mode
00:28:37|ERROR  |key limit reached -> stopping judge (resumable)
00:28:37|WARNING|jd83913c3f3 attempt 1: {'error': {'message': 'Rate limit exceeded: free-models-per-min. ', 'code': 429, 'metadata': {'headers': {'X-RateLimit-Limit': '20', 'X-RateLimit-Remaining': '0', 'X-RateLimit-Reset': '1790209740000'}, 'limit_source': 'openrouter_free_tier_per_minute', 'remedy_hint': 'Slow down requests to free mode
00:28:37|ERROR  |key limit reached -> stopping judge (resumable)
00:28:37|WARNING|jd7ec0a78af attempt 1: {'error': {'message': 'Rate limit exceeded: free-models-per-min. ', 'code': 429, 'metadata': {'headers': {'X-RateLimit-Limit': '20', 'X-RateLimit-Remaining': '0', 'X-RateLimit-Reset': '1790209740000'}, 'limit_source': 'openrouter_free_tier_per_minute', 'remedy_hint': 'Slow down requests to free mode
00:28:37|ERROR  |key limit reached -> stopping judge (resumable)
00:28:37|WARNING|jd87823e327 attempt 1: {'error': {'message': 'Rate limit exceeded: free-models-per-min. ', 'code': 429, 'metadata': {'headers': {'X-RateLimit-Limit': '20', 'X-RateLimit-Remaining': '0', 'X-RateLimit-Reset': '1790209740000'}, 'limit_source': 'openrouter_free_tier_per_minute', 'remedy_hint': 'Slow down requests to free mode
00:28:37|ERROR  |key limit reached -> stopping judge (resumable)
00:28:37|WARNING|jd88bb483cd attempt 1: {'error': {'message': 'Rate limit exceeded: free-models-per-min. ', 'code': 429, 'metadata': {'headers': {'X-RateLimit-Limit': '20', 'X-RateLimit-Remaining': '0', 'X-RateLimit-Reset': '1790209740000'}, 'limit_source': 'openrouter_free_tier_per_minute', 'remedy_hint': 'Slow down requests to free mode
00:28:37|ERROR  |key limit reached -> stopping judge (resumable)
00:28:37|WARNING|jd80d10cf60 attempt 1: {'error': {'message': 'Rate limit exceeded: free-models-per-min. ', 'code': 429, 'metadata': {'headers': {'X-RateLimit-Limit': '20', 'X-RateLimit-Remaining': '0', 'X-RateLimit-Reset': '1790209740000'}, 'limit_source': 'openrouter_free_tier_per_minute', 'remedy_hint': 'Slow down requests to free mode
00:28:37|ERROR  |key limit reached -> stopping judge (resumable)
00:28:37|WARNING|jd8e17f6376 attempt 1: {'error': {'message': 'Rate limit exceeded: free-models-per-min. ', 'code': 429, 'metadata': {'headers': {'X-RateLimit-Limit': '20', 'X-RateLimit-Remaining': '0', 'X-RateLimit-Reset': '1790209740000'}, 'limit_source': 'openrouter_free_tier_per_minute', 'remedy_hint': 'Slow down requests to free mode
00:28:37|ERROR  |key limit reached -> stopping judge (resumable)
00:28:38|WARNING|jd8898eb32a attempt 1: {'error': {'message': 'Rate limit exceeded: free-models-per-min. ', 'code': 429, 'metadata': {'headers': {'X-RateLimit-Limit': '20', 'X-RateLimit-Remaining': '0', 'X-RateLimit-Reset': '1790209740000'}, 'limit_source': 'openrouter_free_tier_per_minute', 'remedy_hint': 'Slow down requests to free mode
00:28:38|ERROR  |key limit reached -> stopping judge (resumable)
00:28:38|WARNING|jd913492e00 attempt 1: {'error': {'message': 'Rate limit exceeded: free-models-per-min. ', 'code': 429, 'metadata': {'headers': {'X-RateLimit-Limit': '20', 'X-RateLimit-Remaining': '0', 'X-RateLimit-Reset': '1790209740000'}, 'limit_source': 'openrouter_free_tier_per_minute', 'remedy_hint': 'Slow down requests to free mode
00:28:38|ERROR  |key limit reached -> stopping judge (resumable)
00:28:38|WARNING|jd92a75a5c4 attempt 1: {'error': {'message': 'Rate limit exceeded: free-models-per-min. ', 'code': 429, 'metadata': {'headers': {'X-RateLimit-Limit': '20', 'X-RateLimit-Remaining': '0', 'X-RateLimit-Reset': '1790209740000'}, 'limit_source': 'openrouter_free_tier_per_minute', 'remedy_hint': 'Slow down requests to free mode
00:28:38|ERROR  |key limit reached -> stopping judge (resumable)
00:28:38|WARNING|jd930dddbb4 attempt 1: {'error': {'message': 'Rate limit exceeded: free-models-per-min. ', 'code': 429, 'metadata': {'headers': {'X-RateLimit-Limit': '20', 'X-RateLimit-Remaining': '0', 'X-RateLimit-Reset': '1790209740000'}, 'limit_source': 'openrouter_free_tier_per_minute', 'remedy_hint': 'Slow down requests to free mode
00:28:38|ERROR  |key limit reached -> stopping judge (resumable)
00:28:38|WARNING|jd993857de9 attempt 1: {'error': {'message': 'Rate limit exceeded: free-models-per-min. ', 'code': 429, 'metadata': {'headers': {'X-RateLimit-Limit': '20', 'X-RateLimit-Remaining': '0', 'X-RateLimit-Reset': '1790209740000'}, 'limit_source': 'openrouter_free_tier_per_minute', 'remedy_hint': 'Slow down requests to free mode
00:28:38|ERROR  |key limit reached -> stopping judge (resumable)
00:28:38|WARNING|jd9b4b0990d attempt 1: {'error': {'message': 'Rate limit exceeded: free-models-per-min. ', 'code': 429, 'metadata': {'headers': {'X-RateLimit-Limit': '20', 'X-RateLimit-Remaining': '0', 'X-RateLimit-Reset': '1790209740000'}, 'limit_source': 'openrouter_free_tier_per_minute', 'remedy_hint': 'Slow down requests to free mode
00:28:38|ERROR  |key limit reached -> stopping judge (resumable)
00:28:38|WARNING|jd943238223 attempt 1: {'error': {'message': 'Rate limit exceeded: free-models-per-min. ', 'code': 429, 'metadata': {'headers': {'X-RateLimit-Limit': '20', 'X-RateLimit-Remaining': '0', 'X-RateLimit-Reset': '1790209740000'}, 'limit_source': 'openrouter_free_tier_per_minute', 'remedy_hint': 'Slow down requests to free mode
00:28:38|ERROR  |key limit reached -> stopping judge (resumable)
00:28:38|WARNING|jd9f4c97dfa attempt 1: {'error': {'message': 'Rate limit exceeded: free-models-per-min. ', 'code': 429, 'metadata': {'headers': {'X-RateLimit-Limit': '20', 'X-RateLimit-Remaining': '0', 'X-RateLimit-Reset': '1790209740000'}, 'limit_source': 'openrouter_free_tier_per_minute', 'remedy_hint': 'Slow down requests to free mode
00:28:38|ERROR  |key limit reached -> stopping judge (resumable)
00:28:38|WARNING|jda022b853a attempt 1: {'error': {'message': 'Rate limit exceeded: free-models-per-min. ', 'code': 429, 'metadata': {'headers': {'X-RateLimit-Limit': '20', 'X-RateLimit-Remaining': '0', 'X-RateLimit-Reset': '1790209740000'}, 'limit_source': 'openrouter_free_tier_per_minute', 'remedy_hint': 'Slow down requests to free mode
00:28:38|ERROR  |key limit reached -> stopping judge (resumable)
00:28:38|WARNING|jd9be7532bf attempt 1: {'error': {'message': 'Rate limit exceeded: free-models-per-min. ', 'code': 429, 'metadata': {'headers': {'X-RateLimit-Limit': '20', 'X-RateLimit-Remaining': '0', 'X-RateLimit-Reset': '1790209740000'}, 'limit_source': 'openrouter_free_tier_per_minute', 'remedy_hint': 'Slow down requests to free mode
00:28:38|ERROR  |key limit reached -> stopping judge (resumable)
00:28:38|WARNING|jda1021a5b5 attempt 1: {'error': {'message': 'Rate limit exceeded: free-models-per-min. ', 'code': 429, 'metadata': {'headers': {'X-RateLimit-Limit': '20', 'X-RateLimit-Remaining': '0', 'X-RateLimit-Reset': '1790209740000'}, 'limit_source': 'openrouter_free_tier_per_minute', 'remedy_hint': 'Slow down requests to free mode
00:28:38|ERROR  |key limit reached -> stopping judge (resumable)
00:28:38|WARNING|jda3abe1261 attempt 1: {'error': {'message': 'Rate limit exceeded: free-models-per-min. ', 'code': 429, 'metadata': {'headers': {'X-RateLimit-Limit': '20', 'X-RateLimit-Remaining': '0', 'X-RateLimit-Reset': '1790209740000'}, 'limit_source': 'openrouter_free_tier_per_minute', 'remedy_hint': 'Slow down requests to free mode
00:28:38|ERROR  |key limit reached -> stopping judge (resumable)
00:28:38|WARNING|jda35c86cd2 attempt 1: {'error': {'message': 'Rate limit exceeded: free-models-per-min. ', 'code': 429, 'metadata': {'headers': {'X-RateLimit-Limit': '20', 'X-RateLimit-Remaining': '0', 'X-RateLimit-Reset': '1790209740000'}, 'limit_source': 'openrouter_free_tier_per_minute', 'remedy_hint': 'Slow down requests to free mode
00:28:38|ERROR  |key limit reached -> stopping judge (resumable)
00:28:38|WARNING|jda3e39214f attempt 1: {'error': {'message': 'Rate limit exceeded: free-models-per-min. ', 'code': 429, 'metadata': {'headers': {'X-RateLimit-Limit': '20', 'X-RateLimit-Remaining': '0', 'X-RateLimit-Reset': '1790209740000'}, 'limit_source': 'openrouter_free_tier_per_minute', 'remedy_hint': 'Slow down requests to free mode
00:28:38|ERROR  |key limit reached -> stopping judge (resumable)
00:28:38|WARNING|jda62302c0f attempt 1: {'error': {'message': 'Rate limit exceeded: free-models-per-min. ', 'code': 429, 'metadata': {'headers': {'X-RateLimit-Limit': '20', 'X-RateLimit-Remaining': '0', 'X-RateLimit-Reset': '1790209740000'}, 'limit_source': 'openrouter_free_tier_per_minute', 'remedy_hint': 'Slow down requests to free mode
00:28:38|ERROR  |key limit reached -> stopping judge (resumable)
00:28:38|WARNING|jda1e25f968 attempt 1: {'error': {'message': 'Rate limit exceeded: free-models-per-min. ', 'code': 429, 'metadata': {'headers': {'X-RateLimit-Limit': '20', 'X-RateLimit-Remaining': '0', 'X-RateLimit-Reset': '1790209740000'}, 'limit_source': 'openrouter_free_tier_per_minute', 'remedy_hint': 'Slow down requests to free mode
00:28:38|ERROR  |key limit reached -> stopping judge (resumable)
00:28:38|WARNING|jda5624b07b attempt 1: {'error': {'message': 'Rate limit exceeded: free-models-per-min. ', 'code': 429, 'metadata': {'headers': {'X-RateLimit-Limit': '20', 'X-RateLimit-Remaining': '0', 'X-RateLimit-Reset': '1790209740000'}, 'limit_source': 'openrouter_free_tier_per_minute', 'remedy_hint': 'Slow down requests to free mode
00:28:38|ERROR  |key limit reached -> stopping judge (resumable)
00:28:38|WARNING|jda5090d326 attempt 1: {'error': {'message': 'Rate limit exceeded: free-models-per-min. ', 'code': 429, 'metadata': {'headers': {'X-RateLimit-Limit': '20', 'X-RateLimit-Remaining': '0', 'X-RateLimit-Reset': '1790209740000'}, 'limit_source': 'openrouter_free_tier_per_minute', 'remedy_hint': 'Slow down requests to free mode
00:28:38|ERROR  |key limit reached -> stopping judge (resumable)
00:28:38|WARNING|jda98904fd2 attempt 1: {'error': {'message': 'Rate limit exceeded: free-models-per-min. ', 'code': 429, 'metadata': {'headers': {'X-RateLimit-Limit': '20', 'X-RateLimit-Remaining': '0', 'X-RateLimit-Reset': '1790209740000'}, 'limit_source': 'openrouter_free_tier_per_minute', 'remedy_hint': 'Slow down requests to free mode
00:28:38|ERROR  |key limit reached -> stopping judge (resumable)
00:28:38|WARNING|jda95dc1a7f attempt 1: {'error': {'message': 'Rate limit exceeded: free-models-per-min. ', 'code': 429, 'metadata': {'headers': {'X-RateLimit-Limit': '20', 'X-RateLimit-Remaining': '0', 'X-RateLimit-Reset': '1790209740000'}, 'limit_source': 'openrouter_free_tier_per_minute', 'remedy_hint': 'Slow down requests to free mode
00:28:38|ERROR  |key limit reached -> stopping judge (resumable)
00:28:38|WARNING|jdab9b3dc00 attempt 1: {'error': {'message': 'Rate limit exceeded: free-models-per-min. ', 'code': 429, 'metadata': {'headers': {'X-RateLimit-Limit': '20', 'X-RateLimit-Remaining': '0', 'X-RateLimit-Reset': '1790209740000'}, 'limit_source': 'openrouter_free_tier_per_minute', 'remedy_hint': 'Slow down requests to free mode
00:28:39|ERROR  |key limit reached -> stopping judge (resumable)
00:28:39|WARNING|jdaa647a60d attempt 1: {'error': {'message': 'Rate limit exceeded: free-models-per-min. ', 'code': 429, 'metadata': {'headers': {'X-RateLimit-Limit': '20', 'X-RateLimit-Remaining': '0', 'X-RateLimit-Reset': '1790209740000'}, 'limit_source': 'openrouter_free_tier_per_minute', 'remedy_hint': 'Slow down requests to free mode
00:28:39|ERROR  |key limit reached -> stopping judge (resumable)
00:28:39|WARNING|jdabae2ccb1 attempt 1: {'error': {'message': 'Rate limit exceeded: free-models-per-min. ', 'code': 429, 'metadata': {'headers': {'X-RateLimit-Limit': '20', 'X-RateLimit-Remaining': '0', 'X-RateLimit-Reset': '1790209740000'}, 'limit_source': 'openrouter_free_tier_per_minute', 'remedy_hint': 'Slow down requests to free mode
00:28:39|ERROR  |key limit reached -> stopping judge (resumable)
00:28:39|WARNING|jdabd844d23 attempt 1: {'error': {'message': 'Rate limit exceeded: free-models-per-min. ', 'code': 429, 'metadata': {'headers': {'X-RateLimit-Limit': '20', 'X-RateLimit-Remaining': '0', 'X-RateLimit-Reset': '1790209740000'}, 'limit_source': 'openrouter_free_tier_per_minute', 'remedy_hint': 'Slow down requests to free mode
00:28:39|ERROR  |key limit reached -> stopping judge (resumable)
00:28:39|WARNING|jdacd15cecd attempt 1: {'error': {'message': 'Rate limit exceeded: free-models-per-min. ', 'code': 429, 'metadata': {'headers': {'X-RateLimit-Limit': '20', 'X-RateLimit-Remaining': '0', 'X-RateLimit-Reset': '1790209740000'}, 'limit_source': 'openrouter_free_tier_per_minute', 'remedy_hint': 'Slow down requests to free mode
00:28:39|ERROR  |key limit reached -> stopping judge (resumable)
00:28:39|WARNING|jdaff0493f3 attempt 1: {'error': {'message': 'Rate limit exceeded: free-models-per-min. ', 'code': 429, 'metadata': {'headers': {'X-RateLimit-Limit': '20', 'X-RateLimit-Remaining': '0', 'X-RateLimit-Reset': '1790209740000'}, 'limit_source': 'openrouter_free_tier_per_minute', 'remedy_hint': 'Slow down requests to free mode
00:28:39|ERROR  |key limit reached -> stopping judge (resumable)
00:28:39|WARNING|jdb2c59a3ee attempt 1: {'error': {'message': 'Rate limit exceeded: free-models-per-min. ', 'code': 429, 'metadata': {'headers': {'X-RateLimit-Limit': '20', 'X-RateLimit-Remaining': '0', 'X-RateLimit-Reset': '1790209740000'}, 'limit_source': 'openrouter_free_tier_per_minute', 'remedy_hint': 'Slow down requests to free mode
00:28:39|ERROR  |key limit reached -> stopping judge (resumable)
00:28:39|WARNING|jdaeb89e41f attempt 1: {'error': {'message': 'Rate limit exceeded: free-models-per-min. ', 'code': 429, 'metadata': {'headers': {'X-RateLimit-Limit': '20', 'X-RateLimit-Remaining': '0', 'X-RateLimit-Reset': '1790209740000'}, 'limit_source': 'openrouter_free_tier_per_minute', 'remedy_hint': 'Slow down requests to free mode
00:28:39|ERROR  |key limit reached -> stopping judge (resumable)
00:28:39|WARNING|jdb45f3af02 attempt 1: {'error': {'message': 'Rate limit exceeded: free-models-per-min. ', 'code': 429, 'metadata': {'headers': {'X-RateLimit-Limit': '20', 'X-RateLimit-Remaining': '0', 'X-RateLimit-Reset': '1790209740000'}, 'limit_source': 'openrouter_free_tier_per_minute', 'remedy_hint': 'Slow down requests to free mode
00:28:39|ERROR  |key limit reached -> stopping judge (resumable)
00:28:39|WARNING|jdb2e33f4a0 attempt 1: {'error': {'message': 'Rate limit exceeded: free-models-per-min. ', 'code': 429, 'metadata': {'headers': {'X-RateLimit-Limit': '20', 'X-RateLimit-Remaining': '0', 'X-RateLimit-Reset': '1790209740000'}, 'limit_source': 'openrouter_free_tier_per_minute', 'remedy_hint': 'Slow down requests to free mode
00:28:39|ERROR  |key limit reached -> stopping judge (resumable)
00:28:39|WARNING|jdb6d76cbdb attempt 1: {'error': {'message': 'Rate limit exceeded: free-models-per-min. ', 'code': 429, 'metadata': {'headers': {'X-RateLimit-Limit': '20', 'X-RateLimit-Remaining': '0', 'X-RateLimit-Reset': '1790209740000'}, 'limit_source': 'openrouter_free_tier_per_minute', 'remedy_hint': 'Slow down requests to free mode
00:28:39|ERROR  |key limit reached -> stopping judge (resumable)
00:28:39|WARNING|jdb711adda5 attempt 1: {'error': {'message': 'Rate limit exceeded: free-models-per-min. ', 'code': 429, 'metadata': {'headers': {'X-RateLimit-Limit': '20', 'X-RateLimit-Remaining': '0', 'X-RateLimit-Reset': '1790209740000'}, 'limit_source': 'openrouter_free_tier_per_minute', 'remedy_hint': 'Slow down requests to free mode
00:28:39|ERROR  |key limit reached -> stopping judge (resumable)
00:28:39|WARNING|jdba6fc45e4 attempt 1: {'error': {'message': 'Rate limit exceeded: free-models-per-min. ', 'code': 429, 'metadata': {'headers': {'X-RateLimit-Limit': '20', 'X-RateLimit-Remaining': '0', 'X-RateLimit-Reset': '1790209740000'}, 'limit_source': 'openrouter_free_tier_per_minute', 'remedy_hint': 'Slow down requests to free mode
00:28:39|ERROR  |key limit reached -> stopping judge (resumable)
00:28:39|WARNING|jdbcbb26438 attempt 1: {'error': {'message': 'Rate limit exceeded: free-models-per-min. ', 'code': 429, 'metadata': {'headers': {'X-RateLimit-Limit': '20', 'X-RateLimit-Remaining': '0', 'X-RateLimit-Reset': '1790209740000'}, 'limit_source': 'openrouter_free_tier_per_minute', 'remedy_hint': 'Slow down requests to free mode
00:28:39|ERROR  |key limit reached -> stopping judge (resumable)
00:28:39|WARNING|jdbc231864a attempt 1: {'error': {'message': 'Rate limit exceeded: free-models-per-min. ', 'code': 429, 'metadata': {'headers': {'X-RateLimit-Limit': '20', 'X-RateLimit-Remaining': '0', 'X-RateLimit-Reset': '1790209740000'}, 'limit_source': 'openrouter_free_tier_per_minute', 'remedy_hint': 'Slow down requests to free mode
00:28:39|ERROR  |key limit reached -> stopping judge (resumable)
00:28:39|WARNING|jdba4eb46d5 attempt 1: {'error': {'message': 'Rate limit exceeded: free-models-per-min. ', 'code': 429, 'metadata': {'headers': {'X-RateLimit-Limit': '20', 'X-RateLimit-Remaining': '0', 'X-RateLimit-Reset': '1790209740000'}, 'limit_source': 'openrouter_free_tier_per_minute', 'remedy_hint': 'Slow down requests to free mode
00:28:39|ERROR  |key limit reached -> stopping judge (resumable)
00:28:39|WARNING|jdbe9879e51 attempt 1: {'error': {'message': 'Rate limit exceeded: free-models-per-min. ', 'code': 429, 'metadata': {'headers': {'X-RateLimit-Limit': '20', 'X-RateLimit-Remaining': '0', 'X-RateLimit-Reset': '1790209740000'}, 'limit_source': 'openrouter_free_tier_per_minute', 'remedy_hint': 'Slow down requests to free mode
00:28:39|ERROR  |key limit reached -> stopping judge (resumable)
00:28:39|WARNING|jdc32f7265b attempt 1: {'error': {'message': 'Rate limit exceeded: free-models-per-min. ', 'code': 429, 'metadata': {'headers': {'X-RateLimit-Limit': '20', 'X-RateLimit-Remaining': '0', 'X-RateLimit-Reset': '1790209740000'}, 'limit_source': 'openrouter_free_tier_per_minute', 'remedy_hint': 'Slow down requests to free mode
00:28:39|ERROR  |key limit reached -> stopping judge (resumable)
00:28:39|WARNING|jdc6b86bdcc attempt 1: {'error': {'message': 'Rate limit exceeded: free-models-per-min. ', 'code': 429, 'metadata': {'headers': {'X-RateLimit-Limit': '20', 'X-RateLimit-Remaining': '0', 'X-RateLimit-Reset': '1790209740000'}, 'limit_source': 'openrouter_free_tier_per_minute', 'remedy_hint': 'Slow down requests to free mode
00:28:39|ERROR  |key limit reached -> stopping judge (resumable)
00:28:39|WARNING|jdc60b809c1 attempt 1: {'error': {'message': 'Rate limit exceeded: free-models-per-min. ', 'code': 429, 'metadata': {'headers': {'X-RateLimit-Limit': '20', 'X-RateLimit-Remaining': '0', 'X-RateLimit-Reset': '1790209740000'}, 'limit_source': 'openrouter_free_tier_per_minute', 'remedy_hint': 'Slow down requests to free mode
00:28:39|ERROR  |key limit reached -> stopping judge (resumable)
00:28:39|WARNING|jdc72f01edb attempt 1: {'error': {'message': 'Rate limit exceeded: free-models-per-min. ', 'code': 429, 'metadata': {'headers': {'X-RateLimit-Limit': '20', 'X-RateLimit-Remaining': '0', 'X-RateLimit-Reset': '1790209740000'}, 'limit_source': 'openrouter_free_tier_per_minute', 'remedy_hint': 'Slow down requests to free mode
00:28:39|ERROR  |key limit reached -> stopping judge (resumable)
00:28:39|WARNING|jdc916de7b5 attempt 1: {'error': {'message': 'Rate limit exceeded: free-models-per-min. ', 'code': 429, 'metadata': {'headers': {'X-RateLimit-Limit': '20', 'X-RateLimit-Remaining': '0', 'X-RateLimit-Reset': '1790209740000'}, 'limit_source': 'openrouter_free_tier_per_minute', 'remedy_hint': 'Slow down requests to free mode
00:28:39|ERROR  |key limit reached -> stopping judge (resumable)
00:28:39|WARNING|jdc8d0ca855 attempt 1: {'error': {'message': 'Rate limit exceeded: free-models-per-min. ', 'code': 429, 'metadata': {'headers': {'X-RateLimit-Limit': '20', 'X-RateLimit-Remaining': '0', 'X-RateLimit-Reset': '1790209740000'}, 'limit_source': 'openrouter_free_tier_per_minute', 'remedy_hint': 'Slow down requests to free mode
00:28:39|ERROR  |key limit reached -> stopping judge (resumable)
00:28:39|WARNING|jdcacfbb5f5 attempt 1: {'error': {'message': 'Rate limit exceeded: free-models-per-min. ', 'code': 429, 'metadata': {'headers': {'X-RateLimit-Limit': '20', 'X-RateLimit-Remaining': '0', 'X-RateLimit-Reset': '1790209740000'}, 'limit_source': 'openrouter_free_tier_per_minute', 'remedy_hint': 'Slow down requests to free mode
00:28:39|ERROR  |key limit reached -> stopping judge (resumable)
00:28:39|WARNING|jdcc3c71ddd attempt 1: {'error': {'message': 'Rate limit exceeded: free-models-per-min. ', 'code': 429, 'metadata': {'headers': {'X-RateLimit-Limit': '20', 'X-RateLimit-Remaining': '0', 'X-RateLimit-Reset': '1790209740000'}, 'limit_source': 'openrouter_free_tier_per_minute', 'remedy_hint': 'Slow down requests to free mode
00:28:39|ERROR  |key limit reached -> stopping judge (resumable)
00:28:39|WARNING|jdcc994ea1d attempt 1: {'error': {'message': 'Rate limit exceeded: free-models-per-min. ', 'code': 429, 'metadata': {'headers': {'X-RateLimit-Limit': '20', 'X-RateLimit-Remaining': '0', 'X-RateLimit-Reset': '1790209740000'}, 'limit_source': 'openrouter_free_tier_per_minute', 'remedy_hint': 'Slow down requests to free mode
00:28:39|ERROR  |key limit reached -> stopping judge (resumable)
00:28:40|WARNING|jdcffc2e048 attempt 1: {'error': {'message': 'Rate limit exceeded: free-models-per-min. ', 'code': 429, 'metadata': {'headers': {'X-RateLimit-Limit': '20', 'X-RateLimit-Remaining': '0', 'X-RateLimit-Reset': '1790209740000'}, 'limit_source': 'openrouter_free_tier_per_minute', 'remedy_hint': 'Slow down requests to free mode
00:28:40|ERROR  |key limit reached -> stopping judge (resumable)
00:28:40|WARNING|jdcfb8404d9 attempt 1: {'error': {'message': 'Rate limit exceeded: free-models-per-min. ', 'code': 429, 'metadata': {'headers': {'X-RateLimit-Limit': '20', 'X-RateLimit-Remaining': '0', 'X-RateLimit-Reset': '1790209740000'}, 'limit_source': 'openrouter_free_tier_per_minute', 'remedy_hint': 'Slow down requests to free mode
00:28:40|ERROR  |key limit reached -> stopping judge (resumable)
00:28:40|WARNING|jdd2d7fad86 attempt 1: {'error': {'message': 'Rate limit exceeded: free-models-per-min. ', 'code': 429, 'metadata': {'headers': {'X-RateLimit-Limit': '20', 'X-RateLimit-Remaining': '0', 'X-RateLimit-Reset': '1790209740000'}, 'limit_source': 'openrouter_free_tier_per_minute', 'remedy_hint': 'Slow down requests to free mode
00:28:40|ERROR  |key limit reached -> stopping judge (resumable)
00:28:40|WARNING|jdd4a57786b attempt 1: {'error': {'message': 'Rate limit exceeded: free-models-per-min. ', 'code': 429, 'metadata': {'headers': {'X-RateLimit-Limit': '20', 'X-RateLimit-Remaining': '0', 'X-RateLimit-Reset': '1790209740000'}, 'limit_source': 'openrouter_free_tier_per_minute', 'remedy_hint': 'Slow down requests to free mode
00:28:40|ERROR  |key limit reached -> stopping judge (resumable)
00:28:40|WARNING|jdd84f09279 attempt 1: {'error': {'message': 'Rate limit exceeded: free-models-per-min. ', 'code': 429, 'metadata': {'headers': {'X-RateLimit-Limit': '20', 'X-RateLimit-Remaining': '0', 'X-RateLimit-Reset': '1790209740000'}, 'limit_source': 'openrouter_free_tier_per_minute', 'remedy_hint': 'Slow down requests to free mode
00:28:40|ERROR  |key limit reached -> stopping judge (resumable)
00:28:40|WARNING|jdd4e8b237f attempt 1: {'error': {'message': 'Rate limit exceeded: free-models-per-min. ', 'code': 429, 'metadata': {'headers': {'X-RateLimit-Limit': '20', 'X-RateLimit-Remaining': '0', 'X-RateLimit-Reset': '1790209740000'}, 'limit_source': 'openrouter_free_tier_per_minute', 'remedy_hint': 'Slow down requests to free mode
00:28:40|ERROR  |key limit reached -> stopping judge (resumable)
00:28:40|WARNING|jdd996cef75 attempt 1: {'error': {'message': 'Rate limit exceeded: free-models-per-min. ', 'code': 429, 'metadata': {'headers': {'X-RateLimit-Limit': '20', 'X-RateLimit-Remaining': '0', 'X-RateLimit-Reset': '1790209740000'}, 'limit_source': 'openrouter_free_tier_per_minute', 'remedy_hint': 'Slow down requests to free mode
00:28:40|ERROR  |key limit reached -> stopping judge (resumable)
00:28:40|WARNING|jdda23c8a66 attempt 1: {'error': {'message': 'Rate limit exceeded: free-models-per-min. ', 'code': 429, 'metadata': {'headers': {'X-RateLimit-Limit': '20', 'X-RateLimit-Remaining': '0', 'X-RateLimit-Reset': '1790209740000'}, 'limit_source': 'openrouter_free_tier_per_minute', 'remedy_hint': 'Slow down requests to free mode
00:28:40|ERROR  |key limit reached -> stopping judge (resumable)
00:28:40|WARNING|jddab59f082 attempt 1: {'error': {'message': 'Rate limit exceeded: free-models-per-min. ', 'code': 429, 'metadata': {'headers': {'X-RateLimit-Limit': '20', 'X-RateLimit-Remaining': '0', 'X-RateLimit-Reset': '1790209740000'}, 'limit_source': 'openrouter_free_tier_per_minute', 'remedy_hint': 'Slow down requests to free mode
00:28:40|ERROR  |key limit reached -> stopping judge (resumable)
00:28:40|WARNING|jddbf256cc2 attempt 1: {'error': {'message': 'Rate limit exceeded: free-models-per-min. ', 'code': 429, 'metadata': {'headers': {'X-RateLimit-Limit': '20', 'X-RateLimit-Remaining': '0', 'X-RateLimit-Reset': '1790209740000'}, 'limit_source': 'openrouter_free_tier_per_minute', 'remedy_hint': 'Slow down requests to free mode
00:28:40|ERROR  |key limit reached -> stopping judge (resumable)
00:28:40|WARNING|jddde48f62a attempt 1: {'error': {'message': 'Rate limit exceeded: free-models-per-min. ', 'code': 429, 'metadata': {'headers': {'X-RateLimit-Limit': '20', 'X-RateLimit-Remaining': '0', 'X-RateLimit-Reset': '1790209740000'}, 'limit_source': 'openrouter_free_tier_per_minute', 'remedy_hint': 'Slow down requests to free mode
00:28:40|ERROR  |key limit reached -> stopping judge (resumable)
00:28:40|WARNING|jdde140a78c attempt 1: {'error': {'message': 'Rate limit exceeded: free-models-per-min. ', 'code': 429, 'metadata': {'headers': {'X-RateLimit-Limit': '20', 'X-RateLimit-Remaining': '0', 'X-RateLimit-Reset': '1790209740000'}, 'limit_source': 'openrouter_free_tier_per_minute', 'remedy_hint': 'Slow down requests to free mode
00:28:40|ERROR  |key limit reached -> stopping judge (resumable)
00:28:40|WARNING|jde225ede4c attempt 1: {'error': {'message': 'Rate limit exceeded: free-models-per-min. ', 'code': 429, 'metadata': {'headers': {'X-RateLimit-Limit': '20', 'X-RateLimit-Remaining': '0', 'X-RateLimit-Reset': '1790209740000'}, 'limit_source': 'openrouter_free_tier_per_minute', 'remedy_hint': 'Slow down requests to free mode
00:28:40|ERROR  |key limit reached -> stopping judge (resumable)
00:28:40|WARNING|jddaf3c5f96 attempt 1: {'error': {'message': 'Rate limit exceeded: free-models-per-min. ', 'code': 429, 'metadata': {'headers': {'X-RateLimit-Limit': '20', 'X-RateLimit-Remaining': '0', 'X-RateLimit-Reset': '1790209740000'}, 'limit_source': 'openrouter_free_tier_per_minute', 'remedy_hint': 'Slow down requests to free mode
00:28:40|ERROR  |key limit reached -> stopping judge (resumable)
00:28:40|WARNING|jde2fdbb816 attempt 1: {'error': {'message': 'Rate limit exceeded: free-models-per-min. ', 'code': 429, 'metadata': {'headers': {'X-RateLimit-Limit': '20', 'X-RateLimit-Remaining': '0', 'X-RateLimit-Reset': '1790209740000'}, 'limit_source': 'openrouter_free_tier_per_minute', 'remedy_hint': 'Slow down requests to free mode
00:28:40|ERROR  |key limit reached -> stopping judge (resumable)
00:28:40|WARNING|jde55332199 attempt 1: {'error': {'message': 'Rate limit exceeded: free-models-per-min. ', 'code': 429, 'metadata': {'headers': {'X-RateLimit-Limit': '20', 'X-RateLimit-Remaining': '0', 'X-RateLimit-Reset': '1790209740000'}, 'limit_source': 'openrouter_free_tier_per_minute', 'remedy_hint': 'Slow down requests to free mode
00:28:40|ERROR  |key limit reached -> stopping judge (resumable)
00:28:40|WARNING|jde7625c31f attempt 1: {'error': {'message': 'Rate limit exceeded: free-models-per-min. ', 'code': 429, 'metadata': {'headers': {'X-RateLimit-Limit': '20', 'X-RateLimit-Remaining': '0', 'X-RateLimit-Reset': '1790209740000'}, 'limit_source': 'openrouter_free_tier_per_minute', 'remedy_hint': 'Slow down requests to free mode
00:28:40|ERROR  |key limit reached -> stopping judge (resumable)
00:28:40|WARNING|jde9289b949 attempt 1: {'error': {'message': 'Rate limit exceeded: free-models-per-min. ', 'code': 429, 'metadata': {'headers': {'X-RateLimit-Limit': '20', 'X-RateLimit-Remaining': '0', 'X-RateLimit-Reset': '1790209740000'}, 'limit_source': 'openrouter_free_tier_per_minute', 'remedy_hint': 'Slow down requests to free mode
00:28:40|ERROR  |key limit reached -> stopping judge (resumable)
00:28:40|WARNING|jde8d2fa72e attempt 1: {'error': {'message': 'Rate limit exceeded: free-models-per-min. ', 'code': 429, 'metadata': {'headers': {'X-RateLimit-Limit': '20', 'X-RateLimit-Remaining': '0', 'X-RateLimit-Reset': '1790209740000'}, 'limit_source': 'openrouter_free_tier_per_minute', 'remedy_hint': 'Slow down requests to free mode
00:28:40|ERROR  |key limit reached -> stopping judge (resumable)
00:28:40|WARNING|jde99a31245 attempt 1: {'error': {'message': 'Rate limit exceeded: free-models-per-min. ', 'code': 429, 'metadata': {'headers': {'X-RateLimit-Limit': '20', 'X-RateLimit-Remaining': '0', 'X-RateLimit-Reset': '1790209740000'}, 'limit_source': 'openrouter_free_tier_per_minute', 'remedy_hint': 'Slow down requests to free mode
00:28:40|ERROR  |key limit reached -> stopping judge (resumable)
00:28:40|WARNING|jdeaf5ee66f attempt 1: {'error': {'message': 'Rate limit exceeded: free-models-per-min. ', 'code': 429, 'metadata': {'headers': {'X-RateLimit-Limit': '20', 'X-RateLimit-Remaining': '0', 'X-RateLimit-Reset': '1790209740000'}, 'limit_source': 'openrouter_free_tier_per_minute', 'remedy_hint': 'Slow down requests to free mode
00:28:40|ERROR  |key limit reached -> stopping judge (resumable)
00:28:40|WARNING|jdebd9bc43a attempt 1: {'error': {'message': 'Rate limit exceeded: free-models-per-min. ', 'code': 429, 'metadata': {'headers': {'X-RateLimit-Limit': '20', 'X-RateLimit-Remaining': '0', 'X-RateLimit-Reset': '1790209740000'}, 'limit_source': 'openrouter_free_tier_per_minute', 'remedy_hint': 'Slow down requests to free mode
00:28:40|ERROR  |key limit reached -> stopping judge (resumable)
00:28:40|WARNING|jdebf70884c attempt 1: {'error': {'message': 'Rate limit exceeded: free-models-per-min. ', 'code': 429, 'metadata': {'headers': {'X-RateLimit-Limit': '20', 'X-RateLimit-Remaining': '0', 'X-RateLimit-Reset': '1790209740000'}, 'limit_source': 'openrouter_free_tier_per_minute', 'remedy_hint': 'Slow down requests to free mode
00:28:40|ERROR  |key limit reached -> stopping judge (resumable)
00:28:40|WARNING|jdec77d4868 attempt 1: {'error': {'message': 'Rate limit exceeded: free-models-per-min. ', 'code': 429, 'metadata': {'headers': {'X-RateLimit-Limit': '20', 'X-RateLimit-Remaining': '0', 'X-RateLimit-Reset': '1790209740000'}, 'limit_source': 'openrouter_free_tier_per_minute', 'remedy_hint': 'Slow down requests to free mode
00:28:40|ERROR  |key limit reached -> stopping judge (resumable)
00:28:40|WARNING|jded8d11af1 attempt 1: {'error': {'message': 'Rate limit exceeded: free-models-per-min. ', 'code': 429, 'metadata': {'headers': {'X-RateLimit-Limit': '20', 'X-RateLimit-Remaining': '0', 'X-RateLimit-Reset': '1790209740000'}, 'limit_source': 'openrouter_free_tier_per_minute', 'remedy_hint': 'Slow down requests to free mode
00:28:40|ERROR  |key limit reached -> stopping judge (resumable)
00:28:41|WARNING|jdef767e578 attempt 1: {'error': {'message': 'Rate limit exceeded: free-models-per-min. ', 'code': 429, 'metadata': {'headers': {'X-RateLimit-Limit': '20', 'X-RateLimit-Remaining': '0', 'X-RateLimit-Reset': '1790209740000'}, 'limit_source': 'openrouter_free_tier_per_minute', 'remedy_hint': 'Slow down requests to free mode
00:28:41|ERROR  |key limit reached -> stopping judge (resumable)
00:28:41|WARNING|jdef8578cb2 attempt 1: {'error': {'message': 'Rate limit exceeded: free-models-per-min. ', 'code': 429, 'metadata': {'headers': {'X-RateLimit-Limit': '20', 'X-RateLimit-Remaining': '0', 'X-RateLimit-Reset': '1790209740000'}, 'limit_source': 'openrouter_free_tier_per_minute', 'remedy_hint': 'Slow down requests to free mode
00:28:41|ERROR  |key limit reached -> stopping judge (resumable)
00:28:41|WARNING|jdef684c22a attempt 1: {'error': {'message': 'Rate limit exceeded: free-models-per-min. ', 'code': 429, 'metadata': {'headers': {'X-RateLimit-Limit': '20', 'X-RateLimit-Remaining': '0', 'X-RateLimit-Reset': '1790209740000'}, 'limit_source': 'openrouter_free_tier_per_minute', 'remedy_hint': 'Slow down requests to free mode
00:28:41|ERROR  |key limit reached -> stopping judge (resumable)
00:28:41|WARNING|jdf12fadddc attempt 1: {'error': {'message': 'Rate limit exceeded: free-models-per-min. ', 'code': 429, 'metadata': {'headers': {'X-RateLimit-Limit': '20', 'X-RateLimit-Remaining': '0', 'X-RateLimit-Reset': '1790209740000'}, 'limit_source': 'openrouter_free_tier_per_minute', 'remedy_hint': 'Slow down requests to free mode
00:28:41|ERROR  |key limit reached -> stopping judge (resumable)
00:28:41|WARNING|jdf1280c996 attempt 1: {'error': {'message': 'Rate limit exceeded: free-models-per-min. ', 'code': 429, 'metadata': {'headers': {'X-RateLimit-Limit': '20', 'X-RateLimit-Remaining': '0', 'X-RateLimit-Reset': '1790209740000'}, 'limit_source': 'openrouter_free_tier_per_minute', 'remedy_hint': 'Slow down requests to free mode
00:28:41|ERROR  |key limit reached -> stopping judge (resumable)
00:28:41|WARNING|jdf2232c440 attempt 1: {'error': {'message': 'Rate limit exceeded: free-models-per-min. ', 'code': 429, 'metadata': {'headers': {'X-RateLimit-Limit': '20', 'X-RateLimit-Remaining': '0', 'X-RateLimit-Reset': '1790209740000'}, 'limit_source': 'openrouter_free_tier_per_minute', 'remedy_hint': 'Slow down requests to free mode
00:28:41|ERROR  |key limit reached -> stopping judge (resumable)
00:28:41|WARNING|jdf03c3d1c8 attempt 1: {'error': {'message': 'Rate limit exceeded: free-models-per-min. ', 'code': 429, 'metadata': {'headers': {'X-RateLimit-Limit': '20', 'X-RateLimit-Remaining': '0', 'X-RateLimit-Reset': '1790209740000'}, 'limit_source': 'openrouter_free_tier_per_minute', 'remedy_hint': 'Slow down requests to free mode
00:28:41|ERROR  |key limit reached -> stopping judge (resumable)
00:28:41|WARNING|jdf1d7ebf25 attempt 1: {'error': {'message': 'Rate limit exceeded: free-models-per-min. ', 'code': 429, 'metadata': {'headers': {'X-RateLimit-Limit': '20', 'X-RateLimit-Remaining': '0', 'X-RateLimit-Reset': '1790209740000'}, 'limit_source': 'openrouter_free_tier_per_minute', 'remedy_hint': 'Slow down requests to free mode
00:28:41|ERROR  |key limit reached -> stopping judge (resumable)
00:28:41|WARNING|jdf48715e1a attempt 1: {'error': {'message': 'Rate limit exceeded: free-models-per-min. ', 'code': 429, 'metadata': {'headers': {'X-RateLimit-Limit': '20', 'X-RateLimit-Remaining': '0', 'X-RateLimit-Reset': '1790209740000'}, 'limit_source': 'openrouter_free_tier_per_minute', 'remedy_hint': 'Slow down requests to free mode
00:28:41|ERROR  |key limit reached -> stopping judge (resumable)
00:28:41|WARNING|jdf2edb8af8 attempt 1: {'error': {'message': 'Rate limit exceeded: free-models-per-min. ', 'code': 429, 'metadata': {'headers': {'X-RateLimit-Limit': '20', 'X-RateLimit-Remaining': '0', 'X-RateLimit-Reset': '1790209740000'}, 'limit_source': 'openrouter_free_tier_per_minute', 'remedy_hint': 'Slow down requests to free mode
00:28:41|ERROR  |key limit reached -> stopping judge (resumable)
00:28:41|WARNING|jdf63776ff1 attempt 1: {'error': {'message': 'Rate limit exceeded: free-models-per-min. ', 'code': 429, 'metadata': {'headers': {'X-RateLimit-Limit': '20', 'X-RateLimit-Remaining': '0', 'X-RateLimit-Reset': '1790209740000'}, 'limit_source': 'openrouter_free_tier_per_minute', 'remedy_hint': 'Slow down requests to free mode
00:28:41|ERROR  |key limit reached -> stopping judge (resumable)
00:28:41|WARNING|jdf4b16f49a attempt 1: {'error': {'message': 'Rate limit exceeded: free-models-per-min. ', 'code': 429, 'metadata': {'headers': {'X-RateLimit-Limit': '20', 'X-RateLimit-Remaining': '0', 'X-RateLimit-Reset': '1790209740000'}, 'limit_source': 'openrouter_free_tier_per_minute', 'remedy_hint': 'Slow down requests to free mode
00:28:41|ERROR  |key limit reached -> stopping judge (resumable)
00:28:41|WARNING|jdf8f58a671 attempt 1: {'error': {'message': 'Rate limit exceeded: free-models-per-min. ', 'code': 429, 'metadata': {'headers': {'X-RateLimit-Limit': '20', 'X-RateLimit-Remaining': '0', 'X-RateLimit-Reset': '1790209740000'}, 'limit_source': 'openrouter_free_tier_per_minute', 'remedy_hint': 'Slow down requests to free mode
00:28:41|ERROR  |key limit reached -> stopping judge (resumable)
00:28:41|WARNING|jdf78ca1291 attempt 1: {'error': {'message': 'Rate limit exceeded: free-models-per-min. ', 'code': 429, 'metadata': {'headers': {'X-RateLimit-Limit': '20', 'X-RateLimit-Remaining': '0', 'X-RateLimit-Reset': '1790209740000'}, 'limit_source': 'openrouter_free_tier_per_minute', 'remedy_hint': 'Slow down requests to free mode
00:28:41|ERROR  |key limit reached -> stopping judge (resumable)
00:28:41|WARNING|jdfdbc18414 attempt 1: {'error': {'message': 'Rate limit exceeded: free-models-per-min. ', 'code': 429, 'metadata': {'headers': {'X-RateLimit-Limit': '20', 'X-RateLimit-Remaining': '0', 'X-RateLimit-Reset': '1790209740000'}, 'limit_source': 'openrouter_free_tier_per_minute', 'remedy_hint': 'Slow down requests to free mode
00:28:41|ERROR  |key limit reached -> stopping judge (resumable)
00:28:41|WARNING|jdfb75fcc46 attempt 1: {'error': {'message': 'Rate limit exceeded: free-models-per-min. ', 'code': 429, 'metadata': {'headers': {'X-RateLimit-Limit': '20', 'X-RateLimit-Remaining': '0', 'X-RateLimit-Reset': '1790209740000'}, 'limit_source': 'openrouter_free_tier_per_minute', 'remedy_hint': 'Slow down requests to free mode
00:28:41|ERROR  |key limit reached -> stopping judge (resumable)
00:28:41|WARNING|jdfdca92711 attempt 1: {'error': {'message': 'Rate limit exceeded: free-models-per-min. ', 'code': 429, 'metadata': {'headers': {'X-RateLimit-Limit': '20', 'X-RateLimit-Remaining': '0', 'X-RateLimit-Reset': '1790209740000'}, 'limit_source': 'openrouter_free_tier_per_minute', 'remedy_hint': 'Slow down requests to free mode
00:28:41|ERROR  |key limit reached -> stopping judge (resumable)
00:28:41|WARNING|jdff321ee36 attempt 1: {'error': {'message': 'Rate limit exceeded: free-models-per-min. ', 'code': 429, 'metadata': {'headers': {'X-RateLimit-Limit': '20', 'X-RateLimit-Remaining': '0', 'X-RateLimit-Reset': '1790209740000'}, 'limit_source': 'openrouter_free_tier_per_minute', 'remedy_hint': 'Slow down requests to free mode
00:28:41|ERROR  |key limit reached -> stopping judge (resumable)
00:28:41|WARNING|je07b53dd7a attempt 1: {'error': {'message': 'Rate limit exceeded: free-models-per-min. ', 'code': 429, 'metadata': {'headers': {'X-RateLimit-Limit': '20', 'X-RateLimit-Remaining': '0', 'X-RateLimit-Reset': '1790209740000'}, 'limit_source': 'openrouter_free_tier_per_minute', 'remedy_hint': 'Slow down requests to free mode
00:28:41|ERROR  |key limit reached -> stopping judge (resumable)
00:28:41|WARNING|jdfe2d7cd3a attempt 1: {'error': {'message': 'Rate limit exceeded: free-models-per-min. ', 'code': 429, 'metadata': {'headers': {'X-RateLimit-Limit': '20', 'X-RateLimit-Remaining': '0', 'X-RateLimit-Reset': '1790209740000'}, 'limit_source': 'openrouter_free_tier_per_minute', 'remedy_hint': 'Slow down requests to free mode
00:28:41|ERROR  |key limit reached -> stopping judge (resumable)
00:28:41|WARNING|je081b2b1bb attempt 1: {'error': {'message': 'Rate limit exceeded: free-models-per-min. ', 'code': 429, 'metadata': {'headers': {'X-RateLimit-Limit': '20', 'X-RateLimit-Remaining': '0', 'X-RateLimit-Reset': '1790209740000'}, 'limit_source': 'openrouter_free_tier_per_minute', 'remedy_hint': 'Slow down requests to free mode
00:28:41|ERROR  |key limit reached -> stopping judge (resumable)
00:28:41|WARNING|je04ed810d0 attempt 1: {'error': {'message': 'Rate limit exceeded: free-models-per-min. ', 'code': 429, 'metadata': {'headers': {'X-RateLimit-Limit': '20', 'X-RateLimit-Remaining': '0', 'X-RateLimit-Reset': '1790209740000'}, 'limit_source': 'openrouter_free_tier_per_minute', 'remedy_hint': 'Slow down requests to free mode
00:28:41|ERROR  |key limit reached -> stopping judge (resumable)
00:28:41|WARNING|je0a4084a24 attempt 1: {'error': {'message': 'Rate limit exceeded: free-models-per-min. ', 'code': 429, 'metadata': {'headers': {'X-RateLimit-Limit': '20', 'X-RateLimit-Remaining': '0', 'X-RateLimit-Reset': '1790209740000'}, 'limit_source': 'openrouter_free_tier_per_minute', 'remedy_hint': 'Slow down requests to free mode
00:28:41|ERROR  |key limit reached -> stopping judge (resumable)
00:28:41|WARNING|je0789f7a45 attempt 1: {'error': {'message': 'Rate limit exceeded: free-models-per-min. ', 'code': 429, 'metadata': {'headers': {'X-RateLimit-Limit': '20', 'X-RateLimit-Remaining': '0', 'X-RateLimit-Reset': '1790209740000'}, 'limit_source': 'openrouter_free_tier_per_minute', 'remedy_hint': 'Slow down requests to free mode
00:28:41|ERROR  |key limit reached -> stopping judge (resumable)
00:28:41|WARNING|je08667f755 attempt 1: {'error': {'message': 'Rate limit exceeded: free-models-per-min. ', 'code': 429, 'metadata': {'headers': {'X-RateLimit-Limit': '20', 'X-RateLimit-Remaining': '0', 'X-RateLimit-Reset': '1790209740000'}, 'limit_source': 'openrouter_free_tier_per_minute', 'remedy_hint': 'Slow down requests to free mode
00:28:41|ERROR  |key limit reached -> stopping judge (resumable)
00:28:41|WARNING|je093642d3b attempt 1: {'error': {'message': 'Rate limit exceeded: free-models-per-min. ', 'code': 429, 'metadata': {'headers': {'X-RateLimit-Limit': '20', 'X-RateLimit-Remaining': '0', 'X-RateLimit-Reset': '1790209740000'}, 'limit_source': 'openrouter_free_tier_per_minute', 'remedy_hint': 'Slow down requests to free mode
00:28:41|ERROR  |key limit reached -> stopping judge (resumable)
00:28:42|WARNING|je0c5ffa9a5 attempt 1: {'error': {'message': 'Rate limit exceeded: free-models-per-min. ', 'code': 429, 'metadata': {'headers': {'X-RateLimit-Limit': '20', 'X-RateLimit-Remaining': '0', 'X-RateLimit-Reset': '1790209740000'}, 'limit_source': 'openrouter_free_tier_per_minute', 'remedy_hint': 'Slow down requests to free mode
00:28:42|ERROR  |key limit reached -> stopping judge (resumable)
00:28:42|WARNING|je0c1328121 attempt 1: {'error': {'message': 'Rate limit exceeded: free-models-per-min. ', 'code': 429, 'metadata': {'headers': {'X-RateLimit-Limit': '20', 'X-RateLimit-Remaining': '0', 'X-RateLimit-Reset': '1790209740000'}, 'limit_source': 'openrouter_free_tier_per_minute', 'remedy_hint': 'Slow down requests to free mode
00:28:42|ERROR  |key limit reached -> stopping judge (resumable)
00:28:42|WARNING|je08ecc9b37 attempt 1: {'error': {'message': 'Rate limit exceeded: free-models-per-min. ', 'code': 429, 'metadata': {'headers': {'X-RateLimit-Limit': '20', 'X-RateLimit-Remaining': '0', 'X-RateLimit-Reset': '1790209740000'}, 'limit_source': 'openrouter_free_tier_per_minute', 'remedy_hint': 'Slow down requests to free mode
00:28:42|ERROR  |key limit reached -> stopping judge (resumable)
00:28:42|WARNING|je0cdeceaeb attempt 1: {'error': {'message': 'Rate limit exceeded: free-models-per-min. ', 'code': 429, 'metadata': {'headers': {'X-RateLimit-Limit': '20', 'X-RateLimit-Remaining': '0', 'X-RateLimit-Reset': '1790209740000'}, 'limit_source': 'openrouter_free_tier_per_minute', 'remedy_hint': 'Slow down requests to free mode
00:28:42|ERROR  |key limit reached -> stopping judge (resumable)
00:28:42|WARNING|je13926fb5f attempt 1: {'error': {'message': 'Rate limit exceeded: free-models-per-min. ', 'code': 429, 'metadata': {'headers': {'X-RateLimit-Limit': '20', 'X-RateLimit-Remaining': '0', 'X-RateLimit-Reset': '1790209740000'}, 'limit_source': 'openrouter_free_tier_per_minute', 'remedy_hint': 'Slow down requests to free mode
00:28:42|ERROR  |key limit reached -> stopping judge (resumable)
00:28:42|WARNING|je12837fbaa attempt 1: {'error': {'message': 'Rate limit exceeded: free-models-per-min. ', 'code': 429, 'metadata': {'headers': {'X-RateLimit-Limit': '20', 'X-RateLimit-Remaining': '0', 'X-RateLimit-Reset': '1790209740000'}, 'limit_source': 'openrouter_free_tier_per_minute', 'remedy_hint': 'Slow down requests to free mode
00:28:42|ERROR  |key limit reached -> stopping judge (resumable)
00:28:42|WARNING|je13a61e2b1 attempt 1: {'error': {'message': 'Rate limit exceeded: free-models-per-min. ', 'code': 429, 'metadata': {'headers': {'X-RateLimit-Limit': '20', 'X-RateLimit-Remaining': '0', 'X-RateLimit-Reset': '1790209740000'}, 'limit_source': 'openrouter_free_tier_per_minute', 'remedy_hint': 'Slow down requests to free mode
00:28:42|ERROR  |key limit reached -> stopping judge (resumable)
00:28:42|WARNING|je151bf7228 attempt 1: {'error': {'message': 'Rate limit exceeded: free-models-per-min. ', 'code': 429, 'metadata': {'headers': {'X-RateLimit-Limit': '20', 'X-RateLimit-Remaining': '0', 'X-RateLimit-Reset': '1790209740000'}, 'limit_source': 'openrouter_free_tier_per_minute', 'remedy_hint': 'Slow down requests to free mode
00:28:42|ERROR  |key limit reached -> stopping judge (resumable)
00:28:42|WARNING|je13cd8f760 attempt 1: {'error': {'message': 'Rate limit exceeded: free-models-per-min. ', 'code': 429, 'metadata': {'headers': {'X-RateLimit-Limit': '20', 'X-RateLimit-Remaining': '0', 'X-RateLimit-Reset': '1790209740000'}, 'limit_source': 'openrouter_free_tier_per_minute', 'remedy_hint': 'Slow down requests to free mode
00:28:42|ERROR  |key limit reached -> stopping judge (resumable)
00:28:42|WARNING|je15b21783c attempt 1: {'error': {'message': 'Rate limit exceeded: free-models-per-min. ', 'code': 429, 'metadata': {'headers': {'X-RateLimit-Limit': '20', 'X-RateLimit-Remaining': '0', 'X-RateLimit-Reset': '1790209740000'}, 'limit_source': 'openrouter_free_tier_per_minute', 'remedy_hint': 'Slow down requests to free mode
00:28:42|ERROR  |key limit reached -> stopping judge (resumable)
00:28:44|WARNING|je1aaad2260 attempt 1: {'error': {'message': 'Rate limit exceeded: free-models-per-min. ', 'code': 429, 'metadata': {'headers': {'X-RateLimit-Limit': '20', 'X-RateLimit-Remaining': '0', 'X-RateLimit-Reset': '1790209740000'}, 'limit_source': 'openrouter_free_tier_per_minute', 'remedy_hint': 'Slow down requests to free mode
00:28:44|ERROR  |key limit reached -> stopping judge (resumable)
00:28:44|WARNING|je1c11280b6 attempt 1: {'error': {'message': 'Rate limit exceeded: free-models-per-min. ', 'code': 429, 'metadata': {'headers': {'X-RateLimit-Limit': '20', 'X-RateLimit-Remaining': '0', 'X-RateLimit-Reset': '1790209740000'}, 'limit_source': 'openrouter_free_tier_per_minute', 'remedy_hint': 'Slow down requests to free mode
00:28:44|ERROR  |key limit reached -> stopping judge (resumable)
00:28:44|WARNING|je1bc9417dd attempt 1: {'error': {'message': 'Rate limit exceeded: free-models-per-min. ', 'code': 429, 'metadata': {'headers': {'X-RateLimit-Limit': '20', 'X-RateLimit-Remaining': '0', 'X-RateLimit-Reset': '1790209740000'}, 'limit_source': 'openrouter_free_tier_per_minute', 'remedy_hint': 'Slow down requests to free mode
00:28:44|ERROR  |key limit reached -> stopping judge (resumable)
00:28:44|WARNING|je1d0271dc9 attempt 1: {'id': 'gen-1790209724-d5toN1yv9dxxJ0ePGFg5', 'error': {'message': 'Upstream error from Nvidia: Service temporarily overloaded', 'code': 503, 'metadata': {'error_type': 'provider_overloaded'}}}
00:28:46|WARNING|je1faad485e attempt 1: {'error': {'message': 'Rate limit exceeded: free-models-per-min. ', 'code': 429, 'metadata': {'headers': {'X-RateLimit-Limit': '20', 'X-RateLimit-Remaining': '0', 'X-RateLimit-Reset': '1790209740000'}, 'limit_source': 'openrouter_free_tier_per_minute', 'remedy_hint': 'Slow down requests to free mode
00:28:46|ERROR  |key limit reached -> stopping judge (resumable)
00:28:48|WARNING|je28f2e8545 attempt 1: {'error': {'message': 'Rate limit exceeded: free-models-per-min. ', 'code': 429, 'metadata': {'headers': {'X-RateLimit-Limit': '20', 'X-RateLimit-Remaining': '0', 'X-RateLimit-Reset': '1790209740000'}, 'limit_source': 'openrouter_free_tier_per_minute', 'remedy_hint': 'Slow down requests to free mode
00:28:48|ERROR  |key limit reached -> stopping judge (resumable)
00:28:48|WARNING|je25985badc attempt 1: {'error': {'message': 'Rate limit exceeded: free-models-per-min. ', 'code': 429, 'metadata': {'headers': {'X-RateLimit-Limit': '20', 'X-RateLimit-Remaining': '0', 'X-RateLimit-Reset': '1790209740000'}, 'limit_source': 'openrouter_free_tier_per_minute', 'remedy_hint': 'Slow down requests to free mode
00:28:48|ERROR  |key limit reached -> stopping judge (resumable)
00:28:48|WARNING|je2579e7c1d attempt 1: {'error': {'message': 'Rate limit exceeded: free-models-per-min. ', 'code': 429, 'metadata': {'headers': {'X-RateLimit-Limit': '20', 'X-RateLimit-Remaining': '0', 'X-RateLimit-Reset': '1790209740000'}, 'limit_source': 'openrouter_free_tier_per_minute', 'remedy_hint': 'Slow down requests to free mode
00:28:48|ERROR  |key limit reached -> stopping judge (resumable)
00:28:48|WARNING|je29f02ec8e attempt 1: {'error': {'message': 'Rate limit exceeded: free-models-per-min. ', 'code': 429, 'metadata': {'headers': {'X-RateLimit-Limit': '20', 'X-RateLimit-Remaining': '0', 'X-RateLimit-Reset': '1790209740000'}, 'limit_source': 'openrouter_free_tier_per_minute', 'remedy_hint': 'Slow down requests to free mode
00:28:48|ERROR  |key limit reached -> stopping judge (resumable)
00:28:49|WARNING|je2a183b813 attempt 1: {'error': {'message': 'Rate limit exceeded: free-models-per-min. ', 'code': 429, 'metadata': {'headers': {'X-RateLimit-Limit': '20', 'X-RateLimit-Remaining': '0', 'X-RateLimit-Reset': '1790209740000'}, 'limit_source': 'openrouter_free_tier_per_minute', 'remedy_hint': 'Slow down requests to free mode
00:28:49|ERROR  |key limit reached -> stopping judge (resumable)
00:28:50|WARNING|je2eaa8186d attempt 1: {'error': {'message': 'Rate limit exceeded: free-models-per-min. ', 'code': 429, 'metadata': {'headers': {'X-RateLimit-Limit': '20', 'X-RateLimit-Remaining': '0', 'X-RateLimit-Reset': '1790209740000'}, 'limit_source': 'openrouter_free_tier_per_minute', 'remedy_hint': 'Slow down requests to free mode
00:28:50|ERROR  |key limit reached -> stopping judge (resumable)
00:28:50|WARNING|je2f1bb1a18 attempt 1: {'error': {'message': 'Rate limit exceeded: free-models-per-min. ', 'code': 429, 'metadata': {'headers': {'X-RateLimit-Limit': '20', 'X-RateLimit-Remaining': '0', 'X-RateLimit-Reset': '1790209740000'}, 'limit_source': 'openrouter_free_tier_per_minute', 'remedy_hint': 'Slow down requests to free mode
00:28:50|ERROR  |key limit reached -> stopping judge (resumable)
00:28:50|WARNING|je30e53ed4c attempt 1: {'error': {'message': 'Rate limit exceeded: free-models-per-min. ', 'code': 429, 'metadata': {'headers': {'X-RateLimit-Limit': '20', 'X-RateLimit-Remaining': '0', 'X-RateLimit-Reset': '1790209740000'}, 'limit_source': 'openrouter_free_tier_per_minute', 'remedy_hint': 'Slow down requests to free mode
00:28:50|ERROR  |key limit reached -> stopping judge (resumable)
00:28:50|WARNING|je3111f2a86 attempt 1: {'error': {'message': 'Rate limit exceeded: free-models-per-min. ', 'code': 429, 'metadata': {'headers': {'X-RateLimit-Limit': '20', 'X-RateLimit-Remaining': '0', 'X-RateLimit-Reset': '1790209740000'}, 'limit_source': 'openrouter_free_tier_per_minute', 'remedy_hint': 'Slow down requests to free mode
00:28:50|ERROR  |key limit reached -> stopping judge (resumable)
00:28:50|WARNING|je30fd8bf5d attempt 1: {'error': {'message': 'Rate limit exceeded: free-models-per-min. ', 'code': 429, 'metadata': {'headers': {'X-RateLimit-Limit': '20', 'X-RateLimit-Remaining': '0', 'X-RateLimit-Reset': '1790209740000'}, 'limit_source': 'openrouter_free_tier_per_minute', 'remedy_hint': 'Slow down requests to free mode
00:28:50|ERROR  |key limit reached -> stopping judge (resumable)
00:28:50|WARNING|je3114eeddd attempt 1: {'error': {'message': 'Rate limit exceeded: free-models-per-min. ', 'code': 429, 'metadata': {'headers': {'X-RateLimit-Limit': '20', 'X-RateLimit-Remaining': '0', 'X-RateLimit-Reset': '1790209740000'}, 'limit_source': 'openrouter_free_tier_per_minute', 'remedy_hint': 'Slow down requests to free mode
00:28:50|ERROR  |key limit reached -> stopping judge (resumable)
00:28:51|WARNING|je33d76b7a4 attempt 1: {'error': {'message': 'Rate limit exceeded: free-models-per-min. ', 'code': 429, 'metadata': {'headers': {'X-RateLimit-Limit': '20', 'X-RateLimit-Remaining': '0', 'X-RateLimit-Reset': '1790209740000'}, 'limit_source': 'openrouter_free_tier_per_minute', 'remedy_hint': 'Slow down requests to free mode
00:28:51|ERROR  |key limit reached -> stopping judge (resumable)
00:28:51|WARNING|je34994878d attempt 1: {'error': {'message': 'Rate limit exceeded: free-models-per-min. ', 'code': 429, 'metadata': {'headers': {'X-RateLimit-Limit': '20', 'X-RateLimit-Remaining': '0', 'X-RateLimit-Reset': '1790209740000'}, 'limit_source': 'openrouter_free_tier_per_minute', 'remedy_hint': 'Slow down requests to free mode
00:28:51|ERROR  |key limit reached -> stopping judge (resumable)
00:28:51|WARNING|je3550b2249 attempt 1: {'error': {'message': 'Rate limit exceeded: free-models-per-min. ', 'code': 429, 'metadata': {'headers': {'X-RateLimit-Limit': '20', 'X-RateLimit-Remaining': '0', 'X-RateLimit-Reset': '1790209740000'}, 'limit_source': 'openrouter_free_tier_per_minute', 'remedy_hint': 'Slow down requests to free mode
00:28:51|ERROR  |key limit reached -> stopping judge (resumable)
00:28:51|WARNING|je320c0e952 attempt 1: {'error': {'message': 'Rate limit exceeded: free-models-per-min. ', 'code': 429, 'metadata': {'headers': {'X-RateLimit-Limit': '20', 'X-RateLimit-Remaining': '0', 'X-RateLimit-Reset': '1790209740000'}, 'limit_source': 'openrouter_free_tier_per_minute', 'remedy_hint': 'Slow down requests to free mode
00:28:51|ERROR  |key limit reached -> stopping judge (resumable)
00:28:51|WARNING|je36baf10df attempt 1: {'error': {'message': 'Rate limit exceeded: free-models-per-min. ', 'code': 429, 'metadata': {'headers': {'X-RateLimit-Limit': '20', 'X-RateLimit-Remaining': '0', 'X-RateLimit-Reset': '1790209740000'}, 'limit_source': 'openrouter_free_tier_per_minute', 'remedy_hint': 'Slow down requests to free mode
00:28:51|ERROR  |key limit reached -> stopping judge (resumable)
00:28:51|WARNING|je37f168286 attempt 1: {'error': {'message': 'Rate limit exceeded: free-models-per-min. ', 'code': 429, 'metadata': {'headers': {'X-RateLimit-Limit': '20', 'X-RateLimit-Remaining': '0', 'X-RateLimit-Reset': '1790209740000'}, 'limit_source': 'openrouter_free_tier_per_minute', 'remedy_hint': 'Slow down requests to free mode
00:28:51|ERROR  |key limit reached -> stopping judge (resumable)
00:28:52|WARNING|je3a4585dd8 attempt 1: {'error': {'message': 'Rate limit exceeded: free-models-per-min. ', 'code': 429, 'metadata': {'headers': {'X-RateLimit-Limit': '20', 'X-RateLimit-Remaining': '0', 'X-RateLimit-Reset': '1790209740000'}, 'limit_source': 'openrouter_free_tier_per_minute', 'remedy_hint': 'Slow down requests to free mode
00:28:52|ERROR  |key limit reached -> stopping judge (resumable)
00:28:52|WARNING|je3f478f133 attempt 1: {'error': {'message': 'Rate limit exceeded: free-models-per-min. ', 'code': 429, 'metadata': {'headers': {'X-RateLimit-Limit': '20', 'X-RateLimit-Remaining': '0', 'X-RateLimit-Reset': '1790209740000'}, 'limit_source': 'openrouter_free_tier_per_minute', 'remedy_hint': 'Slow down requests to free mode
00:28:52|ERROR  |key limit reached -> stopping judge (resumable)
00:28:52|WARNING|je3d3a46517 attempt 1: {'error': {'message': 'Rate limit exceeded: free-models-per-min. ', 'code': 429, 'metadata': {'headers': {'X-RateLimit-Limit': '20', 'X-RateLimit-Remaining': '0', 'X-RateLimit-Reset': '1790209740000'}, 'limit_source': 'openrouter_free_tier_per_minute', 'remedy_hint': 'Slow down requests to free mode
00:28:52|ERROR  |key limit reached -> stopping judge (resumable)
00:28:52|WARNING|je3bb75bde7 attempt 1: {'id': 'gen-1790209732-3cGkGrcncRVsSQzrs02S', 'error': {'message': 'Upstream error from Nvidia: Service temporarily overloaded', 'code': 503, 'metadata': {'error_type': 'provider_overloaded'}}}
00:28:53|WARNING|je489ff8503 attempt 1: {'error': {'message': 'Rate limit exceeded: free-models-per-min. ', 'code': 429, 'metadata': {'headers': {'X-RateLimit-Limit': '20', 'X-RateLimit-Remaining': '0', 'X-RateLimit-Reset': '1790209740000'}, 'limit_source': 'openrouter_free_tier_per_minute', 'remedy_hint': 'Slow down requests to free mode
00:28:53|ERROR  |key limit reached -> stopping judge (resumable)
00:28:53|WARNING|je4ad488ec2 attempt 1: {'error': {'message': 'Rate limit exceeded: free-models-per-min. ', 'code': 429, 'metadata': {'headers': {'X-RateLimit-Limit': '20', 'X-RateLimit-Remaining': '0', 'X-RateLimit-Reset': '1790209740000'}, 'limit_source': 'openrouter_free_tier_per_minute', 'remedy_hint': 'Slow down requests to free mode
00:28:53|ERROR  |key limit reached -> stopping judge (resumable)
00:28:53|WARNING|je4a5cd3c2a attempt 1: {'error': {'message': 'Rate limit exceeded: free-models-per-min. ', 'code': 429, 'metadata': {'headers': {'X-RateLimit-Limit': '20', 'X-RateLimit-Remaining': '0', 'X-RateLimit-Reset': '1790209740000'}, 'limit_source': 'openrouter_free_tier_per_minute', 'remedy_hint': 'Slow down requests to free mode
00:28:53|ERROR  |key limit reached -> stopping judge (resumable)
00:28:55|WARNING|je512a8e39e attempt 1: {'id': 'gen-1790209735-iDShULYahAMwl8MQZb6J', 'error': {'message': 'Upstream error from Nvidia: Service temporarily overloaded', 'code': 503, 'metadata': {'error_type': 'provider_overloaded'}}}
00:28:55|WARNING|je4df6e6971 attempt 1: {'error': {'message': 'Rate limit exceeded: free-models-per-min. ', 'code': 429, 'metadata': {'headers': {'X-RateLimit-Limit': '20', 'X-RateLimit-Remaining': '0', 'X-RateLimit-Reset': '1790209740000'}, 'limit_source': 'openrouter_free_tier_per_minute', 'remedy_hint': 'Slow down requests to free mode
00:28:55|ERROR  |key limit reached -> stopping judge (resumable)
00:28:55|WARNING|je4be885844 attempt 1: {'error': {'message': 'Rate limit exceeded: free-models-per-min. ', 'code': 429, 'metadata': {'headers': {'X-RateLimit-Limit': '20', 'X-RateLimit-Remaining': '0', 'X-RateLimit-Reset': '1790209740000'}, 'limit_source': 'openrouter_free_tier_per_minute', 'remedy_hint': 'Slow down requests to free mode
00:28:55|ERROR  |key limit reached -> stopping judge (resumable)
00:28:55|WARNING|je51df5883e attempt 1: {'error': {'message': 'Rate limit exceeded: free-models-per-min. ', 'code': 429, 'metadata': {'headers': {'X-RateLimit-Limit': '20', 'X-RateLimit-Remaining': '0', 'X-RateLimit-Reset': '1790209740000'}, 'limit_source': 'openrouter_free_tier_per_minute', 'remedy_hint': 'Slow down requests to free mode
00:28:55|ERROR  |key limit reached -> stopping judge (resumable)
00:28:56|WARNING|je5505b3f4d attempt 1: {'error': {'message': 'Rate limit exceeded: free-models-per-min. ', 'code': 429, 'metadata': {'headers': {'X-RateLimit-Limit': '20', 'X-RateLimit-Remaining': '0', 'X-RateLimit-Reset': '1790209740000'}, 'limit_source': 'openrouter_free_tier_per_minute', 'remedy_hint': 'Slow down requests to free mode
00:28:56|ERROR  |key limit reached -> stopping judge (resumable)
00:28:56|WARNING|je55369e171 attempt 1: {'error': {'message': 'Rate limit exceeded: free-models-per-min. ', 'code': 429, 'metadata': {'headers': {'X-RateLimit-Limit': '20', 'X-RateLimit-Remaining': '0', 'X-RateLimit-Reset': '1790209740000'}, 'limit_source': 'openrouter_free_tier_per_minute', 'remedy_hint': 'Slow down requests to free mode
00:28:56|ERROR  |key limit reached -> stopping judge (resumable)
00:28:56|WARNING|je56d030512 attempt 1: {'error': {'message': 'Rate limit exceeded: free-models-per-min. ', 'code': 429, 'metadata': {'headers': {'X-RateLimit-Limit': '20', 'X-RateLimit-Remaining': '0', 'X-RateLimit-Reset': '1790209740000'}, 'limit_source': 'openrouter_free_tier_per_minute', 'remedy_hint': 'Slow down requests to free mode
00:28:56|ERROR  |key limit reached -> stopping judge (resumable)
00:28:57|WARNING|je5bd5e7df3 attempt 1: {'error': {'message': 'Rate limit exceeded: free-models-per-min. ', 'code': 429, 'metadata': {'headers': {'X-RateLimit-Limit': '20', 'X-RateLimit-Remaining': '0', 'X-RateLimit-Reset': '1790209740000'}, 'limit_source': 'openrouter_free_tier_per_minute', 'remedy_hint': 'Slow down requests to free mode
00:28:57|ERROR  |key limit reached -> stopping judge (resumable)
00:28:57|WARNING|je5aae90b28 attempt 1: {'error': {'message': 'Rate limit exceeded: free-models-per-min. ', 'code': 429, 'metadata': {'headers': {'X-RateLimit-Limit': '20', 'X-RateLimit-Remaining': '0', 'X-RateLimit-Reset': '1790209740000'}, 'limit_source': 'openrouter_free_tier_per_minute', 'remedy_hint': 'Slow down requests to free mode
00:28:57|ERROR  |key limit reached -> stopping judge (resumable)
00:28:57|WARNING|je584d7c44d attempt 1: {'error': {'message': 'Rate limit exceeded: free-models-per-min. ', 'code': 429, 'metadata': {'headers': {'X-RateLimit-Limit': '20', 'X-RateLimit-Remaining': '0', 'X-RateLimit-Reset': '1790209740000'}, 'limit_source': 'openrouter_free_tier_per_minute', 'remedy_hint': 'Slow down requests to free mode
00:28:57|ERROR  |key limit reached -> stopping judge (resumable)
00:28:57|WARNING|je5ce2222ca attempt 1: {'error': {'message': 'Rate limit exceeded: free-models-per-min. ', 'code': 429, 'metadata': {'headers': {'X-RateLimit-Limit': '20', 'X-RateLimit-Remaining': '0', 'X-RateLimit-Reset': '1790209740000'}, 'limit_source': 'openrouter_free_tier_per_minute', 'remedy_hint': 'Slow down requests to free mode
00:28:57|ERROR  |key limit reached -> stopping judge (resumable)
00:28:57|WARNING|je620f2e812 attempt 1: {'error': {'message': 'Rate limit exceeded: free-models-per-min. ', 'code': 429, 'metadata': {'headers': {'X-RateLimit-Limit': '20', 'X-RateLimit-Remaining': '0', 'X-RateLimit-Reset': '1790209740000'}, 'limit_source': 'openrouter_free_tier_per_minute', 'remedy_hint': 'Slow down requests to free mode
00:28:57|ERROR  |key limit reached -> stopping judge (resumable)
00:28:57|WARNING|je60b07a66e attempt 1: {'error': {'message': 'Rate limit exceeded: free-models-per-min. ', 'code': 429, 'metadata': {'headers': {'X-RateLimit-Limit': '20', 'X-RateLimit-Remaining': '0', 'X-RateLimit-Reset': '1790209740000'}, 'limit_source': 'openrouter_free_tier_per_minute', 'remedy_hint': 'Slow down requests to free mode
00:28:57|ERROR  |key limit reached -> stopping judge (resumable)
00:28:58|WARNING|je5ee46b598 attempt 1: {'error': {'message': 'Rate limit exceeded: free-models-per-min. ', 'code': 429, 'metadata': {'headers': {'X-RateLimit-Limit': '20', 'X-RateLimit-Remaining': '0', 'X-RateLimit-Reset': '1790209740000'}, 'limit_source': 'openrouter_free_tier_per_minute', 'remedy_hint': 'Slow down requests to free mode
00:28:58|ERROR  |key limit reached -> stopping judge (resumable)
00:28:58|WARNING|je64522a915 attempt 1: {'error': {'message': 'Rate limit exceeded: free-models-per-min. ', 'code': 429, 'metadata': {'headers': {'X-RateLimit-Limit': '20', 'X-RateLimit-Remaining': '0', 'X-RateLimit-Reset': '1790209740000'}, 'limit_source': 'openrouter_free_tier_per_minute', 'remedy_hint': 'Slow down requests to free mode
00:28:58|ERROR  |key limit reached -> stopping judge (resumable)
00:28:58|WARNING|je697104b96 attempt 1: {'error': {'message': 'Rate limit exceeded: free-models-per-min. ', 'code': 429, 'metadata': {'headers': {'X-RateLimit-Limit': '20', 'X-RateLimit-Remaining': '0', 'X-RateLimit-Reset': '1790209740000'}, 'limit_source': 'openrouter_free_tier_per_minute', 'remedy_hint': 'Slow down requests to free mode
00:28:58|ERROR  |key limit reached -> stopping judge (resumable)
00:28:58|WARNING|je6782db57c attempt 1: {'error': {'message': 'Rate limit exceeded: free-models-per-min. ', 'code': 429, 'metadata': {'headers': {'X-RateLimit-Limit': '20', 'X-RateLimit-Remaining': '0', 'X-RateLimit-Reset': '1790209740000'}, 'limit_source': 'openrouter_free_tier_per_minute', 'remedy_hint': 'Slow down requests to free mode
00:28:58|ERROR  |key limit reached -> stopping judge (resumable)
00:28:58|WARNING|je6823fe499 attempt 1: {'id': 'gen-1790209738-OAvHmTDYPqZAZXtv00K9', 'error': {'message': 'Upstream error from Nvidia: Service temporarily overloaded', 'code': 503, 'metadata': {'error_type': 'provider_overloaded'}}}
00:28:58|WARNING|je6c728fda2 attempt 1: {'error': {'message': 'Rate limit exceeded: free-models-per-min. ', 'code': 429, 'metadata': {'headers': {'X-RateLimit-Limit': '20', 'X-RateLimit-Remaining': '0', 'X-RateLimit-Reset': '1790209740000'}, 'limit_source': 'openrouter_free_tier_per_minute', 'remedy_hint': 'Slow down requests to free mode
00:28:58|ERROR  |key limit reached -> stopping judge (resumable)
00:28:58|WARNING|je6b9351de8 attempt 1: {'error': {'message': 'Rate limit exceeded: free-models-per-min. ', 'code': 429, 'metadata': {'headers': {'X-RateLimit-Limit': '20', 'X-RateLimit-Remaining': '0', 'X-RateLimit-Reset': '1790209740000'}, 'limit_source': 'openrouter_free_tier_per_minute', 'remedy_hint': 'Slow down requests to free mode
00:28:58|ERROR  |key limit reached -> stopping judge (resumable)
00:28:58|WARNING|je6b6d0c33f attempt 1: {'error': {'message': 'Rate limit exceeded: free-models-per-min. ', 'code': 429, 'metadata': {'headers': {'X-RateLimit-Limit': '20', 'X-RateLimit-Remaining': '0', 'X-RateLimit-Reset': '1790209740000'}, 'limit_source': 'openrouter_free_tier_per_minute', 'remedy_hint': 'Slow down requests to free mode
00:28:58|ERROR  |key limit reached -> stopping judge (resumable)
00:28:59|WARNING|je6caa96626 attempt 1: {'error': {'message': 'Rate limit exceeded: free-models-per-min. ', 'code': 429, 'metadata': {'headers': {'X-RateLimit-Limit': '20', 'X-RateLimit-Remaining': '0', 'X-RateLimit-Reset': '1790209740000'}, 'limit_source': 'openrouter_free_tier_per_minute', 'remedy_hint': 'Slow down requests to free mode
00:28:59|ERROR  |key limit reached -> stopping judge (resumable)
00:28:59|WARNING|je6f2d2711f attempt 1: {'error': {'message': 'Rate limit exceeded: free-models-per-min. ', 'code': 429, 'metadata': {'headers': {'X-RateLimit-Limit': '20', 'X-RateLimit-Remaining': '0', 'X-RateLimit-Reset': '1790209740000'}, 'limit_source': 'openrouter_free_tier_per_minute', 'remedy_hint': 'Slow down requests to free mode
00:28:59|ERROR  |key limit reached -> stopping judge (resumable)
00:28:59|WARNING|je731bafd7d attempt 1: {'error': {'message': 'Rate limit exceeded: free-models-per-min. ', 'code': 429, 'metadata': {'headers': {'X-RateLimit-Limit': '20', 'X-RateLimit-Remaining': '0', 'X-RateLimit-Reset': '1790209740000'}, 'limit_source': 'openrouter_free_tier_per_minute', 'remedy_hint': 'Slow down requests to free mode
00:28:59|ERROR  |key limit reached -> stopping judge (resumable)
00:28:59|WARNING|je7555dc113 attempt 1: {'error': {'message': 'Rate limit exceeded: free-models-per-min. ', 'code': 429, 'metadata': {'headers': {'X-RateLimit-Limit': '20', 'X-RateLimit-Remaining': '0', 'X-RateLimit-Reset': '1790209740000'}, 'limit_source': 'openrouter_free_tier_per_minute', 'remedy_hint': 'Slow down requests to free mode
00:28:59|ERROR  |key limit reached -> stopping judge (resumable)
00:28:59|WARNING|je797294344 attempt 1: {'error': {'message': 'Rate limit exceeded: free-models-per-min. ', 'code': 429, 'metadata': {'headers': {'X-RateLimit-Limit': '20', 'X-RateLimit-Remaining': '0', 'X-RateLimit-Reset': '1790209740000'}, 'limit_source': 'openrouter_free_tier_per_minute', 'remedy_hint': 'Slow down requests to free mode
00:28:59|ERROR  |key limit reached -> stopping judge (resumable)
00:28:59|WARNING|je7b2efe8d5 attempt 1: {'error': {'message': 'Rate limit exceeded: free-models-per-min. ', 'code': 429, 'metadata': {'headers': {'X-RateLimit-Limit': '20', 'X-RateLimit-Remaining': '0', 'X-RateLimit-Reset': '1790209740000'}, 'limit_source': 'openrouter_free_tier_per_minute', 'remedy_hint': 'Slow down requests to free mode
00:28:59|ERROR  |key limit reached -> stopping judge (resumable)
00:28:59|WARNING|je79a9d0f7c attempt 1: {'error': {'message': 'Rate limit exceeded: free-models-per-min. ', 'code': 429, 'metadata': {'headers': {'X-RateLimit-Limit': '20', 'X-RateLimit-Remaining': '0', 'X-RateLimit-Reset': '1790209740000'}, 'limit_source': 'openrouter_free_tier_per_minute', 'remedy_hint': 'Slow down requests to free mode
00:28:59|ERROR  |key limit reached -> stopping judge (resumable)
00:29:00|WARNING|je7cf329d4d attempt 1: {'id': 'gen-1790209740-26wsSrHrcI7pydOuDHRK', 'error': {'message': 'Upstream error from Nvidia: Service temporarily overloaded', 'code': 503, 'metadata': {'error_type': 'provider_overloaded'}}}
00:29:01|WARNING|je7e5b9963b attempt 1: {'error': {'message': 'Rate limit exceeded: free-models-per-min. ', 'code': 429, 'metadata': {'headers': {'X-RateLimit-Limit': '20', 'X-RateLimit-Remaining': '0', 'X-RateLimit-Reset': '1790209800000'}, 'limit_source': 'openrouter_free_tier_per_minute', 'remedy_hint': 'Slow down requests to free mode
00:29:01|ERROR  |key limit reached -> stopping judge (resumable)
00:29:02|WARNING|je7f10822dc attempt 1: {'error': {'message': 'Rate limit exceeded: free-models-per-min. ', 'code': 429, 'metadata': {'headers': {'X-RateLimit-Limit': '20', 'X-RateLimit-Remaining': '0', 'X-RateLimit-Reset': '1790209800000'}, 'limit_source': 'openrouter_free_tier_per_minute', 'remedy_hint': 'Slow down requests to free mode
00:29:02|ERROR  |key limit reached -> stopping judge (resumable)
00:29:02|WARNING|je80e321566 attempt 1: {'error': {'message': 'Rate limit exceeded: free-models-per-min. ', 'code': 429, 'metadata': {'headers': {'X-RateLimit-Limit': '20', 'X-RateLimit-Remaining': '0', 'X-RateLimit-Reset': '1790209800000'}, 'limit_source': 'openrouter_free_tier_per_minute', 'remedy_hint': 'Slow down requests to free mode
00:29:02|ERROR  |key limit reached -> stopping judge (resumable)
00:29:03|WARNING|je7f8ee8071 attempt 1: {'id': 'gen-1790209742-9Ays6SRADVUzGLXqVjoC', 'error': {'message': 'Upstream error from Nvidia: Service temporarily overloaded', 'code': 503, 'metadata': {'error_type': 'provider_overloaded'}}}
00:29:13|WARNING|je8a3688087 attempt 1: {'id': 'gen-1790209752-CGMgk5TW311EBftRuL4P', 'error': {'message': 'Upstream error from Nvidia: Service temporarily overloaded', 'code': 503, 'metadata': {'error_type': 'provider_overloaded'}}}
00:29:14|WARNING|je8b57c2eb4 attempt 1: {'id': 'gen-1790209752-u4a5nvjqtKdP1gN3PNb4', 'error': {'message': 'Upstream error from Nvidia: Service temporarily overloaded', 'code': 503, 'metadata': {'error_type': 'provider_overloaded'}}}
00:29:20|WARNING|je8ceb38ddb attempt 1: {'id': 'gen-1790209758-pBisrluUQHa0iZMIwmqF', 'error': {'message': 'Upstream error from Nvidia: Service temporarily overloaded', 'code': 503, 'metadata': {'error_type': 'provider_overloaded'}}}
00:29:20|WARNING|je8de76de45 attempt 1: {'id': 'gen-1790209758-DqhqI1DvJRdFpf4TQk2M', 'error': {'message': 'Upstream error from Nvidia: Service temporarily overloaded', 'code': 503, 'metadata': {'error_type': 'provider_overloaded'}}}
00:29:25|WARNING|je9513fe1ec attempt 1: {'id': 'gen-1790209763-cNhNdKSytlPQxmV8A7pl', 'error': {'message': 'Upstream error from Nvidia: Service temporarily overloaded', 'code': 503, 'metadata': {'error_type': 'provider_overloaded'}}}
00:29:25|WARNING|je941b2b6cd attempt 1: {'id': 'gen-1790209764-2DcAPXVaJHbIy6VXjAAK', 'error': {'message': 'Upstream error from Nvidia: Service temporarily overloaded', 'code': 503, 'metadata': {'error_type': 'provider_overloaded'}}}
00:29:30|WARNING|je958837f41 attempt 1: {'id': 'gen-1790209767-UJWtrwZ07LgkK5lz4Yzu', 'error': {'message': 'Upstream error from Nvidia: Service temporarily overloaded', 'code': 503, 'metadata': {'error_type': 'provider_overloaded'}}}
00:29:39|WARNING|je9e9ca3291 attempt 1: {'id': 'gen-1790209777-tSsIEpqdQlKe3Xj6htRQ', 'error': {'message': 'Upstream error from Nvidia: Service temporarily overloaded', 'code': 503, 'metadata': {'error_type': 'provider_overloaded'}}}
00:29:41|WARNING|je9f595cc09 attempt 1: {'id': 'gen-1790209780-zeYfw3VVl18L8XLSPZFf', 'error': {'message': 'Upstream error from Nvidia: Service temporarily overloaded', 'code': 503, 'metadata': {'error_type': 'provider_overloaded'}}}
00:29:43|WARNING|jea05d6a50d attempt 1: {'id': 'gen-1790209781-ignlpKRifjZ3fziaeMiU', 'error': {'message': 'Upstream error from Nvidia: Service temporarily overloaded', 'code': 503, 'metadata': {'error_type': 'provider_overloaded'}}}
00:29:45|WARNING|jea49267629 attempt 1: {'id': 'gen-1790209784-7GY4YGTMIJhA7YGKG2dO', 'error': {'message': 'Upstream error from Nvidia: Service temporarily overloaded', 'code': 503, 'metadata': {'error_type': 'provider_overloaded'}}}
00:29:46|WARNING|jea556280f3 attempt 1: {'id': 'gen-1790209784-FttzRsnmsdqqkijhgRMa', 'error': {'message': 'Upstream error from Nvidia: Service temporarily overloaded', 'code': 503, 'metadata': {'error_type': 'provider_overloaded'}}}
00:29:49|WARNING|jead2df734a attempt 1: {'id': 'gen-1790209788-YWWO9qfoDvsvmCUE96fK', 'error': {'message': 'Upstream error from Nvidia: Service temporarily overloaded', 'code': 503, 'metadata': {'error_type': 'provider_overloaded'}}}
00:29:50|WARNING|jeab44e059b attempt 1: {'id': 'gen-1790209789-vFEwTfcoCNMPkBasLBwi', 'error': {'message': 'Upstream error from Nvidia: Service temporarily overloaded', 'code': 503, 'metadata': {'error_type': 'provider_overloaded'}}}
00:29:51|WARNING|jeab434c343 attempt 1: {'id': 'gen-1790209790-A5rVinWyHWogynshxDyy', 'error': {'message': 'Upstream error from Nvidia: Service temporarily overloaded', 'code': 503, 'metadata': {'error_type': 'provider_overloaded'}}}
00:29:51|WARNING|jeae74ca9fe attempt 1: {'id': 'gen-1790209790-IZU5oP4PylqmzRUIh3z9', 'error': {'message': 'Upstream error from Nvidia: Service temporarily overloaded', 'code': 503, 'metadata': {'error_type': 'provider_overloaded'}}}
00:29:51|WARNING|jeaf119d8ae attempt 1: {'id': 'gen-1790209790-KfooATtnn37TthoSlkZ3', 'error': {'message': 'Upstream error from Nvidia: Service temporarily overloaded', 'code': 503, 'metadata': {'error_type': 'provider_overloaded'}}}
00:29:53|WARNING|jeae9f6821b attempt 1: {'id': 'gen-1790209792-P6Xzylq5rf3RXwQLx1DJ', 'error': {'message': 'Upstream error from Nvidia: Service temporarily overloaded', 'code': 503, 'metadata': {'error_type': 'provider_overloaded'}}}
00:29:55|WARNING|jeb7dfecf49 attempt 1: {'id': 'gen-1790209794-JSqTPDgddRgz3Bbm6qlX', 'error': {'message': 'Upstream error from Nvidia: Service temporarily overloaded', 'code': 503, 'metadata': {'error_type': 'provider_overloaded'}}}
00:29:58|WARNING|jeba7d4c99b attempt 1: {'id': 'gen-1790209797-LdJ8f6ZocQ7cK5jOsJsH', 'error': {'message': 'Upstream error from Nvidia: Service temporarily overloaded', 'code': 503, 'metadata': {'error_type': 'provider_overloaded'}}}
00:30:00|WARNING|jebc962ae3f attempt 1: {'id': 'gen-1790209799-biHTaXcxs1vuEsH8Mr79', 'error': {'message': 'Upstream error from Nvidia: Service temporarily overloaded', 'code': 503, 'metadata': {'error_type': 'provider_overloaded'}}}
00:30:00|WARNING|jebde65ce3b attempt 1: {'id': 'gen-1790209799-afpRAyEV0sE7TYNGdkvX', 'error': {'message': 'Upstream error from Nvidia: Service temporarily overloaded', 'code': 503, 'metadata': {'error_type': 'provider_overloaded'}}}
00:30:00|WARNING|jec30616b43 attempt 1: {'id': 'gen-1790209799-9ejpu0FjVCMxjct0Rm3Y', 'error': {'message': 'Upstream error from Nvidia: Service temporarily overloaded', 'code': 503, 'metadata': {'error_type': 'provider_overloaded'}}}
00:30:04|WARNING|jeca5f1457b attempt 1: {'id': 'gen-1790209803-TuQENRaxO9ntA3YTC1X8', 'error': {'message': 'Upstream error from Nvidia: Service temporarily overloaded', 'code': 503, 'metadata': {'error_type': 'provider_overloaded'}}}
00:30:05|WARNING|jec9e63bd39 attempt 1: {'id': 'gen-1790209805-KBjKvPkvpvISayTneHdC', 'error': {'message': 'Upstream error from Nvidia: Service temporarily overloaded', 'code': 503, 'metadata': {'error_type': 'provider_overloaded'}}}
00:30:07|WARNING|jed4168276a attempt 1: {'id': 'gen-1790209806-02XnyWhCUASMIMYhE12W', 'error': {'message': 'Upstream error from Nvidia: Service temporarily overloaded', 'code': 503, 'metadata': {'error_type': 'provider_overloaded'}}}
00:30:07|WARNING|jed429b0c5b attempt 1: {'id': 'gen-1790209806-hjDzIiN7XcAxggeU9Ips', 'error': {'message': 'Upstream error from Nvidia: Service temporarily overloaded', 'code': 503, 'metadata': {'error_type': 'provider_overloaded'}}}
00:30:10|WARNING|jed8b98640b attempt 1: {'id': 'gen-1790209809-jDB5CQ8Uc7mHh9v89KrH', 'error': {'message': 'Upstream error from Nvidia: Service temporarily overloaded', 'code': 503, 'metadata': {'error_type': 'provider_overloaded'}}}
00:30:12|WARNING|jed651e0207 attempt 1: {'id': 'gen-1790209812-wvwhgBRYIRoURL0h1hqr', 'error': {'message': 'Upstream error from Nvidia: Service temporarily overloaded', 'code': 503, 'metadata': {'error_type': 'provider_overloaded'}}}
00:30:13|WARNING|jedd93793a6 attempt 1: {'error': {'message': 'Rate limit exceeded: free-models-per-min. ', 'code': 429, 'metadata': {'headers': {'X-RateLimit-Limit': '20', 'X-RateLimit-Remaining': '0', 'X-RateLimit-Reset': '1790209860000'}, 'limit_source': 'openrouter_free_tier_per_minute', 'remedy_hint': 'Slow down requests to free mode
00:30:13|ERROR  |key limit reached -> stopping judge (resumable)
00:30:16|WARNING|jee205ea843 attempt 1: {'id': 'gen-1790209815-L93ClKqPEate8W11ilzo', 'error': {'message': 'Upstream error from Nvidia: Service temporarily overloaded', 'code': 503, 'metadata': {'error_type': 'provider_overloaded'}}}
00:30:18|WARNING|jee23c3b444 attempt 1: {'id': 'gen-1790209817-vh2bwtDZMbiEwHWp4nxl', 'error': {'message': 'Upstream error from Nvidia: Service temporarily overloaded', 'code': 503, 'metadata': {'error_type': 'provider_overloaded'}}}
00:30:21|WARNING|jeea2ac1c36 attempt 1: {'id': 'gen-1790209820-j5gKiNZUzTpad23vhKP5', 'error': {'message': 'Upstream error from Nvidia: Service temporarily overloaded', 'code': 503, 'metadata': {'error_type': 'provider_overloaded'}}}
00:30:22|WARNING|jef7f7b4965 attempt 1: {'id': 'gen-1790209821-N8IrX3XmLAwkDFpXMG1D', 'error': {'message': 'Upstream error from Nvidia: Service temporarily overloaded', 'code': 503, 'metadata': {'error_type': 'provider_overloaded'}}}
00:30:22|WARNING|jef658ba2aa attempt 1: {'id': 'gen-1790209821-dfjMHU1yxIlgotjXGsoH', 'error': {'message': 'Upstream error from Nvidia: Service temporarily overloaded', 'code': 503, 'metadata': {'error_type': 'provider_overloaded'}}}
00:30:23|WARNING|jefb6a5a964 attempt 1: {'id': 'gen-1790209822-ohhe4KCIwlheTEmm3FlX', 'error': {'message': 'Upstream error from Nvidia: Service temporarily overloaded', 'code': 503, 'metadata': {'error_type': 'provider_overloaded'}}}
00:30:24|WARNING|jf03011b018 attempt 1: {'id': 'gen-1790209823-vWtr2CJVNBEoNhbdfxom', 'error': {'message': 'Upstream error from Nvidia: Service temporarily overloaded', 'code': 503, 'metadata': {'error_type': 'provider_overloaded'}}}
00:30:24|WARNING|jf06e30fbd1 attempt 1: {'id': 'gen-1790209823-NRxHX2eo0SfZsiAuvXd5', 'error': {'message': 'Upstream error from Nvidia: Service temporarily overloaded', 'code': 503, 'metadata': {'error_type': 'provider_overloaded'}}}
00:30:24|WARNING|jf01f9df1c4 attempt 1: {'id': 'gen-1790209823-02CMW5BVKZHwaUsmmsMT', 'error': {'message': 'Upstream error from Nvidia: Service temporarily overloaded', 'code': 503, 'metadata': {'error_type': 'provider_overloaded'}}}
00:30:26|WARNING|jf07c8c9403 attempt 1: {'id': 'gen-1790209825-7Tcf86W5CjOySK2bK8xq', 'error': {'message': 'Upstream error from Nvidia: Service temporarily overloaded', 'code': 503, 'metadata': {'error_type': 'provider_overloaded'}}}
00:30:26|WARNING|jf03a34e708 attempt 1: {'id': 'gen-1790209825-z2JWpAmXk9rsWp0nBPeg', 'error': {'message': 'Upstream error from Nvidia: Service temporarily overloaded', 'code': 503, 'metadata': {'error_type': 'provider_overloaded'}}}
00:30:27|WARNING|jf07e0b9ef6 attempt 1: {'id': 'gen-1790209826-8aQx6pZv61CItW2quh0O', 'error': {'message': 'Upstream error from Nvidia: Service temporarily overloaded', 'code': 503, 'metadata': {'error_type': 'provider_overloaded'}}}
00:30:28|WARNING|jf0c1c50054 attempt 1: {'error': {'message': 'Rate limit exceeded: free-models-per-min. ', 'code': 429, 'metadata': {'headers': {'X-RateLimit-Limit': '20', 'X-RateLimit-Remaining': '0', 'X-RateLimit-Reset': '1790209860000'}, 'limit_source': 'openrouter_free_tier_per_minute', 'remedy_hint': 'Slow down requests to free mode
00:30:28|ERROR  |key limit reached -> stopping judge (resumable)
00:30:28|WARNING|jf0d1cb18aa attempt 1: {'error': {'message': 'Rate limit exceeded: free-models-per-min. ', 'code': 429, 'metadata': {'headers': {'X-RateLimit-Limit': '20', 'X-RateLimit-Remaining': '0', 'X-RateLimit-Reset': '1790209860000'}, 'limit_source': 'openrouter_free_tier_per_minute', 'remedy_hint': 'Slow down requests to free mode
00:30:28|ERROR  |key limit reached -> stopping judge (resumable)
00:30:49|INFO   |queue: 4488 generations; already judged 1112; spent $1.113
00:30:49|INFO   |second judge (nvidia/nemotron-3-ultra-550b-a55b:free): 649 to judge
00:31:19|WARNING|j0c2cdf9baf attempt 0: {'id': 'gen-1790209878-oUmXgC20F7RT57f5UoFM', 'error': {'message': 'Upstream error from Nvidia: Service temporarily overloaded', 'code': 503, 'metadata': {'error_type': 'provider_overloaded'}}}
00:31:54|WARNING|j1655fd3a28 attempt 0: {'id': 'gen-1790209914-HbpCjJy94qb7GYffkpWd', 'error': {'message': 'Upstream error from Nvidia: Service temporarily overloaded', 'code': 503, 'metadata': {'error_type': 'provider_overloaded'}}}
00:31:58|WARNING|j16ed2cda77 attempt 0: {'id': 'gen-1790209917-7chxOb1kQPbscgy0iEfJ', 'error': {'message': 'Upstream error from Nvidia: Service temporarily overloaded', 'code': 503, 'metadata': {'error_type': 'provider_overloaded'}}}
00:32:07|WARNING|j188b6e0d2c attempt 0: {'id': 'gen-1790209927-VvBKtMODU9uRWqqqaG8e', 'error': {'message': 'Upstream error from Nvidia: Service temporarily overloaded', 'code': 503, 'metadata': {'error_type': 'provider_overloaded'}}}
00:32:14|WARNING|j18ec168706 attempt 0: {'id': 'gen-1790209933-92eaOAp2xJyElMq9gpOo', 'error': {'message': 'Upstream error from Nvidia: Service temporarily overloaded', 'code': 503, 'metadata': {'error_type': 'provider_overloaded'}}}
00:32:17|WARNING|j19789dc48e attempt 0: {'id': 'gen-1790209936-BGTQE1FVOgAbscp6OyeF', 'error': {'message': 'Upstream error from Nvidia: Service temporarily overloaded', 'code': 503, 'metadata': {'error_type': 'provider_overloaded'}}}
00:32:27|WARNING|j1c2a1b76e9 attempt 0: {'id': 'gen-1790209947-yq22hLgE52UhzQH9Py0F', 'error': {'message': 'Upstream error from Nvidia: Service temporarily overloaded', 'code': 503, 'metadata': {'error_type': 'provider_overloaded'}}}
00:32:30|WARNING|j1d90b4e271 attempt 0: {'id': 'gen-1790209950-vv2vjKXeuCZqS9AZkyKI', 'error': {'message': 'Upstream error from Nvidia: Service temporarily overloaded', 'code': 503, 'metadata': {'error_type': 'provider_overloaded'}}}
00:32:34|WARNING|j1eab4bdadf attempt 0: {'id': 'gen-1790209953-SKU116yROPgvnuBhMfi3', 'error': {'message': 'Upstream error from Nvidia: Service temporarily overloaded', 'code': 503, 'metadata': {'error_type': 'provider_overloaded'}}}
00:32:37|WARNING|j1eafde9906 attempt 0: {'id': 'gen-1790209957-roHUyHDDsuU2h1gFUF30', 'error': {'message': 'Upstream error from Nvidia: Service temporarily overloaded', 'code': 503, 'metadata': {'error_type': 'provider_overloaded'}}}
00:32:44|WARNING|j1fe4c081bd attempt 0: {'id': 'gen-1790209963-l4n6Y1D2IStd5KeoPpqf', 'error': {'message': 'Upstream error from Nvidia: Service temporarily overloaded', 'code': 503, 'metadata': {'error_type': 'provider_overloaded'}}}
00:32:47|WARNING|j20ac963b4c attempt 0: {'id': 'gen-1790209966-ZSo8s4wcQCPazVFThm3H', 'error': {'message': 'Upstream error from Nvidia: Service temporarily overloaded', 'code': 503, 'metadata': {'error_type': 'provider_overloaded'}}}
00:32:56|WARNING|j26aef618dc attempt 0: {'id': 'gen-1790209976-wtuGSobnxtxb7yG78dES', 'error': {'message': 'Upstream error from Nvidia: Service temporarily overloaded', 'code': 503, 'metadata': {'error_type': 'provider_overloaded'}}}
00:33:03|WARNING|j28245ddaf6 attempt 0: {'id': 'gen-1790209982-lZU6hLnmz3mOe5loxJQL', 'error': {'message': 'Upstream error from Nvidia: Service temporarily overloaded', 'code': 503, 'metadata': {'error_type': 'provider_overloaded'}}}
00:33:22|WARNING|j30c50b2733 attempt 0: {'id': 'gen-1790210002-d0mrM0kwY4WcJHQoQWjl', 'error': {'message': 'Upstream error from Nvidia: Service temporarily overloaded', 'code': 503, 'metadata': {'error_type': 'provider_overloaded'}}}
00:33:29|WARNING|j323b6d78cd attempt 0: {'id': 'gen-1790210009-kc0RFa9uO4VqWag6TvVR', 'error': {'message': 'Upstream error from Nvidia: Service temporarily overloaded', 'code': 503, 'metadata': {'error_type': 'provider_overloaded'}}}
00:33:46|WARNING|j36698a31ee attempt 0: {'id': 'gen-1790210025-IGbp5GRmWuexNL3KqCDR', 'error': {'message': 'Upstream error from Nvidia: Service temporarily overloaded', 'code': 503, 'metadata': {'error_type': 'provider_overloaded'}}}
00:33:56|WARNING|j395d80ac22 attempt 0: {'id': 'gen-1790210035-jxj7vuVSkLF0MA70Aqwp', 'error': {'message': 'Upstream error from Nvidia: Service temporarily overloaded', 'code': 503, 'metadata': {'error_type': 'provider_overloaded'}}}
00:34:00|WARNING|j3970dc4e5d attempt 0: {'id': 'gen-1790210039-3ugvjvRE8RioA7vPX0gi', 'error': {'message': 'Upstream error from Nvidia: Service temporarily overloaded', 'code': 503, 'metadata': {'error_type': 'provider_overloaded'}}}
00:34:02|WARNING|j39d99a0f1c attempt 0: {'id': 'gen-1790210042-kt5r9OrA3m7hMZnB8Fyz', 'error': {'message': 'Upstream error from Nvidia: Service temporarily overloaded', 'code': 503, 'metadata': {'error_type': 'provider_overloaded'}}}
00:34:16|WARNING|j3ccf621bd3 attempt 0: {'id': 'gen-1790210055-p5y8FVzSm0ruxFAnWkkb', 'error': {'message': 'Upstream error from Nvidia: Service temporarily overloaded', 'code': 503, 'metadata': {'error_type': 'provider_overloaded'}}}
00:34:25|WARNING|j3f3dd7efe8 attempt 0: {'id': 'gen-1790210065-nXTuVoQYwBZoVK40exAM', 'error': {'message': 'Upstream error from Nvidia: Service temporarily overloaded', 'code': 503, 'metadata': {'error_type': 'provider_overloaded'}}}
00:34:29|WARNING|j3f5e898078 attempt 0: {'id': 'gen-1790210068-7A1AFaoAj4ykGlC978L0', 'error': {'message': 'Upstream error from Nvidia: Service temporarily overloaded', 'code': 503, 'metadata': {'error_type': 'provider_overloaded'}}}
00:34:42|WARNING|j4155c2a21d attempt 0: {'id': 'gen-1790210081-1rOsFMWCLyYj8ovppOxn', 'error': {'message': 'Upstream error from Nvidia: Service temporarily overloaded', 'code': 503, 'metadata': {'error_type': 'provider_overloaded'}}}
00:35:02|WARNING|j4337a2ba69 attempt 0: {'id': 'gen-1790210101-pyJMkkyluYnnYSSU0bBM', 'error': {'message': 'Upstream error from Nvidia: Service temporarily overloaded', 'code': 503, 'metadata': {'error_type': 'provider_overloaded'}}}
00:35:05|WARNING|j436ab5b263 attempt 0: {'id': 'gen-1790210105-Fc1Z8qjRmyW1vwWeVtLY', 'error': {'message': 'Upstream error from Nvidia: Service temporarily overloaded', 'code': 503, 'metadata': {'error_type': 'provider_overloaded'}}}
00:35:15|WARNING|j437717c6b6 attempt 0: {'error': {'message': 'Rate limit exceeded: free-models-per-day-high-balance. ', 'code': 429, 'metadata': {'headers': {'X-RateLimit-Limit': '1000', 'X-RateLimit-Remaining': '0', 'X-RateLimit-Reset': '1790294400000'}, 'limit_source': 'openrouter_free_tier_daily', 'remedy_hint': 'Wait for the daily re
00:35:15|ERROR  |key limit reached -> stopping judge (resumable)
00:35:18|WARNING|j438c583f59 attempt 0: {'id': 'gen-1790210118-zgDLuodWAbgGFgWloTM2', 'error': {'message': 'Upstream error from Nvidia: Service temporarily overloaded', 'code': 503, 'metadata': {'error_type': 'provider_overloaded'}}}
00:35:21|WARNING|j439784abd2 attempt 0: {'error': {'message': 'Rate limit exceeded: free-models-per-day-high-balance. ', 'code': 429, 'metadata': {'headers': {'X-RateLimit-Limit': '1000', 'X-RateLimit-Remaining': '0', 'X-RateLimit-Reset': '1790294400000'}, 'limit_source': 'openrouter_free_tier_daily', 'remedy_hint': 'Wait for the daily re
00:35:21|ERROR  |key limit reached -> stopping judge (resumable)
00:35:28|WARNING|j43e800dc29 attempt 0: {'error': {'message': 'Rate limit exceeded: free-models-per-day-high-balance. ', 'code': 429, 'metadata': {'headers': {'X-RateLimit-Limit': '1000', 'X-RateLimit-Remaining': '0', 'X-RateLimit-Reset': '1790294400000'}, 'limit_source': 'openrouter_free_tier_daily', 'remedy_hint': 'Wait for the daily re
00:35:28|ERROR  |key limit reached -> stopping judge (resumable)
00:35:31|WARNING|j441dec275c attempt 0: {'error': {'message': 'Rate limit exceeded: free-models-per-day-high-balance. ', 'code': 429, 'metadata': {'headers': {'X-RateLimit-Limit': '1000', 'X-RateLimit-Remaining': '0', 'X-RateLimit-Reset': '1790294400000'}, 'limit_source': 'openrouter_free_tier_daily', 'remedy_hint': 'Wait for the daily re
00:35:31|ERROR  |key limit reached -> stopping judge (resumable)
00:35:34|WARNING|j443cd904a8 attempt 0: {'error': {'message': 'Rate limit exceeded: free-models-per-day-high-balance. ', 'code': 429, 'metadata': {'headers': {'X-RateLimit-Limit': '1000', 'X-RateLimit-Remaining': '0', 'X-RateLimit-Reset': '1790294400000'}, 'limit_source': 'openrouter_free_tier_daily', 'remedy_hint': 'Wait for the daily re
00:35:34|ERROR  |key limit reached -> stopping judge (resumable)
00:35:38|WARNING|j44ffcffe89 attempt 0: {'error': {'message': 'Rate limit exceeded: free-models-per-day-high-balance. ', 'code': 429, 'metadata': {'headers': {'X-RateLimit-Limit': '1000', 'X-RateLimit-Remaining': '0', 'X-RateLimit-Reset': '1790294400000'}, 'limit_source': 'openrouter_free_tier_daily', 'remedy_hint': 'Wait for the daily re
00:35:38|ERROR  |key limit reached -> stopping judge (resumable)
00:35:41|WARNING|j4510490017 attempt 0: {'error': {'message': 'Rate limit exceeded: free-models-per-day-high-balance. ', 'code': 429, 'metadata': {'headers': {'X-RateLimit-Limit': '1000', 'X-RateLimit-Remaining': '0', 'X-RateLimit-Reset': '1790294400000'}, 'limit_source': 'openrouter_free_tier_daily', 'remedy_hint': 'Wait for the daily re
00:35:41|ERROR  |key limit reached -> stopping judge (resumable)
00:35:44|WARNING|j4511bf91d3 attempt 0: {'error': {'message': 'Rate limit exceeded: free-models-per-day-high-balance. ', 'code': 429, 'metadata': {'headers': {'X-RateLimit-Limit': '1000', 'X-RateLimit-Remaining': '0', 'X-RateLimit-Reset': '1790294400000'}, 'limit_source': 'openrouter_free_tier_daily', 'remedy_hint': 'Wait for the daily re
00:35:44|ERROR  |key limit reached -> stopping judge (resumable)
00:35:47|WARNING|j4583ae9aac attempt 0: {'error': {'message': 'Rate limit exceeded: free-models-per-day-high-balance. ', 'code': 429, 'metadata': {'headers': {'X-RateLimit-Limit': '1000', 'X-RateLimit-Remaining': '0', 'X-RateLimit-Reset': '1790294400000'}, 'limit_source': 'openrouter_free_tier_daily', 'remedy_hint': 'Wait for the daily re
00:35:47|ERROR  |key limit reached -> stopping judge (resumable)
00:35:51|WARNING|j458d1a797e attempt 0: {'error': {'message': 'Rate limit exceeded: free-models-per-day-high-balance. ', 'code': 429, 'metadata': {'headers': {'X-RateLimit-Limit': '1000', 'X-RateLimit-Remaining': '0', 'X-RateLimit-Reset': '1790294400000'}, 'limit_source': 'openrouter_free_tier_daily', 'remedy_hint': 'Wait for the daily re
00:35:51|ERROR  |key limit reached -> stopping judge (resumable)
00:35:54|WARNING|j45a8e9de93 attempt 0: {'error': {'message': 'Rate limit exceeded: free-models-per-day-high-balance. ', 'code': 429, 'metadata': {'headers': {'X-RateLimit-Limit': '1000', 'X-RateLimit-Remaining': '0', 'X-RateLimit-Reset': '1790294400000'}, 'limit_source': 'openrouter_free_tier_daily', 'remedy_hint': 'Wait for the daily re
00:35:54|ERROR  |key limit reached -> stopping judge (resumable)
00:35:57|WARNING|j45eda3d7b5 attempt 0: {'error': {'message': 'Rate limit exceeded: free-models-per-day-high-balance. ', 'code': 429, 'metadata': {'headers': {'X-RateLimit-Limit': '1000', 'X-RateLimit-Remaining': '0', 'X-RateLimit-Reset': '1790294400000'}, 'limit_source': 'openrouter_free_tier_daily', 'remedy_hint': 'Wait for the daily re
00:35:57|ERROR  |key limit reached -> stopping judge (resumable)
00:36:01|WARNING|j466efdc92c attempt 0: {'error': {'message': 'Rate limit exceeded: free-models-per-day-high-balance. ', 'code': 429, 'metadata': {'headers': {'X-RateLimit-Limit': '1000', 'X-RateLimit-Remaining': '0', 'X-RateLimit-Reset': '1790294400000'}, 'limit_source': 'openrouter_free_tier_daily', 'remedy_hint': 'Wait for the daily re
00:36:01|ERROR  |key limit reached -> stopping judge (resumable)
00:36:04|WARNING|j46ab85a3d2 attempt 0: {'error': {'message': 'Rate limit exceeded: free-models-per-day-high-balance. ', 'code': 429, 'metadata': {'headers': {'X-RateLimit-Limit': '1000', 'X-RateLimit-Remaining': '0', 'X-RateLimit-Reset': '1790294400000'}, 'limit_source': 'openrouter_free_tier_daily', 'remedy_hint': 'Wait for the daily re
00:36:04|ERROR  |key limit reached -> stopping judge (resumable)
00:36:07|WARNING|j4715b57a72 attempt 0: {'error': {'message': 'Rate limit exceeded: free-models-per-day-high-balance. ', 'code': 429, 'metadata': {'headers': {'X-RateLimit-Limit': '1000', 'X-RateLimit-Remaining': '0', 'X-RateLimit-Reset': '1790294400000'}, 'limit_source': 'openrouter_free_tier_daily', 'remedy_hint': 'Wait for the daily re
00:36:07|ERROR  |key limit reached -> stopping judge (resumable)
00:36:11|WARNING|j47564f35a6 attempt 0: {'error': {'message': 'Rate limit exceeded: free-models-per-day-high-balance. ', 'code': 429, 'metadata': {'headers': {'X-RateLimit-Limit': '1000', 'X-RateLimit-Remaining': '0', 'X-RateLimit-Reset': '1790294400000'}, 'limit_source': 'openrouter_free_tier_daily', 'remedy_hint': 'Wait for the daily re
00:36:11|ERROR  |key limit reached -> stopping judge (resumable)
00:36:14|WARNING|j47ce09546c attempt 0: {'error': {'message': 'Rate limit exceeded: free-models-per-day-high-balance. ', 'code': 429, 'metadata': {'headers': {'X-RateLimit-Limit': '1000', 'X-RateLimit-Remaining': '0', 'X-RateLimit-Reset': '1790294400000'}, 'limit_source': 'openrouter_free_tier_daily', 'remedy_hint': 'Wait for the daily re
00:36:14|ERROR  |key limit reached -> stopping judge (resumable)
00:36:17|WARNING|j47ed378ec6 attempt 0: {'error': {'message': 'Rate limit exceeded: free-models-per-day-high-balance. ', 'code': 429, 'metadata': {'headers': {'X-RateLimit-Limit': '1000', 'X-RateLimit-Remaining': '0', 'X-RateLimit-Reset': '1790294400000'}, 'limit_source': 'openrouter_free_tier_daily', 'remedy_hint': 'Wait for the daily re
00:36:17|ERROR  |key limit reached -> stopping judge (resumable)
00:36:20|WARNING|j480d54275e attempt 0: {'error': {'message': 'Rate limit exceeded: free-models-per-day-high-balance. ', 'code': 429, 'metadata': {'headers': {'X-RateLimit-Limit': '1000', 'X-RateLimit-Remaining': '0', 'X-RateLimit-Reset': '1790294400000'}, 'limit_source': 'openrouter_free_tier_daily', 'remedy_hint': 'Wait for the daily re
00:36:20|ERROR  |key limit reached -> stopping judge (resumable)
00:36:24|WARNING|j4825ba50c1 attempt 0: {'error': {'message': 'Rate limit exceeded: free-models-per-day-high-balance. ', 'code': 429, 'metadata': {'headers': {'X-RateLimit-Limit': '1000', 'X-RateLimit-Remaining': '0', 'X-RateLimit-Reset': '1790294400000'}, 'limit_source': 'openrouter_free_tier_daily', 'remedy_hint': 'Wait for the daily re
00:36:24|ERROR  |key limit reached -> stopping judge (resumable)
00:36:27|WARNING|j4836b7bb67 attempt 0: {'error': {'message': 'Rate limit exceeded: free-models-per-day-high-balance. ', 'code': 429, 'metadata': {'headers': {'X-RateLimit-Limit': '1000', 'X-RateLimit-Remaining': '0', 'X-RateLimit-Reset': '1790294400000'}, 'limit_source': 'openrouter_free_tier_daily', 'remedy_hint': 'Wait for the daily re
00:36:27|ERROR  |key limit reached -> stopping judge (resumable)
00:36:30|WARNING|j48e7157777 attempt 0: {'error': {'message': 'Rate limit exceeded: free-models-per-day-high-balance. ', 'code': 429, 'metadata': {'headers': {'X-RateLimit-Limit': '1000', 'X-RateLimit-Remaining': '0', 'X-RateLimit-Reset': '1790294400000'}, 'limit_source': 'openrouter_free_tier_daily', 'remedy_hint': 'Wait for the daily re
00:36:30|ERROR  |key limit reached -> stopping judge (resumable)
00:36:34|WARNING|j49009f4a69 attempt 0: {'error': {'message': 'Rate limit exceeded: free-models-per-day-high-balance. ', 'code': 429, 'metadata': {'headers': {'X-RateLimit-Limit': '1000', 'X-RateLimit-Remaining': '0', 'X-RateLimit-Reset': '1790294400000'}, 'limit_source': 'openrouter_free_tier_daily', 'remedy_hint': 'Wait for the daily re
00:36:34|ERROR  |key limit reached -> stopping judge (resumable)
00:36:37|WARNING|j4950054da5 attempt 0: {'error': {'message': 'Rate limit exceeded: free-models-per-day-high-balance. ', 'code': 429, 'metadata': {'headers': {'X-RateLimit-Limit': '1000', 'X-RateLimit-Remaining': '0', 'X-RateLimit-Reset': '1790294400000'}, 'limit_source': 'openrouter_free_tier_daily', 'remedy_hint': 'Wait for the daily re
00:36:37|ERROR  |key limit reached -> stopping judge (resumable)
00:36:40|WARNING|j499833aeed attempt 0: {'error': {'message': 'Rate limit exceeded: free-models-per-day-high-balance. ', 'code': 429, 'metadata': {'headers': {'X-RateLimit-Limit': '1000', 'X-RateLimit-Remaining': '0', 'X-RateLimit-Reset': '1790294400000'}, 'limit_source': 'openrouter_free_tier_daily', 'remedy_hint': 'Wait for the daily re
00:36:40|ERROR  |key limit reached -> stopping judge (resumable)
00:36:44|WARNING|j4998463699 attempt 0: {'error': {'message': 'Rate limit exceeded: free-models-per-day-high-balance. ', 'code': 429, 'metadata': {'headers': {'X-RateLimit-Limit': '1000', 'X-RateLimit-Remaining': '0', 'X-RateLimit-Reset': '1790294400000'}, 'limit_source': 'openrouter_free_tier_daily', 'remedy_hint': 'Wait for the daily re
00:36:44|ERROR  |key limit reached -> stopping judge (resumable)
00:36:47|WARNING|j49ea44f41a attempt 0: {'error': {'message': 'Rate limit exceeded: free-models-per-day-high-balance. ', 'code': 429, 'metadata': {'headers': {'X-RateLimit-Limit': '1000', 'X-RateLimit-Remaining': '0', 'X-RateLimit-Reset': '1790294400000'}, 'limit_source': 'openrouter_free_tier_daily', 'remedy_hint': 'Wait for the daily re
00:36:47|ERROR  |key limit reached -> stopping judge (resumable)
00:36:50|WARNING|j49efa86459 attempt 0: {'error': {'message': 'Rate limit exceeded: free-models-per-day-high-balance. ', 'code': 429, 'metadata': {'headers': {'X-RateLimit-Limit': '1000', 'X-RateLimit-Remaining': '0', 'X-RateLimit-Reset': '1790294400000'}, 'limit_source': 'openrouter_free_tier_daily', 'remedy_hint': 'Wait for the daily re
00:36:50|ERROR  |key limit reached -> stopping judge (resumable)
00:36:53|WARNING|j49f461f9ea attempt 0: {'error': {'message': 'Rate limit exceeded: free-models-per-day-high-balance. ', 'code': 429, 'metadata': {'headers': {'X-RateLimit-Limit': '1000', 'X-RateLimit-Remaining': '0', 'X-RateLimit-Reset': '1790294400000'}, 'limit_source': 'openrouter_free_tier_daily', 'remedy_hint': 'Wait for the daily re
00:36:53|ERROR  |key limit reached -> stopping judge (resumable)
00:36:57|WARNING|j4a04a02049 attempt 0: {'error': {'message': 'Rate limit exceeded: free-models-per-day-high-balance. ', 'code': 429, 'metadata': {'headers': {'X-RateLimit-Limit': '1000', 'X-RateLimit-Remaining': '0', 'X-RateLimit-Reset': '1790294400000'}, 'limit_source': 'openrouter_free_tier_daily', 'remedy_hint': 'Wait for the daily re
00:36:57|ERROR  |key limit reached -> stopping judge (resumable)
00:37:00|WARNING|j4a4e86688e attempt 0: {'error': {'message': 'Rate limit exceeded: free-models-per-day-high-balance. ', 'code': 429, 'metadata': {'headers': {'X-RateLimit-Limit': '1000', 'X-RateLimit-Remaining': '0', 'X-RateLimit-Reset': '1790294400000'}, 'limit_source': 'openrouter_free_tier_daily', 'remedy_hint': 'Wait for the daily re
00:37:00|ERROR  |key limit reached -> stopping judge (resumable)
00:37:03|WARNING|j4b017d2ba1 attempt 0: {'error': {'message': 'Rate limit exceeded: free-models-per-day-high-balance. ', 'code': 429, 'metadata': {'headers': {'X-RateLimit-Limit': '1000', 'X-RateLimit-Remaining': '0', 'X-RateLimit-Reset': '1790294400000'}, 'limit_source': 'openrouter_free_tier_daily', 'remedy_hint': 'Wait for the daily re
00:37:03|ERROR  |key limit reached -> stopping judge (resumable)
00:37:07|WARNING|j4bdb774de3 attempt 0: {'error': {'message': 'Rate limit exceeded: free-models-per-day-high-balance. ', 'code': 429, 'metadata': {'headers': {'X-RateLimit-Limit': '1000', 'X-RateLimit-Remaining': '0', 'X-RateLimit-Reset': '1790294400000'}, 'limit_source': 'openrouter_free_tier_daily', 'remedy_hint': 'Wait for the daily re
00:37:07|ERROR  |key limit reached -> stopping judge (resumable)
00:37:10|WARNING|j4c00bf8e7b attempt 0: {'error': {'message': 'Rate limit exceeded: free-models-per-day-high-balance. ', 'code': 429, 'metadata': {'headers': {'X-RateLimit-Limit': '1000', 'X-RateLimit-Remaining': '0', 'X-RateLimit-Reset': '1790294400000'}, 'limit_source': 'openrouter_free_tier_daily', 'remedy_hint': 'Wait for the daily re
00:37:10|ERROR  |key limit reached -> stopping judge (resumable)
00:37:13|WARNING|j4d135e74ba attempt 0: {'error': {'message': 'Rate limit exceeded: free-models-per-day-high-balance. ', 'code': 429, 'metadata': {'headers': {'X-RateLimit-Limit': '1000', 'X-RateLimit-Remaining': '0', 'X-RateLimit-Reset': '1790294400000'}, 'limit_source': 'openrouter_free_tier_daily', 'remedy_hint': 'Wait for the daily re
00:37:13|ERROR  |key limit reached -> stopping judge (resumable)
00:37:17|WARNING|j4d3bbfc4fb attempt 0: {'error': {'message': 'Rate limit exceeded: free-models-per-day-high-balance. ', 'code': 429, 'metadata': {'headers': {'X-RateLimit-Limit': '1000', 'X-RateLimit-Remaining': '0', 'X-RateLimit-Reset': '1790294400000'}, 'limit_source': 'openrouter_free_tier_daily', 'remedy_hint': 'Wait for the daily re
00:37:17|ERROR  |key limit reached -> stopping judge (resumable)
00:37:20|WARNING|j4d66632f0b attempt 0: {'error': {'message': 'Rate limit exceeded: free-models-per-day-high-balance. ', 'code': 429, 'metadata': {'headers': {'X-RateLimit-Limit': '1000', 'X-RateLimit-Remaining': '0', 'X-RateLimit-Reset': '1790294400000'}, 'limit_source': 'openrouter_free_tier_daily', 'remedy_hint': 'Wait for the daily re
00:37:20|ERROR  |key limit reached -> stopping judge (resumable)
00:37:23|WARNING|j4d6c5be2cb attempt 0: {'error': {'message': 'Rate limit exceeded: free-models-per-day-high-balance. ', 'code': 429, 'metadata': {'headers': {'X-RateLimit-Limit': '1000', 'X-RateLimit-Remaining': '0', 'X-RateLimit-Reset': '1790294400000'}, 'limit_source': 'openrouter_free_tier_daily', 'remedy_hint': 'Wait for the daily re
00:37:23|ERROR  |key limit reached -> stopping judge (resumable)
00:37:26|WARNING|j4d99eb32c9 attempt 0: {'error': {'message': 'Rate limit exceeded: free-models-per-day-high-balance. ', 'code': 429, 'metadata': {'headers': {'X-RateLimit-Limit': '1000', 'X-RateLimit-Remaining': '0', 'X-RateLimit-Reset': '1790294400000'}, 'limit_source': 'openrouter_free_tier_daily', 'remedy_hint': 'Wait for the daily re
00:37:26|ERROR  |key limit reached -> stopping judge (resumable)
00:37:30|WARNING|j4db3a63fac attempt 0: {'error': {'message': 'Rate limit exceeded: free-models-per-day-high-balance. ', 'code': 429, 'metadata': {'headers': {'X-RateLimit-Limit': '1000', 'X-RateLimit-Remaining': '0', 'X-RateLimit-Reset': '1790294400000'}, 'limit_source': 'openrouter_free_tier_daily', 'remedy_hint': 'Wait for the daily re
00:37:30|ERROR  |key limit reached -> stopping judge (resumable)
00:37:33|WARNING|j4df84f8560 attempt 0: {'error': {'message': 'Rate limit exceeded: free-models-per-day-high-balance. ', 'code': 429, 'metadata': {'headers': {'X-RateLimit-Limit': '1000', 'X-RateLimit-Remaining': '0', 'X-RateLimit-Reset': '1790294400000'}, 'limit_source': 'openrouter_free_tier_daily', 'remedy_hint': 'Wait for the daily re
00:37:33|ERROR  |key limit reached -> stopping judge (resumable)
00:37:36|WARNING|j4f5da6645a attempt 0: {'error': {'message': 'Rate limit exceeded: free-models-per-day-high-balance. ', 'code': 429, 'metadata': {'headers': {'X-RateLimit-Limit': '1000', 'X-RateLimit-Remaining': '0', 'X-RateLimit-Reset': '1790294400000'}, 'limit_source': 'openrouter_free_tier_daily', 'remedy_hint': 'Wait for the daily re
00:37:36|ERROR  |key limit reached -> stopping judge (resumable)
00:37:40|WARNING|j4f623f6417 attempt 0: {'error': {'message': 'Rate limit exceeded: free-models-per-day-high-balance. ', 'code': 429, 'metadata': {'headers': {'X-RateLimit-Limit': '1000', 'X-RateLimit-Remaining': '0', 'X-RateLimit-Reset': '1790294400000'}, 'limit_source': 'openrouter_free_tier_daily', 'remedy_hint': 'Wait for the daily re
00:37:40|ERROR  |key limit reached -> stopping judge (resumable)
00:37:43|WARNING|j4fa0a36074 attempt 0: {'error': {'message': 'Rate limit exceeded: free-models-per-day-high-balance. ', 'code': 429, 'metadata': {'headers': {'X-RateLimit-Limit': '1000', 'X-RateLimit-Remaining': '0', 'X-RateLimit-Reset': '1790294400000'}, 'limit_source': 'openrouter_free_tier_daily', 'remedy_hint': 'Wait for the daily re
00:37:43|ERROR  |key limit reached -> stopping judge (resumable)
00:37:46|WARNING|j4fe386a12a attempt 0: {'error': {'message': 'Rate limit exceeded: free-models-per-day-high-balance. ', 'code': 429, 'metadata': {'headers': {'X-RateLimit-Limit': '1000', 'X-RateLimit-Remaining': '0', 'X-RateLimit-Reset': '1790294400000'}, 'limit_source': 'openrouter_free_tier_daily', 'remedy_hint': 'Wait for the daily re
00:37:46|ERROR  |key limit reached -> stopping judge (resumable)
00:37:50|WARNING|j50022d259b attempt 0: {'error': {'message': 'Rate limit exceeded: free-models-per-day-high-balance. ', 'code': 429, 'metadata': {'headers': {'X-RateLimit-Limit': '1000', 'X-RateLimit-Remaining': '0', 'X-RateLimit-Reset': '1790294400000'}, 'limit_source': 'openrouter_free_tier_daily', 'remedy_hint': 'Wait for the daily re
00:37:50|ERROR  |key limit reached -> stopping judge (resumable)
00:37:53|WARNING|j50dc389001 attempt 0: {'error': {'message': 'Rate limit exceeded: free-models-per-day-high-balance. ', 'code': 429, 'metadata': {'headers': {'X-RateLimit-Limit': '1000', 'X-RateLimit-Remaining': '0', 'X-RateLimit-Reset': '1790294400000'}, 'limit_source': 'openrouter_free_tier_daily', 'remedy_hint': 'Wait for the daily re
00:37:53|ERROR  |key limit reached -> stopping judge (resumable)
00:37:56|WARNING|j50eeec14fe attempt 0: {'error': {'message': 'Rate limit exceeded: free-models-per-day-high-balance. ', 'code': 429, 'metadata': {'headers': {'X-RateLimit-Limit': '1000', 'X-RateLimit-Remaining': '0', 'X-RateLimit-Reset': '1790294400000'}, 'limit_source': 'openrouter_free_tier_daily', 'remedy_hint': 'Wait for the daily re
00:37:56|ERROR  |key limit reached -> stopping judge (resumable)
00:38:00|WARNING|j510c095edc attempt 0: {'error': {'message': 'Rate limit exceeded: free-models-per-day-high-balance. ', 'code': 429, 'metadata': {'headers': {'X-RateLimit-Limit': '1000', 'X-RateLimit-Remaining': '0', 'X-RateLimit-Reset': '1790294400000'}, 'limit_source': 'openrouter_free_tier_daily', 'remedy_hint': 'Wait for the daily re
00:38:00|ERROR  |key limit reached -> stopping judge (resumable)
00:38:03|WARNING|j516e79106f attempt 0: {'error': {'message': 'Rate limit exceeded: free-models-per-day-high-balance. ', 'code': 429, 'metadata': {'headers': {'X-RateLimit-Limit': '1000', 'X-RateLimit-Remaining': '0', 'X-RateLimit-Reset': '1790294400000'}, 'limit_source': 'openrouter_free_tier_daily', 'remedy_hint': 'Wait for the daily re
00:38:03|ERROR  |key limit reached -> stopping judge (resumable)
00:38:06|WARNING|j534a0937f5 attempt 0: {'error': {'message': 'Rate limit exceeded: free-models-per-day-high-balance. ', 'code': 429, 'metadata': {'headers': {'X-RateLimit-Limit': '1000', 'X-RateLimit-Remaining': '0', 'X-RateLimit-Reset': '1790294400000'}, 'limit_source': 'openrouter_free_tier_daily', 'remedy_hint': 'Wait for the daily re
00:38:06|ERROR  |key limit reached -> stopping judge (resumable)
00:38:09|WARNING|j53a54e1022 attempt 0: {'error': {'message': 'Rate limit exceeded: free-models-per-day-high-balance. ', 'code': 429, 'metadata': {'headers': {'X-RateLimit-Limit': '1000', 'X-RateLimit-Remaining': '0', 'X-RateLimit-Reset': '1790294400000'}, 'limit_source': 'openrouter_free_tier_daily', 'remedy_hint': 'Wait for the daily re
00:38:09|ERROR  |key limit reached -> stopping judge (resumable)
00:38:13|WARNING|j53bcb63fe2 attempt 0: {'error': {'message': 'Rate limit exceeded: free-models-per-day-high-balance. ', 'code': 429, 'metadata': {'headers': {'X-RateLimit-Limit': '1000', 'X-RateLimit-Remaining': '0', 'X-RateLimit-Reset': '1790294400000'}, 'limit_source': 'openrouter_free_tier_daily', 'remedy_hint': 'Wait for the daily re
00:38:13|ERROR  |key limit reached -> stopping judge (resumable)
00:38:16|WARNING|j5479ccb6a2 attempt 0: {'error': {'message': 'Rate limit exceeded: free-models-per-day-high-balance. ', 'code': 429, 'metadata': {'headers': {'X-RateLimit-Limit': '1000', 'X-RateLimit-Remaining': '0', 'X-RateLimit-Reset': '1790294400000'}, 'limit_source': 'openrouter_free_tier_daily', 'remedy_hint': 'Wait for the daily re
00:38:16|ERROR  |key limit reached -> stopping judge (resumable)
00:38:19|WARNING|j5482427533 attempt 0: {'error': {'message': 'Rate limit exceeded: free-models-per-day-high-balance. ', 'code': 429, 'metadata': {'headers': {'X-RateLimit-Limit': '1000', 'X-RateLimit-Remaining': '0', 'X-RateLimit-Reset': '1790294400000'}, 'limit_source': 'openrouter_free_tier_daily', 'remedy_hint': 'Wait for the daily re
00:38:19|ERROR  |key limit reached -> stopping judge (resumable)
00:38:23|WARNING|j55012e9c13 attempt 0: {'error': {'message': 'Rate limit exceeded: free-models-per-day-high-balance. ', 'code': 429, 'metadata': {'headers': {'X-RateLimit-Limit': '1000', 'X-RateLimit-Remaining': '0', 'X-RateLimit-Reset': '1790294400000'}, 'limit_source': 'openrouter_free_tier_daily', 'remedy_hint': 'Wait for the daily re
00:38:23|ERROR  |key limit reached -> stopping judge (resumable)
00:38:26|WARNING|j55365f3667 attempt 0: {'error': {'message': 'Rate limit exceeded: free-models-per-day-high-balance. ', 'code': 429, 'metadata': {'headers': {'X-RateLimit-Limit': '1000', 'X-RateLimit-Remaining': '0', 'X-RateLimit-Reset': '1790294400000'}, 'limit_source': 'openrouter_free_tier_daily', 'remedy_hint': 'Wait for the daily re
00:38:26|ERROR  |key limit reached -> stopping judge (resumable)
00:38:29|WARNING|j5536c61340 attempt 0: {'error': {'message': 'Rate limit exceeded: free-models-per-day-high-balance. ', 'code': 429, 'metadata': {'headers': {'X-RateLimit-Limit': '1000', 'X-RateLimit-Remaining': '0', 'X-RateLimit-Reset': '1790294400000'}, 'limit_source': 'openrouter_free_tier_daily', 'remedy_hint': 'Wait for the daily re
00:38:29|ERROR  |key limit reached -> stopping judge (resumable)
00:38:32|WARNING|j5579b71435 attempt 0: {'error': {'message': 'Rate limit exceeded: free-models-per-day-high-balance. ', 'code': 429, 'metadata': {'headers': {'X-RateLimit-Limit': '1000', 'X-RateLimit-Remaining': '0', 'X-RateLimit-Reset': '1790294400000'}, 'limit_source': 'openrouter_free_tier_daily', 'remedy_hint': 'Wait for the daily re
00:38:33|ERROR  |key limit reached -> stopping judge (resumable)
00:38:36|WARNING|j557dbc2250 attempt 0: {'error': {'message': 'Rate limit exceeded: free-models-per-day-high-balance. ', 'code': 429, 'metadata': {'headers': {'X-RateLimit-Limit': '1000', 'X-RateLimit-Remaining': '0', 'X-RateLimit-Reset': '1790294400000'}, 'limit_source': 'openrouter_free_tier_daily', 'remedy_hint': 'Wait for the daily re
00:38:36|ERROR  |key limit reached -> stopping judge (resumable)
00:38:39|WARNING|j55828e3f58 attempt 0: {'error': {'message': 'Rate limit exceeded: free-models-per-day-high-balance. ', 'code': 429, 'metadata': {'headers': {'X-RateLimit-Limit': '1000', 'X-RateLimit-Remaining': '0', 'X-RateLimit-Reset': '1790294400000'}, 'limit_source': 'openrouter_free_tier_daily', 'remedy_hint': 'Wait for the daily re
00:38:39|ERROR  |key limit reached -> stopping judge (resumable)
00:38:42|WARNING|j55a0ae088d attempt 0: {'error': {'message': 'Rate limit exceeded: free-models-per-day-high-balance. ', 'code': 429, 'metadata': {'headers': {'X-RateLimit-Limit': '1000', 'X-RateLimit-Remaining': '0', 'X-RateLimit-Reset': '1790294400000'}, 'limit_source': 'openrouter_free_tier_daily', 'remedy_hint': 'Wait for the daily re
00:38:42|ERROR  |key limit reached -> stopping judge (resumable)
00:38:46|WARNING|j5666ee367c attempt 0: {'error': {'message': 'Rate limit exceeded: free-models-per-day-high-balance. ', 'code': 429, 'metadata': {'headers': {'X-RateLimit-Limit': '1000', 'X-RateLimit-Remaining': '0', 'X-RateLimit-Reset': '1790294400000'}, 'limit_source': 'openrouter_free_tier_daily', 'remedy_hint': 'Wait for the daily re
00:38:46|ERROR  |key limit reached -> stopping judge (resumable)
00:38:49|WARNING|j566fa98127 attempt 0: {'error': {'message': 'Rate limit exceeded: free-models-per-day-high-balance. ', 'code': 429, 'metadata': {'headers': {'X-RateLimit-Limit': '1000', 'X-RateLimit-Remaining': '0', 'X-RateLimit-Reset': '1790294400000'}, 'limit_source': 'openrouter_free_tier_daily', 'remedy_hint': 'Wait for the daily re
00:38:49|ERROR  |key limit reached -> stopping judge (resumable)
00:38:52|WARNING|j56807c4af6 attempt 0: {'error': {'message': 'Rate limit exceeded: free-models-per-day-high-balance. ', 'code': 429, 'metadata': {'headers': {'X-RateLimit-Limit': '1000', 'X-RateLimit-Remaining': '0', 'X-RateLimit-Reset': '1790294400000'}, 'limit_source': 'openrouter_free_tier_daily', 'remedy_hint': 'Wait for the daily re
00:38:52|ERROR  |key limit reached -> stopping judge (resumable)
00:38:56|WARNING|j56d024b55e attempt 0: {'error': {'message': 'Rate limit exceeded: free-models-per-day-high-balance. ', 'code': 429, 'metadata': {'headers': {'X-RateLimit-Limit': '1000', 'X-RateLimit-Remaining': '0', 'X-RateLimit-Reset': '1790294400000'}, 'limit_source': 'openrouter_free_tier_daily', 'remedy_hint': 'Wait for the daily re
00:38:56|ERROR  |key limit reached -> stopping judge (resumable)
00:38:59|WARNING|j5719408c53 attempt 0: {'error': {'message': 'Rate limit exceeded: free-models-per-day-high-balance. ', 'code': 429, 'metadata': {'headers': {'X-RateLimit-Limit': '1000', 'X-RateLimit-Remaining': '0', 'X-RateLimit-Reset': '1790294400000'}, 'limit_source': 'openrouter_free_tier_daily', 'remedy_hint': 'Wait for the daily re
00:38:59|ERROR  |key limit reached -> stopping judge (resumable)
00:39:02|WARNING|j57439a8aa7 attempt 0: {'error': {'message': 'Rate limit exceeded: free-models-per-day-high-balance. ', 'code': 429, 'metadata': {'headers': {'X-RateLimit-Limit': '1000', 'X-RateLimit-Remaining': '0', 'X-RateLimit-Reset': '1790294400000'}, 'limit_source': 'openrouter_free_tier_daily', 'remedy_hint': 'Wait for the daily re
00:39:02|ERROR  |key limit reached -> stopping judge (resumable)
00:39:05|WARNING|j5755605ccf attempt 0: {'error': {'message': 'Rate limit exceeded: free-models-per-day-high-balance. ', 'code': 429, 'metadata': {'headers': {'X-RateLimit-Limit': '1000', 'X-RateLimit-Remaining': '0', 'X-RateLimit-Reset': '1790294400000'}, 'limit_source': 'openrouter_free_tier_daily', 'remedy_hint': 'Wait for the daily re
00:39:05|ERROR  |key limit reached -> stopping judge (resumable)
00:39:09|WARNING|j583e570419 attempt 0: {'error': {'message': 'Rate limit exceeded: free-models-per-day-high-balance. ', 'code': 429, 'metadata': {'headers': {'X-RateLimit-Limit': '1000', 'X-RateLimit-Remaining': '0', 'X-RateLimit-Reset': '1790294400000'}, 'limit_source': 'openrouter_free_tier_daily', 'remedy_hint': 'Wait for the daily re
00:39:09|ERROR  |key limit reached -> stopping judge (resumable)
00:39:12|WARNING|j5895b2fe61 attempt 0: {'error': {'message': 'Rate limit exceeded: free-models-per-day-high-balance. ', 'code': 429, 'metadata': {'headers': {'X-RateLimit-Limit': '1000', 'X-RateLimit-Remaining': '0', 'X-RateLimit-Reset': '1790294400000'}, 'limit_source': 'openrouter_free_tier_daily', 'remedy_hint': 'Wait for the daily re
00:39:12|ERROR  |key limit reached -> stopping judge (resumable)
00:39:15|WARNING|j58aef162e0 attempt 0: {'error': {'message': 'Rate limit exceeded: free-models-per-day-high-balance. ', 'code': 429, 'metadata': {'headers': {'X-RateLimit-Limit': '1000', 'X-RateLimit-Remaining': '0', 'X-RateLimit-Reset': '1790294400000'}, 'limit_source': 'openrouter_free_tier_daily', 'remedy_hint': 'Wait for the daily re
00:39:15|ERROR  |key limit reached -> stopping judge (resumable)
00:39:19|WARNING|j594f227d74 attempt 0: {'error': {'message': 'Rate limit exceeded: free-models-per-day-high-balance. ', 'code': 429, 'metadata': {'headers': {'X-RateLimit-Limit': '1000', 'X-RateLimit-Remaining': '0', 'X-RateLimit-Reset': '1790294400000'}, 'limit_source': 'openrouter_free_tier_daily', 'remedy_hint': 'Wait for the daily re
00:39:19|ERROR  |key limit reached -> stopping judge (resumable)
00:39:22|WARNING|j59962da468 attempt 0: {'error': {'message': 'Rate limit exceeded: free-models-per-day-high-balance. ', 'code': 429, 'metadata': {'headers': {'X-RateLimit-Limit': '1000', 'X-RateLimit-Remaining': '0', 'X-RateLimit-Reset': '1790294400000'}, 'limit_source': 'openrouter_free_tier_daily', 'remedy_hint': 'Wait for the daily re
00:39:22|ERROR  |key limit reached -> stopping judge (resumable)
00:39:25|WARNING|j59abe64265 attempt 0: {'error': {'message': 'Rate limit exceeded: free-models-per-day-high-balance. ', 'code': 429, 'metadata': {'headers': {'X-RateLimit-Limit': '1000', 'X-RateLimit-Remaining': '0', 'X-RateLimit-Reset': '1790294400000'}, 'limit_source': 'openrouter_free_tier_daily', 'remedy_hint': 'Wait for the daily re
00:39:25|ERROR  |key limit reached -> stopping judge (resumable)
00:39:29|WARNING|j5a13f3d5ae attempt 0: {'error': {'message': 'Rate limit exceeded: free-models-per-day-high-balance. ', 'code': 429, 'metadata': {'headers': {'X-RateLimit-Limit': '1000', 'X-RateLimit-Remaining': '0', 'X-RateLimit-Reset': '1790294400000'}, 'limit_source': 'openrouter_free_tier_daily', 'remedy_hint': 'Wait for the daily re
00:39:29|ERROR  |key limit reached -> stopping judge (resumable)
00:39:32|WARNING|j5ac8771da9 attempt 0: {'error': {'message': 'Rate limit exceeded: free-models-per-day-high-balance. ', 'code': 429, 'metadata': {'headers': {'X-RateLimit-Limit': '1000', 'X-RateLimit-Remaining': '0', 'X-RateLimit-Reset': '1790294400000'}, 'limit_source': 'openrouter_free_tier_daily', 'remedy_hint': 'Wait for the daily re
00:39:32|ERROR  |key limit reached -> stopping judge (resumable)
00:39:35|WARNING|j5b2969bcc5 attempt 0: {'error': {'message': 'Rate limit exceeded: free-models-per-day-high-balance. ', 'code': 429, 'metadata': {'headers': {'X-RateLimit-Limit': '1000', 'X-RateLimit-Remaining': '0', 'X-RateLimit-Reset': '1790294400000'}, 'limit_source': 'openrouter_free_tier_daily', 'remedy_hint': 'Wait for the daily re
00:39:35|ERROR  |key limit reached -> stopping judge (resumable)
00:39:38|WARNING|j5b54168d9a attempt 0: {'error': {'message': 'Rate limit exceeded: free-models-per-day-high-balance. ', 'code': 429, 'metadata': {'headers': {'X-RateLimit-Limit': '1000', 'X-RateLimit-Remaining': '0', 'X-RateLimit-Reset': '1790294400000'}, 'limit_source': 'openrouter_free_tier_daily', 'remedy_hint': 'Wait for the daily re
00:39:38|ERROR  |key limit reached -> stopping judge (resumable)
00:39:42|WARNING|j5bf32bb1c7 attempt 0: {'error': {'message': 'Rate limit exceeded: free-models-per-day-high-balance. ', 'code': 429, 'metadata': {'headers': {'X-RateLimit-Limit': '1000', 'X-RateLimit-Remaining': '0', 'X-RateLimit-Reset': '1790294400000'}, 'limit_source': 'openrouter_free_tier_daily', 'remedy_hint': 'Wait for the daily re
00:39:42|ERROR  |key limit reached -> stopping judge (resumable)
00:39:45|WARNING|j5c7798ea29 attempt 0: {'error': {'message': 'Rate limit exceeded: free-models-per-day-high-balance. ', 'code': 429, 'metadata': {'headers': {'X-RateLimit-Limit': '1000', 'X-RateLimit-Remaining': '0', 'X-RateLimit-Reset': '1790294400000'}, 'limit_source': 'openrouter_free_tier_daily', 'remedy_hint': 'Wait for the daily re
00:39:45|ERROR  |key limit reached -> stopping judge (resumable)
00:39:48|WARNING|j5ce00ba267 attempt 0: {'error': {'message': 'Rate limit exceeded: free-models-per-day-high-balance. ', 'code': 429, 'metadata': {'headers': {'X-RateLimit-Limit': '1000', 'X-RateLimit-Remaining': '0', 'X-RateLimit-Reset': '1790294400000'}, 'limit_source': 'openrouter_free_tier_daily', 'remedy_hint': 'Wait for the daily re
00:39:48|ERROR  |key limit reached -> stopping judge (resumable)
00:39:52|WARNING|j5cf11c654a attempt 0: {'error': {'message': 'Rate limit exceeded: free-models-per-day-high-balance. ', 'code': 429, 'metadata': {'headers': {'X-RateLimit-Limit': '1000', 'X-RateLimit-Remaining': '0', 'X-RateLimit-Reset': '1790294400000'}, 'limit_source': 'openrouter_free_tier_daily', 'remedy_hint': 'Wait for the daily re
00:39:52|ERROR  |key limit reached -> stopping judge (resumable)
00:39:55|WARNING|j5e3d2f9aaa attempt 0: {'error': {'message': 'Rate limit exceeded: free-models-per-day-high-balance. ', 'code': 429, 'metadata': {'headers': {'X-RateLimit-Limit': '1000', 'X-RateLimit-Remaining': '0', 'X-RateLimit-Reset': '1790294400000'}, 'limit_source': 'openrouter_free_tier_daily', 'remedy_hint': 'Wait for the daily re
00:39:55|ERROR  |key limit reached -> stopping judge (resumable)
00:39:58|WARNING|j5e5879ffc9 attempt 0: {'error': {'message': 'Rate limit exceeded: free-models-per-day-high-balance. ', 'code': 429, 'metadata': {'headers': {'X-RateLimit-Limit': '1000', 'X-RateLimit-Remaining': '0', 'X-RateLimit-Reset': '1790294400000'}, 'limit_source': 'openrouter_free_tier_daily', 'remedy_hint': 'Wait for the daily re
00:39:58|ERROR  |key limit reached -> stopping judge (resumable)
00:40:02|WARNING|j5f75d6fdc5 attempt 0: {'error': {'message': 'Rate limit exceeded: free-models-per-day-high-balance. ', 'code': 429, 'metadata': {'headers': {'X-RateLimit-Limit': '1000', 'X-RateLimit-Remaining': '0', 'X-RateLimit-Reset': '1790294400000'}, 'limit_source': 'openrouter_free_tier_daily', 'remedy_hint': 'Wait for the daily re
00:40:02|ERROR  |key limit reached -> stopping judge (resumable)
00:40:05|WARNING|j5fb1b002e3 attempt 0: {'error': {'message': 'Rate limit exceeded: free-models-per-day-high-balance. ', 'code': 429, 'metadata': {'headers': {'X-RateLimit-Limit': '1000', 'X-RateLimit-Remaining': '0', 'X-RateLimit-Reset': '1790294400000'}, 'limit_source': 'openrouter_free_tier_daily', 'remedy_hint': 'Wait for the daily re
00:40:05|ERROR  |key limit reached -> stopping judge (resumable)
00:40:08|WARNING|j603b25ec24 attempt 0: {'error': {'message': 'Rate limit exceeded: free-models-per-day-high-balance. ', 'code': 429, 'metadata': {'headers': {'X-RateLimit-Limit': '1000', 'X-RateLimit-Remaining': '0', 'X-RateLimit-Reset': '1790294400000'}, 'limit_source': 'openrouter_free_tier_daily', 'remedy_hint': 'Wait for the daily re
00:40:08|ERROR  |key limit reached -> stopping judge (resumable)
00:40:11|WARNING|j6048e52839 attempt 0: {'error': {'message': 'Rate limit exceeded: free-models-per-day-high-balance. ', 'code': 429, 'metadata': {'headers': {'X-RateLimit-Limit': '1000', 'X-RateLimit-Remaining': '0', 'X-RateLimit-Reset': '1790294400000'}, 'limit_source': 'openrouter_free_tier_daily', 'remedy_hint': 'Wait for the daily re
00:40:11|ERROR  |key limit reached -> stopping judge (resumable)
00:40:15|WARNING|j608bf64a4c attempt 0: {'error': {'message': 'Rate limit exceeded: free-models-per-day-high-balance. ', 'code': 429, 'metadata': {'headers': {'X-RateLimit-Limit': '1000', 'X-RateLimit-Remaining': '0', 'X-RateLimit-Reset': '1790294400000'}, 'limit_source': 'openrouter_free_tier_daily', 'remedy_hint': 'Wait for the daily re
00:40:15|ERROR  |key limit reached -> stopping judge (resumable)
00:40:18|WARNING|j60c18910f8 attempt 0: {'error': {'message': 'Rate limit exceeded: free-models-per-day-high-balance. ', 'code': 429, 'metadata': {'headers': {'X-RateLimit-Limit': '1000', 'X-RateLimit-Remaining': '0', 'X-RateLimit-Reset': '1790294400000'}, 'limit_source': 'openrouter_free_tier_daily', 'remedy_hint': 'Wait for the daily re
00:40:18|ERROR  |key limit reached -> stopping judge (resumable)
00:40:21|WARNING|j60fcd7051a attempt 0: {'error': {'message': 'Rate limit exceeded: free-models-per-day-high-balance. ', 'code': 429, 'metadata': {'headers': {'X-RateLimit-Limit': '1000', 'X-RateLimit-Remaining': '0', 'X-RateLimit-Reset': '1790294400000'}, 'limit_source': 'openrouter_free_tier_daily', 'remedy_hint': 'Wait for the daily re
00:40:21|ERROR  |key limit reached -> stopping judge (resumable)
00:40:25|WARNING|j615293a18f attempt 0: {'error': {'message': 'Rate limit exceeded: free-models-per-day-high-balance. ', 'code': 429, 'metadata': {'headers': {'X-RateLimit-Limit': '1000', 'X-RateLimit-Remaining': '0', 'X-RateLimit-Reset': '1790294400000'}, 'limit_source': 'openrouter_free_tier_daily', 'remedy_hint': 'Wait for the daily re
00:40:25|ERROR  |key limit reached -> stopping judge (resumable)
00:40:28|WARNING|j616dbe3f58 attempt 0: {'error': {'message': 'Rate limit exceeded: free-models-per-day-high-balance. ', 'code': 429, 'metadata': {'headers': {'X-RateLimit-Limit': '1000', 'X-RateLimit-Remaining': '0', 'X-RateLimit-Reset': '1790294400000'}, 'limit_source': 'openrouter_free_tier_daily', 'remedy_hint': 'Wait for the daily re
00:40:28|ERROR  |key limit reached -> stopping judge (resumable)
00:40:31|WARNING|j6176d6d0ca attempt 0: {'error': {'message': 'Rate limit exceeded: free-models-per-day-high-balance. ', 'code': 429, 'metadata': {'headers': {'X-RateLimit-Limit': '1000', 'X-RateLimit-Remaining': '0', 'X-RateLimit-Reset': '1790294400000'}, 'limit_source': 'openrouter_free_tier_daily', 'remedy_hint': 'Wait for the daily re
00:40:31|ERROR  |key limit reached -> stopping judge (resumable)
00:40:35|WARNING|j61e5c5f7c6 attempt 0: {'error': {'message': 'Rate limit exceeded: free-models-per-day-high-balance. ', 'code': 429, 'metadata': {'headers': {'X-RateLimit-Limit': '1000', 'X-RateLimit-Remaining': '0', 'X-RateLimit-Reset': '1790294400000'}, 'limit_source': 'openrouter_free_tier_daily', 'remedy_hint': 'Wait for the daily re
00:40:35|ERROR  |key limit reached -> stopping judge (resumable)
00:40:38|WARNING|j61ea449d4c attempt 0: {'error': {'message': 'Rate limit exceeded: free-models-per-day-high-balance. ', 'code': 429, 'metadata': {'headers': {'X-RateLimit-Limit': '1000', 'X-RateLimit-Remaining': '0', 'X-RateLimit-Reset': '1790294400000'}, 'limit_source': 'openrouter_free_tier_daily', 'remedy_hint': 'Wait for the daily re
00:40:38|ERROR  |key limit reached -> stopping judge (resumable)
00:40:41|WARNING|j6209bfa490 attempt 0: {'error': {'message': 'Rate limit exceeded: free-models-per-day-high-balance. ', 'code': 429, 'metadata': {'headers': {'X-RateLimit-Limit': '1000', 'X-RateLimit-Remaining': '0', 'X-RateLimit-Reset': '1790294400000'}, 'limit_source': 'openrouter_free_tier_daily', 'remedy_hint': 'Wait for the daily re
00:40:41|ERROR  |key limit reached -> stopping judge (resumable)
00:40:44|WARNING|j6253c2bbb8 attempt 0: {'error': {'message': 'Rate limit exceeded: free-models-per-day-high-balance. ', 'code': 429, 'metadata': {'headers': {'X-RateLimit-Limit': '1000', 'X-RateLimit-Remaining': '0', 'X-RateLimit-Reset': '1790294400000'}, 'limit_source': 'openrouter_free_tier_daily', 'remedy_hint': 'Wait for the daily re
00:40:44|ERROR  |key limit reached -> stopping judge (resumable)
00:40:48|WARNING|j62d06a8876 attempt 0: {'error': {'message': 'Rate limit exceeded: free-models-per-day-high-balance. ', 'code': 429, 'metadata': {'headers': {'X-RateLimit-Limit': '1000', 'X-RateLimit-Remaining': '0', 'X-RateLimit-Reset': '1790294400000'}, 'limit_source': 'openrouter_free_tier_daily', 'remedy_hint': 'Wait for the daily re
00:40:48|ERROR  |key limit reached -> stopping judge (resumable)
00:40:51|WARNING|j62d0d32615 attempt 0: {'error': {'message': 'Rate limit exceeded: free-models-per-day-high-balance. ', 'code': 429, 'metadata': {'headers': {'X-RateLimit-Limit': '1000', 'X-RateLimit-Remaining': '0', 'X-RateLimit-Reset': '1790294400000'}, 'limit_source': 'openrouter_free_tier_daily', 'remedy_hint': 'Wait for the daily re
00:40:51|ERROR  |key limit reached -> stopping judge (resumable)
00:40:54|WARNING|j63138e22a7 attempt 0: {'error': {'message': 'Rate limit exceeded: free-models-per-day-high-balance. ', 'code': 429, 'metadata': {'headers': {'X-RateLimit-Limit': '1000', 'X-RateLimit-Remaining': '0', 'X-RateLimit-Reset': '1790294400000'}, 'limit_source': 'openrouter_free_tier_daily', 'remedy_hint': 'Wait for the daily re
00:40:54|ERROR  |key limit reached -> stopping judge (resumable)
00:40:58|WARNING|j634d7ef7ac attempt 0: {'error': {'message': 'Rate limit exceeded: free-models-per-day-high-balance. ', 'code': 429, 'metadata': {'headers': {'X-RateLimit-Limit': '1000', 'X-RateLimit-Remaining': '0', 'X-RateLimit-Reset': '1790294400000'}, 'limit_source': 'openrouter_free_tier_daily', 'remedy_hint': 'Wait for the daily re
00:40:58|ERROR  |key limit reached -> stopping judge (resumable)
00:41:01|WARNING|j63ae379551 attempt 0: {'error': {'message': 'Rate limit exceeded: free-models-per-day-high-balance. ', 'code': 429, 'metadata': {'headers': {'X-RateLimit-Limit': '1000', 'X-RateLimit-Remaining': '0', 'X-RateLimit-Reset': '1790294400000'}, 'limit_source': 'openrouter_free_tier_daily', 'remedy_hint': 'Wait for the daily re
00:41:01|ERROR  |key limit reached -> stopping judge (resumable)
00:41:04|WARNING|j63b4107a92 attempt 0: {'error': {'message': 'Rate limit exceeded: free-models-per-day-high-balance. ', 'code': 429, 'metadata': {'headers': {'X-RateLimit-Limit': '1000', 'X-RateLimit-Remaining': '0', 'X-RateLimit-Reset': '1790294400000'}, 'limit_source': 'openrouter_free_tier_daily', 'remedy_hint': 'Wait for the daily re
00:41:04|ERROR  |key limit reached -> stopping judge (resumable)
00:41:08|WARNING|j63e95652f4 attempt 0: {'error': {'message': 'Rate limit exceeded: free-models-per-day-high-balance. ', 'code': 429, 'metadata': {'headers': {'X-RateLimit-Limit': '1000', 'X-RateLimit-Remaining': '0', 'X-RateLimit-Reset': '1790294400000'}, 'limit_source': 'openrouter_free_tier_daily', 'remedy_hint': 'Wait for the daily re
00:41:08|ERROR  |key limit reached -> stopping judge (resumable)
00:41:11|WARNING|j640b20dfc2 attempt 0: {'error': {'message': 'Rate limit exceeded: free-models-per-day-high-balance. ', 'code': 429, 'metadata': {'headers': {'X-RateLimit-Limit': '1000', 'X-RateLimit-Remaining': '0', 'X-RateLimit-Reset': '1790294400000'}, 'limit_source': 'openrouter_free_tier_daily', 'remedy_hint': 'Wait for the daily re
00:41:11|ERROR  |key limit reached -> stopping judge (resumable)
00:41:14|WARNING|j647c3c1665 attempt 0: {'error': {'message': 'Rate limit exceeded: free-models-per-day-high-balance. ', 'code': 429, 'metadata': {'headers': {'X-RateLimit-Limit': '1000', 'X-RateLimit-Remaining': '0', 'X-RateLimit-Reset': '1790294400000'}, 'limit_source': 'openrouter_free_tier_daily', 'remedy_hint': 'Wait for the daily re
00:41:14|ERROR  |key limit reached -> stopping judge (resumable)
00:41:17|WARNING|j648e99e824 attempt 0: {'error': {'message': 'Rate limit exceeded: free-models-per-day-high-balance. ', 'code': 429, 'metadata': {'headers': {'X-RateLimit-Limit': '1000', 'X-RateLimit-Remaining': '0', 'X-RateLimit-Reset': '1790294400000'}, 'limit_source': 'openrouter_free_tier_daily', 'remedy_hint': 'Wait for the daily re
00:41:17|ERROR  |key limit reached -> stopping judge (resumable)
00:41:21|WARNING|j651e8dee30 attempt 0: {'error': {'message': 'Rate limit exceeded: free-models-per-day-high-balance. ', 'code': 429, 'metadata': {'headers': {'X-RateLimit-Limit': '1000', 'X-RateLimit-Remaining': '0', 'X-RateLimit-Reset': '1790294400000'}, 'limit_source': 'openrouter_free_tier_daily', 'remedy_hint': 'Wait for the daily re
00:41:21|ERROR  |key limit reached -> stopping judge (resumable)
00:41:24|WARNING|j6573a03067 attempt 0: {'error': {'message': 'Rate limit exceeded: free-models-per-day-high-balance. ', 'code': 429, 'metadata': {'headers': {'X-RateLimit-Limit': '1000', 'X-RateLimit-Remaining': '0', 'X-RateLimit-Reset': '1790294400000'}, 'limit_source': 'openrouter_free_tier_daily', 'remedy_hint': 'Wait for the daily re
00:41:24|ERROR  |key limit reached -> stopping judge (resumable)
00:41:27|WARNING|j65e7247938 attempt 0: {'error': {'message': 'Rate limit exceeded: free-models-per-day-high-balance. ', 'code': 429, 'metadata': {'headers': {'X-RateLimit-Limit': '1000', 'X-RateLimit-Remaining': '0', 'X-RateLimit-Reset': '1790294400000'}, 'limit_source': 'openrouter_free_tier_daily', 'remedy_hint': 'Wait for the daily re
00:41:27|ERROR  |key limit reached -> stopping judge (resumable)
00:41:31|WARNING|j6621b430ca attempt 0: {'error': {'message': 'Rate limit exceeded: free-models-per-day-high-balance. ', 'code': 429, 'metadata': {'headers': {'X-RateLimit-Limit': '1000', 'X-RateLimit-Remaining': '0', 'X-RateLimit-Reset': '1790294400000'}, 'limit_source': 'openrouter_free_tier_daily', 'remedy_hint': 'Wait for the daily re
00:41:31|ERROR  |key limit reached -> stopping judge (resumable)
00:41:34|WARNING|j666902baaf attempt 0: {'error': {'message': 'Rate limit exceeded: free-models-per-day-high-balance. ', 'code': 429, 'metadata': {'headers': {'X-RateLimit-Limit': '1000', 'X-RateLimit-Remaining': '0', 'X-RateLimit-Reset': '1790294400000'}, 'limit_source': 'openrouter_free_tier_daily', 'remedy_hint': 'Wait for the daily re
00:41:34|ERROR  |key limit reached -> stopping judge (resumable)
00:41:37|WARNING|j6684603286 attempt 0: {'error': {'message': 'Rate limit exceeded: free-models-per-day-high-balance. ', 'code': 429, 'metadata': {'headers': {'X-RateLimit-Limit': '1000', 'X-RateLimit-Remaining': '0', 'X-RateLimit-Reset': '1790294400000'}, 'limit_source': 'openrouter_free_tier_daily', 'remedy_hint': 'Wait for the daily re
00:41:37|ERROR  |key limit reached -> stopping judge (resumable)
00:41:41|WARNING|j66897bce7a attempt 0: {'error': {'message': 'Rate limit exceeded: free-models-per-day-high-balance. ', 'code': 429, 'metadata': {'headers': {'X-RateLimit-Limit': '1000', 'X-RateLimit-Remaining': '0', 'X-RateLimit-Reset': '1790294400000'}, 'limit_source': 'openrouter_free_tier_daily', 'remedy_hint': 'Wait for the daily re
00:41:41|ERROR  |key limit reached -> stopping judge (resumable)
00:41:44|WARNING|j66dcfcfab4 attempt 0: {'error': {'message': 'Rate limit exceeded: free-models-per-day-high-balance. ', 'code': 429, 'metadata': {'headers': {'X-RateLimit-Limit': '1000', 'X-RateLimit-Remaining': '0', 'X-RateLimit-Reset': '1790294400000'}, 'limit_source': 'openrouter_free_tier_daily', 'remedy_hint': 'Wait for the daily re
00:41:44|ERROR  |key limit reached -> stopping judge (resumable)
00:41:47|WARNING|j670af16ac6 attempt 0: {'error': {'message': 'Rate limit exceeded: free-models-per-day-high-balance. ', 'code': 429, 'metadata': {'headers': {'X-RateLimit-Limit': '1000', 'X-RateLimit-Remaining': '0', 'X-RateLimit-Reset': '1790294400000'}, 'limit_source': 'openrouter_free_tier_daily', 'remedy_hint': 'Wait for the daily re
00:41:47|ERROR  |key limit reached -> stopping judge (resumable)
00:41:50|WARNING|j6717165d9c attempt 0: {'error': {'message': 'Rate limit exceeded: free-models-per-day-high-balance. ', 'code': 429, 'metadata': {'headers': {'X-RateLimit-Limit': '1000', 'X-RateLimit-Remaining': '0', 'X-RateLimit-Reset': '1790294400000'}, 'limit_source': 'openrouter_free_tier_daily', 'remedy_hint': 'Wait for the daily re
00:41:50|ERROR  |key limit reached -> stopping judge (resumable)
00:41:54|WARNING|j67a29d2d49 attempt 0: {'error': {'message': 'Rate limit exceeded: free-models-per-day-high-balance. ', 'code': 429, 'metadata': {'headers': {'X-RateLimit-Limit': '1000', 'X-RateLimit-Remaining': '0', 'X-RateLimit-Reset': '1790294400000'}, 'limit_source': 'openrouter_free_tier_daily', 'remedy_hint': 'Wait for the daily re
00:41:54|ERROR  |key limit reached -> stopping judge (resumable)
00:41:57|WARNING|j685ee1eb7a attempt 0: {'error': {'message': 'Rate limit exceeded: free-models-per-day-high-balance. ', 'code': 429, 'metadata': {'headers': {'X-RateLimit-Limit': '1000', 'X-RateLimit-Remaining': '0', 'X-RateLimit-Reset': '1790294400000'}, 'limit_source': 'openrouter_free_tier_daily', 'remedy_hint': 'Wait for the daily re
00:41:57|ERROR  |key limit reached -> stopping judge (resumable)
00:42:00|WARNING|j6979fc35b1 attempt 0: {'error': {'message': 'Rate limit exceeded: free-models-per-day-high-balance. ', 'code': 429, 'metadata': {'headers': {'X-RateLimit-Limit': '1000', 'X-RateLimit-Remaining': '0', 'X-RateLimit-Reset': '1790294400000'}, 'limit_source': 'openrouter_free_tier_daily', 'remedy_hint': 'Wait for the daily re
00:42:00|ERROR  |key limit reached -> stopping judge (resumable)
00:42:04|WARNING|j697b74988b attempt 0: {'error': {'message': 'Rate limit exceeded: free-models-per-day-high-balance. ', 'code': 429, 'metadata': {'headers': {'X-RateLimit-Limit': '1000', 'X-RateLimit-Remaining': '0', 'X-RateLimit-Reset': '1790294400000'}, 'limit_source': 'openrouter_free_tier_daily', 'remedy_hint': 'Wait for the daily re
00:42:04|ERROR  |key limit reached -> stopping judge (resumable)
00:42:07|WARNING|j697ee6f1e9 attempt 0: {'error': {'message': 'Rate limit exceeded: free-models-per-day-high-balance. ', 'code': 429, 'metadata': {'headers': {'X-RateLimit-Limit': '1000', 'X-RateLimit-Remaining': '0', 'X-RateLimit-Reset': '1790294400000'}, 'limit_source': 'openrouter_free_tier_daily', 'remedy_hint': 'Wait for the daily re
00:42:07|ERROR  |key limit reached -> stopping judge (resumable)
00:42:10|WARNING|j6a21cc07c8 attempt 0: {'error': {'message': 'Rate limit exceeded: free-models-per-day-high-balance. ', 'code': 429, 'metadata': {'headers': {'X-RateLimit-Limit': '1000', 'X-RateLimit-Remaining': '0', 'X-RateLimit-Reset': '1790294400000'}, 'limit_source': 'openrouter_free_tier_daily', 'remedy_hint': 'Wait for the daily re
00:42:10|ERROR  |key limit reached -> stopping judge (resumable)
00:42:14|WARNING|j6a281b784a attempt 0: {'error': {'message': 'Rate limit exceeded: free-models-per-day-high-balance. ', 'code': 429, 'metadata': {'headers': {'X-RateLimit-Limit': '1000', 'X-RateLimit-Remaining': '0', 'X-RateLimit-Reset': '1790294400000'}, 'limit_source': 'openrouter_free_tier_daily', 'remedy_hint': 'Wait for the daily re
00:42:14|ERROR  |key limit reached -> stopping judge (resumable)
00:42:17|WARNING|j6a425216af attempt 0: {'error': {'message': 'Rate limit exceeded: free-models-per-day-high-balance. ', 'code': 429, 'metadata': {'headers': {'X-RateLimit-Limit': '1000', 'X-RateLimit-Remaining': '0', 'X-RateLimit-Reset': '1790294400000'}, 'limit_source': 'openrouter_free_tier_daily', 'remedy_hint': 'Wait for the daily re
00:42:17|ERROR  |key limit reached -> stopping judge (resumable)
00:42:20|WARNING|j6b37687508 attempt 0: {'error': {'message': 'Rate limit exceeded: free-models-per-day-high-balance. ', 'code': 429, 'metadata': {'headers': {'X-RateLimit-Limit': '1000', 'X-RateLimit-Remaining': '0', 'X-RateLimit-Reset': '1790294400000'}, 'limit_source': 'openrouter_free_tier_daily', 'remedy_hint': 'Wait for the daily re
00:42:20|ERROR  |key limit reached -> stopping judge (resumable)
00:42:23|WARNING|j6b9ae19613 attempt 0: {'error': {'message': 'Rate limit exceeded: free-models-per-day-high-balance. ', 'code': 429, 'metadata': {'headers': {'X-RateLimit-Limit': '1000', 'X-RateLimit-Remaining': '0', 'X-RateLimit-Reset': '1790294400000'}, 'limit_source': 'openrouter_free_tier_daily', 'remedy_hint': 'Wait for the daily re
00:42:23|ERROR  |key limit reached -> stopping judge (resumable)
00:42:27|WARNING|j6bbd5a8bf5 attempt 0: {'error': {'message': 'Rate limit exceeded: free-models-per-day-high-balance. ', 'code': 429, 'metadata': {'headers': {'X-RateLimit-Limit': '1000', 'X-RateLimit-Remaining': '0', 'X-RateLimit-Reset': '1790294400000'}, 'limit_source': 'openrouter_free_tier_daily', 'remedy_hint': 'Wait for the daily re
00:42:27|ERROR  |key limit reached -> stopping judge (resumable)
00:42:30|WARNING|j6bce95f824 attempt 0: {'error': {'message': 'Rate limit exceeded: free-models-per-day-high-balance. ', 'code': 429, 'metadata': {'headers': {'X-RateLimit-Limit': '1000', 'X-RateLimit-Remaining': '0', 'X-RateLimit-Reset': '1790294400000'}, 'limit_source': 'openrouter_free_tier_daily', 'remedy_hint': 'Wait for the daily re
00:42:30|ERROR  |key limit reached -> stopping judge (resumable)
00:42:33|WARNING|j6c56c33077 attempt 0: {'error': {'message': 'Rate limit exceeded: free-models-per-day-high-balance. ', 'code': 429, 'metadata': {'headers': {'X-RateLimit-Limit': '1000', 'X-RateLimit-Remaining': '0', 'X-RateLimit-Reset': '1790294400000'}, 'limit_source': 'openrouter_free_tier_daily', 'remedy_hint': 'Wait for the daily re
00:42:33|ERROR  |key limit reached -> stopping judge (resumable)
00:42:37|WARNING|j6cf34f2864 attempt 0: {'error': {'message': 'Rate limit exceeded: free-models-per-day-high-balance. ', 'code': 429, 'metadata': {'headers': {'X-RateLimit-Limit': '1000', 'X-RateLimit-Remaining': '0', 'X-RateLimit-Reset': '1790294400000'}, 'limit_source': 'openrouter_free_tier_daily', 'remedy_hint': 'Wait for the daily re
00:42:37|ERROR  |key limit reached -> stopping judge (resumable)
00:42:40|WARNING|j6d04a7bb46 attempt 0: {'error': {'message': 'Rate limit exceeded: free-models-per-day-high-balance. ', 'code': 429, 'metadata': {'headers': {'X-RateLimit-Limit': '1000', 'X-RateLimit-Remaining': '0', 'X-RateLimit-Reset': '1790294400000'}, 'limit_source': 'openrouter_free_tier_daily', 'remedy_hint': 'Wait for the daily re
00:42:40|ERROR  |key limit reached -> stopping judge (resumable)
00:42:43|WARNING|j6d63535245 attempt 0: {'error': {'message': 'Rate limit exceeded: free-models-per-day-high-balance. ', 'code': 429, 'metadata': {'headers': {'X-RateLimit-Limit': '1000', 'X-RateLimit-Remaining': '0', 'X-RateLimit-Reset': '1790294400000'}, 'limit_source': 'openrouter_free_tier_daily', 'remedy_hint': 'Wait for the daily re
00:42:43|ERROR  |key limit reached -> stopping judge (resumable)
00:42:47|WARNING|j6e1675d04c attempt 0: {'error': {'message': 'Rate limit exceeded: free-models-per-day-high-balance. ', 'code': 429, 'metadata': {'headers': {'X-RateLimit-Limit': '1000', 'X-RateLimit-Remaining': '0', 'X-RateLimit-Reset': '1790294400000'}, 'limit_source': 'openrouter_free_tier_daily', 'remedy_hint': 'Wait for the daily re
00:42:47|ERROR  |key limit reached -> stopping judge (resumable)
00:42:50|WARNING|j6e6ae04cda attempt 0: {'error': {'message': 'Rate limit exceeded: free-models-per-day-high-balance. ', 'code': 429, 'metadata': {'headers': {'X-RateLimit-Limit': '1000', 'X-RateLimit-Remaining': '0', 'X-RateLimit-Reset': '1790294400000'}, 'limit_source': 'openrouter_free_tier_daily', 'remedy_hint': 'Wait for the daily re
00:42:50|ERROR  |key limit reached -> stopping judge (resumable)
00:42:53|WARNING|j6e7f133ba3 attempt 0: {'error': {'message': 'Rate limit exceeded: free-models-per-day-high-balance. ', 'code': 429, 'metadata': {'headers': {'X-RateLimit-Limit': '1000', 'X-RateLimit-Remaining': '0', 'X-RateLimit-Reset': '1790294400000'}, 'limit_source': 'openrouter_free_tier_daily', 'remedy_hint': 'Wait for the daily re
00:42:53|ERROR  |key limit reached -> stopping judge (resumable)
00:42:56|WARNING|j6f6ccf93fa attempt 0: {'error': {'message': 'Rate limit exceeded: free-models-per-day-high-balance. ', 'code': 429, 'metadata': {'headers': {'X-RateLimit-Limit': '1000', 'X-RateLimit-Remaining': '0', 'X-RateLimit-Reset': '1790294400000'}, 'limit_source': 'openrouter_free_tier_daily', 'remedy_hint': 'Wait for the daily re
00:42:56|ERROR  |key limit reached -> stopping judge (resumable)
00:43:00|WARNING|j6fa0532310 attempt 0: {'error': {'message': 'Rate limit exceeded: free-models-per-day-high-balance. ', 'code': 429, 'metadata': {'headers': {'X-RateLimit-Limit': '1000', 'X-RateLimit-Remaining': '0', 'X-RateLimit-Reset': '1790294400000'}, 'limit_source': 'openrouter_free_tier_daily', 'remedy_hint': 'Wait for the daily re
00:43:00|ERROR  |key limit reached -> stopping judge (resumable)
00:43:03|WARNING|j7062da685b attempt 0: {'error': {'message': 'Rate limit exceeded: free-models-per-day-high-balance. ', 'code': 429, 'metadata': {'headers': {'X-RateLimit-Limit': '1000', 'X-RateLimit-Remaining': '0', 'X-RateLimit-Reset': '1790294400000'}, 'limit_source': 'openrouter_free_tier_daily', 'remedy_hint': 'Wait for the daily re
00:43:03|ERROR  |key limit reached -> stopping judge (resumable)
00:43:06|WARNING|j7164afc78e attempt 0: {'error': {'message': 'Rate limit exceeded: free-models-per-day-high-balance. ', 'code': 429, 'metadata': {'headers': {'X-RateLimit-Limit': '1000', 'X-RateLimit-Remaining': '0', 'X-RateLimit-Reset': '1790294400000'}, 'limit_source': 'openrouter_free_tier_daily', 'remedy_hint': 'Wait for the daily re
00:43:06|ERROR  |key limit reached -> stopping judge (resumable)
00:43:10|WARNING|j71fa10ebaa attempt 0: {'error': {'message': 'Rate limit exceeded: free-models-per-day-high-balance. ', 'code': 429, 'metadata': {'headers': {'X-RateLimit-Limit': '1000', 'X-RateLimit-Remaining': '0', 'X-RateLimit-Reset': '1790294400000'}, 'limit_source': 'openrouter_free_tier_daily', 'remedy_hint': 'Wait for the daily re
00:43:10|ERROR  |key limit reached -> stopping judge (resumable)
00:43:13|WARNING|j71fd3a05b9 attempt 0: {'error': {'message': 'Rate limit exceeded: free-models-per-day-high-balance. ', 'code': 429, 'metadata': {'headers': {'X-RateLimit-Limit': '1000', 'X-RateLimit-Remaining': '0', 'X-RateLimit-Reset': '1790294400000'}, 'limit_source': 'openrouter_free_tier_daily', 'remedy_hint': 'Wait for the daily re
00:43:13|ERROR  |key limit reached -> stopping judge (resumable)
00:43:16|WARNING|j721f2a9d5f attempt 0: {'error': {'message': 'Rate limit exceeded: free-models-per-day-high-balance. ', 'code': 429, 'metadata': {'headers': {'X-RateLimit-Limit': '1000', 'X-RateLimit-Remaining': '0', 'X-RateLimit-Reset': '1790294400000'}, 'limit_source': 'openrouter_free_tier_daily', 'remedy_hint': 'Wait for the daily re
00:43:16|ERROR  |key limit reached -> stopping judge (resumable)
00:43:20|WARNING|j730e7d20be attempt 0: {'error': {'message': 'Rate limit exceeded: free-models-per-day-high-balance. ', 'code': 429, 'metadata': {'headers': {'X-RateLimit-Limit': '1000', 'X-RateLimit-Remaining': '0', 'X-RateLimit-Reset': '1790294400000'}, 'limit_source': 'openrouter_free_tier_daily', 'remedy_hint': 'Wait for the daily re
00:43:20|ERROR  |key limit reached -> stopping judge (resumable)
00:43:23|WARNING|j7343f12866 attempt 0: {'error': {'message': 'Rate limit exceeded: free-models-per-day-high-balance. ', 'code': 429, 'metadata': {'headers': {'X-RateLimit-Limit': '1000', 'X-RateLimit-Remaining': '0', 'X-RateLimit-Reset': '1790294400000'}, 'limit_source': 'openrouter_free_tier_daily', 'remedy_hint': 'Wait for the daily re
00:43:23|ERROR  |key limit reached -> stopping judge (resumable)
00:43:26|WARNING|j7421e01650 attempt 0: {'error': {'message': 'Rate limit exceeded: free-models-per-day-high-balance. ', 'code': 429, 'metadata': {'headers': {'X-RateLimit-Limit': '1000', 'X-RateLimit-Remaining': '0', 'X-RateLimit-Reset': '1790294400000'}, 'limit_source': 'openrouter_free_tier_daily', 'remedy_hint': 'Wait for the daily re
00:43:26|ERROR  |key limit reached -> stopping judge (resumable)
00:43:29|WARNING|j744cbab420 attempt 0: {'error': {'message': 'Rate limit exceeded: free-models-per-day-high-balance. ', 'code': 429, 'metadata': {'headers': {'X-RateLimit-Limit': '1000', 'X-RateLimit-Remaining': '0', 'X-RateLimit-Reset': '1790294400000'}, 'limit_source': 'openrouter_free_tier_daily', 'remedy_hint': 'Wait for the daily re
00:43:29|ERROR  |key limit reached -> stopping judge (resumable)
00:43:33|WARNING|j746ee00d4d attempt 0: {'error': {'message': 'Rate limit exceeded: free-models-per-day-high-balance. ', 'code': 429, 'metadata': {'headers': {'X-RateLimit-Limit': '1000', 'X-RateLimit-Remaining': '0', 'X-RateLimit-Reset': '1790294400000'}, 'limit_source': 'openrouter_free_tier_daily', 'remedy_hint': 'Wait for the daily re
00:43:33|ERROR  |key limit reached -> stopping judge (resumable)
00:43:36|WARNING|j74b856afbe attempt 0: {'error': {'message': 'Rate limit exceeded: free-models-per-day-high-balance. ', 'code': 429, 'metadata': {'headers': {'X-RateLimit-Limit': '1000', 'X-RateLimit-Remaining': '0', 'X-RateLimit-Reset': '1790294400000'}, 'limit_source': 'openrouter_free_tier_daily', 'remedy_hint': 'Wait for the daily re
00:43:36|ERROR  |key limit reached -> stopping judge (resumable)
00:43:39|WARNING|j74dcd64246 attempt 0: {'error': {'message': 'Rate limit exceeded: free-models-per-day-high-balance. ', 'code': 429, 'metadata': {'headers': {'X-RateLimit-Limit': '1000', 'X-RateLimit-Remaining': '0', 'X-RateLimit-Reset': '1790294400000'}, 'limit_source': 'openrouter_free_tier_daily', 'remedy_hint': 'Wait for the daily re
00:43:39|ERROR  |key limit reached -> stopping judge (resumable)
00:43:43|WARNING|j7768fab44f attempt 0: {'error': {'message': 'Rate limit exceeded: free-models-per-day-high-balance. ', 'code': 429, 'metadata': {'headers': {'X-RateLimit-Limit': '1000', 'X-RateLimit-Remaining': '0', 'X-RateLimit-Reset': '1790294400000'}, 'limit_source': 'openrouter_free_tier_daily', 'remedy_hint': 'Wait for the daily re
00:43:43|ERROR  |key limit reached -> stopping judge (resumable)
00:43:46|WARNING|j778c3adebf attempt 0: {'error': {'message': 'Rate limit exceeded: free-models-per-day-high-balance. ', 'code': 429, 'metadata': {'headers': {'X-RateLimit-Limit': '1000', 'X-RateLimit-Remaining': '0', 'X-RateLimit-Reset': '1790294400000'}, 'limit_source': 'openrouter_free_tier_daily', 'remedy_hint': 'Wait for the daily re
00:43:46|ERROR  |key limit reached -> stopping judge (resumable)
00:43:49|WARNING|j77da0d5b79 attempt 0: {'error': {'message': 'Rate limit exceeded: free-models-per-day-high-balance. ', 'code': 429, 'metadata': {'headers': {'X-RateLimit-Limit': '1000', 'X-RateLimit-Remaining': '0', 'X-RateLimit-Reset': '1790294400000'}, 'limit_source': 'openrouter_free_tier_daily', 'remedy_hint': 'Wait for the daily re
00:43:49|ERROR  |key limit reached -> stopping judge (resumable)
00:43:53|WARNING|j7810db8a41 attempt 0: {'error': {'message': 'Rate limit exceeded: free-models-per-day-high-balance. ', 'code': 429, 'metadata': {'headers': {'X-RateLimit-Limit': '1000', 'X-RateLimit-Remaining': '0', 'X-RateLimit-Reset': '1790294400000'}, 'limit_source': 'openrouter_free_tier_daily', 'remedy_hint': 'Wait for the daily re
00:43:53|ERROR  |key limit reached -> stopping judge (resumable)
00:43:56|WARNING|j78a497ab3c attempt 0: {'error': {'message': 'Rate limit exceeded: free-models-per-day-high-balance. ', 'code': 429, 'metadata': {'headers': {'X-RateLimit-Limit': '1000', 'X-RateLimit-Remaining': '0', 'X-RateLimit-Reset': '1790294400000'}, 'limit_source': 'openrouter_free_tier_daily', 'remedy_hint': 'Wait for the daily re
00:43:56|ERROR  |key limit reached -> stopping judge (resumable)
00:43:59|WARNING|j78dec51334 attempt 0: {'error': {'message': 'Rate limit exceeded: free-models-per-day-high-balance. ', 'code': 429, 'metadata': {'headers': {'X-RateLimit-Limit': '1000', 'X-RateLimit-Remaining': '0', 'X-RateLimit-Reset': '1790294400000'}, 'limit_source': 'openrouter_free_tier_daily', 'remedy_hint': 'Wait for the daily re
00:43:59|ERROR  |key limit reached -> stopping judge (resumable)
00:44:02|WARNING|j79407bf070 attempt 0: {'error': {'message': 'Rate limit exceeded: free-models-per-day-high-balance. ', 'code': 429, 'metadata': {'headers': {'X-RateLimit-Limit': '1000', 'X-RateLimit-Remaining': '0', 'X-RateLimit-Reset': '1790294400000'}, 'limit_source': 'openrouter_free_tier_daily', 'remedy_hint': 'Wait for the daily re
00:44:02|ERROR  |key limit reached -> stopping judge (resumable)
00:44:06|WARNING|j7989b17e8a attempt 0: {'error': {'message': 'Rate limit exceeded: free-models-per-day-high-balance. ', 'code': 429, 'metadata': {'headers': {'X-RateLimit-Limit': '1000', 'X-RateLimit-Remaining': '0', 'X-RateLimit-Reset': '1790294400000'}, 'limit_source': 'openrouter_free_tier_daily', 'remedy_hint': 'Wait for the daily re
00:44:06|ERROR  |key limit reached -> stopping judge (resumable)
00:44:09|WARNING|j7a120eb73c attempt 0: {'error': {'message': 'Rate limit exceeded: free-models-per-day-high-balance. ', 'code': 429, 'metadata': {'headers': {'X-RateLimit-Limit': '1000', 'X-RateLimit-Remaining': '0', 'X-RateLimit-Reset': '1790294400000'}, 'limit_source': 'openrouter_free_tier_daily', 'remedy_hint': 'Wait for the daily re
00:44:09|ERROR  |key limit reached -> stopping judge (resumable)
00:44:12|WARNING|j7a22dd6ee4 attempt 0: {'error': {'message': 'Rate limit exceeded: free-models-per-day-high-balance. ', 'code': 429, 'metadata': {'headers': {'X-RateLimit-Limit': '1000', 'X-RateLimit-Remaining': '0', 'X-RateLimit-Reset': '1790294400000'}, 'limit_source': 'openrouter_free_tier_daily', 'remedy_hint': 'Wait for the daily re
00:44:12|ERROR  |key limit reached -> stopping judge (resumable)
00:44:16|WARNING|j7b008b0354 attempt 0: {'error': {'message': 'Rate limit exceeded: free-models-per-day-high-balance. ', 'code': 429, 'metadata': {'headers': {'X-RateLimit-Limit': '1000', 'X-RateLimit-Remaining': '0', 'X-RateLimit-Reset': '1790294400000'}, 'limit_source': 'openrouter_free_tier_daily', 'remedy_hint': 'Wait for the daily re
00:44:16|ERROR  |key limit reached -> stopping judge (resumable)
00:44:19|WARNING|j7b00e83344 attempt 0: {'error': {'message': 'Rate limit exceeded: free-models-per-day-high-balance. ', 'code': 429, 'metadata': {'headers': {'X-RateLimit-Limit': '1000', 'X-RateLimit-Remaining': '0', 'X-RateLimit-Reset': '1790294400000'}, 'limit_source': 'openrouter_free_tier_daily', 'remedy_hint': 'Wait for the daily re
00:44:19|ERROR  |key limit reached -> stopping judge (resumable)
00:44:22|WARNING|j7b58ecaefe attempt 0: {'error': {'message': 'Rate limit exceeded: free-models-per-day-high-balance. ', 'code': 429, 'metadata': {'headers': {'X-RateLimit-Limit': '1000', 'X-RateLimit-Remaining': '0', 'X-RateLimit-Reset': '1790294400000'}, 'limit_source': 'openrouter_free_tier_daily', 'remedy_hint': 'Wait for the daily re
00:44:22|ERROR  |key limit reached -> stopping judge (resumable)
00:44:26|WARNING|j7b93f77912 attempt 0: {'error': {'message': 'Rate limit exceeded: free-models-per-day-high-balance. ', 'code': 429, 'metadata': {'headers': {'X-RateLimit-Limit': '1000', 'X-RateLimit-Remaining': '0', 'X-RateLimit-Reset': '1790294400000'}, 'limit_source': 'openrouter_free_tier_daily', 'remedy_hint': 'Wait for the daily re
00:44:26|ERROR  |key limit reached -> stopping judge (resumable)
00:44:29|WARNING|j7bbe26d414 attempt 0: {'error': {'message': 'Rate limit exceeded: free-models-per-day-high-balance. ', 'code': 429, 'metadata': {'headers': {'X-RateLimit-Limit': '1000', 'X-RateLimit-Remaining': '0', 'X-RateLimit-Reset': '1790294400000'}, 'limit_source': 'openrouter_free_tier_daily', 'remedy_hint': 'Wait for the daily re
00:44:29|ERROR  |key limit reached -> stopping judge (resumable)
00:44:32|WARNING|j7be560865b attempt 0: {'error': {'message': 'Rate limit exceeded: free-models-per-day-high-balance. ', 'code': 429, 'metadata': {'headers': {'X-RateLimit-Limit': '1000', 'X-RateLimit-Remaining': '0', 'X-RateLimit-Reset': '1790294400000'}, 'limit_source': 'openrouter_free_tier_daily', 'remedy_hint': 'Wait for the daily re
00:44:32|ERROR  |key limit reached -> stopping judge (resumable)
00:44:35|WARNING|j7be86b07be attempt 0: {'error': {'message': 'Rate limit exceeded: free-models-per-day-high-balance. ', 'code': 429, 'metadata': {'headers': {'X-RateLimit-Limit': '1000', 'X-RateLimit-Remaining': '0', 'X-RateLimit-Reset': '1790294400000'}, 'limit_source': 'openrouter_free_tier_daily', 'remedy_hint': 'Wait for the daily re
00:44:35|ERROR  |key limit reached -> stopping judge (resumable)
00:44:39|WARNING|j7c17fd1b2b attempt 0: {'error': {'message': 'Rate limit exceeded: free-models-per-day-high-balance. ', 'code': 429, 'metadata': {'headers': {'X-RateLimit-Limit': '1000', 'X-RateLimit-Remaining': '0', 'X-RateLimit-Reset': '1790294400000'}, 'limit_source': 'openrouter_free_tier_daily', 'remedy_hint': 'Wait for the daily re
00:44:39|ERROR  |key limit reached -> stopping judge (resumable)
00:44:42|WARNING|j7c593d53ba attempt 0: {'error': {'message': 'Rate limit exceeded: free-models-per-day-high-balance. ', 'code': 429, 'metadata': {'headers': {'X-RateLimit-Limit': '1000', 'X-RateLimit-Remaining': '0', 'X-RateLimit-Reset': '1790294400000'}, 'limit_source': 'openrouter_free_tier_daily', 'remedy_hint': 'Wait for the daily re
00:44:42|ERROR  |key limit reached -> stopping judge (resumable)
00:44:45|WARNING|j7cc40b3bee attempt 0: {'error': {'message': 'Rate limit exceeded: free-models-per-day-high-balance. ', 'code': 429, 'metadata': {'headers': {'X-RateLimit-Limit': '1000', 'X-RateLimit-Remaining': '0', 'X-RateLimit-Reset': '1790294400000'}, 'limit_source': 'openrouter_free_tier_daily', 'remedy_hint': 'Wait for the daily re
00:44:45|ERROR  |key limit reached -> stopping judge (resumable)
00:44:49|WARNING|j7cfa4307a9 attempt 0: {'error': {'message': 'Rate limit exceeded: free-models-per-day-high-balance. ', 'code': 429, 'metadata': {'headers': {'X-RateLimit-Limit': '1000', 'X-RateLimit-Remaining': '0', 'X-RateLimit-Reset': '1790294400000'}, 'limit_source': 'openrouter_free_tier_daily', 'remedy_hint': 'Wait for the daily re
00:44:49|ERROR  |key limit reached -> stopping judge (resumable)
00:44:52|WARNING|j7d1dd54c87 attempt 0: {'error': {'message': 'Rate limit exceeded: free-models-per-day-high-balance. ', 'code': 429, 'metadata': {'headers': {'X-RateLimit-Limit': '1000', 'X-RateLimit-Remaining': '0', 'X-RateLimit-Reset': '1790294400000'}, 'limit_source': 'openrouter_free_tier_daily', 'remedy_hint': 'Wait for the daily re
00:44:52|ERROR  |key limit reached -> stopping judge (resumable)
00:44:55|WARNING|j7d385fff55 attempt 0: {'error': {'message': 'Rate limit exceeded: free-models-per-day-high-balance. ', 'code': 429, 'metadata': {'headers': {'X-RateLimit-Limit': '1000', 'X-RateLimit-Remaining': '0', 'X-RateLimit-Reset': '1790294400000'}, 'limit_source': 'openrouter_free_tier_daily', 'remedy_hint': 'Wait for the daily re
00:44:55|ERROR  |key limit reached -> stopping judge (resumable)
00:44:59|WARNING|j7d6d14a58e attempt 0: {'error': {'message': 'Rate limit exceeded: free-models-per-day-high-balance. ', 'code': 429, 'metadata': {'headers': {'X-RateLimit-Limit': '1000', 'X-RateLimit-Remaining': '0', 'X-RateLimit-Reset': '1790294400000'}, 'limit_source': 'openrouter_free_tier_daily', 'remedy_hint': 'Wait for the daily re
00:44:59|ERROR  |key limit reached -> stopping judge (resumable)
00:45:02|WARNING|j7df3c6b134 attempt 0: {'error': {'message': 'Rate limit exceeded: free-models-per-day-high-balance. ', 'code': 429, 'metadata': {'headers': {'X-RateLimit-Limit': '1000', 'X-RateLimit-Remaining': '0', 'X-RateLimit-Reset': '1790294400000'}, 'limit_source': 'openrouter_free_tier_daily', 'remedy_hint': 'Wait for the daily re
00:45:02|ERROR  |key limit reached -> stopping judge (resumable)
00:45:05|WARNING|j7e1e3f6df8 attempt 0: {'error': {'message': 'Rate limit exceeded: free-models-per-day-high-balance. ', 'code': 429, 'metadata': {'headers': {'X-RateLimit-Limit': '1000', 'X-RateLimit-Remaining': '0', 'X-RateLimit-Reset': '1790294400000'}, 'limit_source': 'openrouter_free_tier_daily', 'remedy_hint': 'Wait for the daily re
00:45:05|ERROR  |key limit reached -> stopping judge (resumable)
00:45:09|WARNING|j7e6f2bc171 attempt 0: {'error': {'message': 'Rate limit exceeded: free-models-per-day-high-balance. ', 'code': 429, 'metadata': {'headers': {'X-RateLimit-Limit': '1000', 'X-RateLimit-Remaining': '0', 'X-RateLimit-Reset': '1790294400000'}, 'limit_source': 'openrouter_free_tier_daily', 'remedy_hint': 'Wait for the daily re
00:45:09|ERROR  |key limit reached -> stopping judge (resumable)
00:45:12|WARNING|j7ed6ea81e7 attempt 0: {'error': {'message': 'Rate limit exceeded: free-models-per-day-high-balance. ', 'code': 429, 'metadata': {'headers': {'X-RateLimit-Limit': '1000', 'X-RateLimit-Remaining': '0', 'X-RateLimit-Reset': '1790294400000'}, 'limit_source': 'openrouter_free_tier_daily', 'remedy_hint': 'Wait for the daily re
00:45:12|ERROR  |key limit reached -> stopping judge (resumable)
00:45:15|WARNING|j7f9f56caf9 attempt 0: {'error': {'message': 'Rate limit exceeded: free-models-per-day-high-balance. ', 'code': 429, 'metadata': {'headers': {'X-RateLimit-Limit': '1000', 'X-RateLimit-Remaining': '0', 'X-RateLimit-Reset': '1790294400000'}, 'limit_source': 'openrouter_free_tier_daily', 'remedy_hint': 'Wait for the daily re
00:45:15|ERROR  |key limit reached -> stopping judge (resumable)
00:45:18|WARNING|j80df4e22a9 attempt 0: {'error': {'message': 'Rate limit exceeded: free-models-per-day-high-balance. ', 'code': 429, 'metadata': {'headers': {'X-RateLimit-Limit': '1000', 'X-RateLimit-Remaining': '0', 'X-RateLimit-Reset': '1790294400000'}, 'limit_source': 'openrouter_free_tier_daily', 'remedy_hint': 'Wait for the daily re
00:45:18|ERROR  |key limit reached -> stopping judge (resumable)
00:45:22|WARNING|j810b9e9565 attempt 0: {'error': {'message': 'Rate limit exceeded: free-models-per-day-high-balance. ', 'code': 429, 'metadata': {'headers': {'X-RateLimit-Limit': '1000', 'X-RateLimit-Remaining': '0', 'X-RateLimit-Reset': '1790294400000'}, 'limit_source': 'openrouter_free_tier_daily', 'remedy_hint': 'Wait for the daily re
00:45:22|ERROR  |key limit reached -> stopping judge (resumable)
00:45:25|WARNING|j811cf4dbc6 attempt 0: {'error': {'message': 'Rate limit exceeded: free-models-per-day-high-balance. ', 'code': 429, 'metadata': {'headers': {'X-RateLimit-Limit': '1000', 'X-RateLimit-Remaining': '0', 'X-RateLimit-Reset': '1790294400000'}, 'limit_source': 'openrouter_free_tier_daily', 'remedy_hint': 'Wait for the daily re
00:45:25|ERROR  |key limit reached -> stopping judge (resumable)
00:45:28|WARNING|j82300250bd attempt 0: {'error': {'message': 'Rate limit exceeded: free-models-per-day-high-balance. ', 'code': 429, 'metadata': {'headers': {'X-RateLimit-Limit': '1000', 'X-RateLimit-Remaining': '0', 'X-RateLimit-Reset': '1790294400000'}, 'limit_source': 'openrouter_free_tier_daily', 'remedy_hint': 'Wait for the daily re
00:45:28|ERROR  |key limit reached -> stopping judge (resumable)
00:45:32|WARNING|j827411ce0b attempt 0: {'error': {'message': 'Rate limit exceeded: free-models-per-day-high-balance. ', 'code': 429, 'metadata': {'headers': {'X-RateLimit-Limit': '1000', 'X-RateLimit-Remaining': '0', 'X-RateLimit-Reset': '1790294400000'}, 'limit_source': 'openrouter_free_tier_daily', 'remedy_hint': 'Wait for the daily re
00:45:32|ERROR  |key limit reached -> stopping judge (resumable)
00:45:35|WARNING|j83f9d14c74 attempt 0: {'error': {'message': 'Rate limit exceeded: free-models-per-day-high-balance. ', 'code': 429, 'metadata': {'headers': {'X-RateLimit-Limit': '1000', 'X-RateLimit-Remaining': '0', 'X-RateLimit-Reset': '1790294400000'}, 'limit_source': 'openrouter_free_tier_daily', 'remedy_hint': 'Wait for the daily re
00:45:35|ERROR  |key limit reached -> stopping judge (resumable)
00:45:38|WARNING|j84381b2ef8 attempt 0: {'error': {'message': 'Rate limit exceeded: free-models-per-day-high-balance. ', 'code': 429, 'metadata': {'headers': {'X-RateLimit-Limit': '1000', 'X-RateLimit-Remaining': '0', 'X-RateLimit-Reset': '1790294400000'}, 'limit_source': 'openrouter_free_tier_daily', 'remedy_hint': 'Wait for the daily re
00:45:38|ERROR  |key limit reached -> stopping judge (resumable)
00:45:41|WARNING|j85e5dda4fa attempt 0: {'error': {'message': 'Rate limit exceeded: free-models-per-day-high-balance. ', 'code': 429, 'metadata': {'headers': {'X-RateLimit-Limit': '1000', 'X-RateLimit-Remaining': '0', 'X-RateLimit-Reset': '1790294400000'}, 'limit_source': 'openrouter_free_tier_daily', 'remedy_hint': 'Wait for the daily re
00:45:41|ERROR  |key limit reached -> stopping judge (resumable)
00:45:45|WARNING|j862bb0f6b0 attempt 0: {'error': {'message': 'Rate limit exceeded: free-models-per-day-high-balance. ', 'code': 429, 'metadata': {'headers': {'X-RateLimit-Limit': '1000', 'X-RateLimit-Remaining': '0', 'X-RateLimit-Reset': '1790294400000'}, 'limit_source': 'openrouter_free_tier_daily', 'remedy_hint': 'Wait for the daily re
00:45:45|ERROR  |key limit reached -> stopping judge (resumable)
00:45:48|WARNING|j865b149196 attempt 0: {'error': {'message': 'Rate limit exceeded: free-models-per-day-high-balance. ', 'code': 429, 'metadata': {'headers': {'X-RateLimit-Limit': '1000', 'X-RateLimit-Remaining': '0', 'X-RateLimit-Reset': '1790294400000'}, 'limit_source': 'openrouter_free_tier_daily', 'remedy_hint': 'Wait for the daily re
00:45:48|ERROR  |key limit reached -> stopping judge (resumable)
00:45:51|WARNING|j866cec6fb5 attempt 0: {'error': {'message': 'Rate limit exceeded: free-models-per-day-high-balance. ', 'code': 429, 'metadata': {'headers': {'X-RateLimit-Limit': '1000', 'X-RateLimit-Remaining': '0', 'X-RateLimit-Reset': '1790294400000'}, 'limit_source': 'openrouter_free_tier_daily', 'remedy_hint': 'Wait for the daily re
00:45:51|ERROR  |key limit reached -> stopping judge (resumable)
00:45:55|WARNING|j86a46e33d9 attempt 0: {'error': {'message': 'Rate limit exceeded: free-models-per-day-high-balance. ', 'code': 429, 'metadata': {'headers': {'X-RateLimit-Limit': '1000', 'X-RateLimit-Remaining': '0', 'X-RateLimit-Reset': '1790294400000'}, 'limit_source': 'openrouter_free_tier_daily', 'remedy_hint': 'Wait for the daily re
00:45:55|ERROR  |key limit reached -> stopping judge (resumable)
00:45:58|WARNING|j8706e73b5b attempt 0: {'error': {'message': 'Rate limit exceeded: free-models-per-day-high-balance. ', 'code': 429, 'metadata': {'headers': {'X-RateLimit-Limit': '1000', 'X-RateLimit-Remaining': '0', 'X-RateLimit-Reset': '1790294400000'}, 'limit_source': 'openrouter_free_tier_daily', 'remedy_hint': 'Wait for the daily re
00:45:58|ERROR  |key limit reached -> stopping judge (resumable)
00:46:01|WARNING|j8725dfa9ca attempt 0: {'error': {'message': 'Rate limit exceeded: free-models-per-day-high-balance. ', 'code': 429, 'metadata': {'headers': {'X-RateLimit-Limit': '1000', 'X-RateLimit-Remaining': '0', 'X-RateLimit-Reset': '1790294400000'}, 'limit_source': 'openrouter_free_tier_daily', 'remedy_hint': 'Wait for the daily re
00:46:01|ERROR  |key limit reached -> stopping judge (resumable)
00:46:05|WARNING|j8755a280e7 attempt 0: {'error': {'message': 'Rate limit exceeded: free-models-per-day-high-balance. ', 'code': 429, 'metadata': {'headers': {'X-RateLimit-Limit': '1000', 'X-RateLimit-Remaining': '0', 'X-RateLimit-Reset': '1790294400000'}, 'limit_source': 'openrouter_free_tier_daily', 'remedy_hint': 'Wait for the daily re
00:46:05|ERROR  |key limit reached -> stopping judge (resumable)
00:46:08|WARNING|j879cc6b7d7 attempt 0: {'error': {'message': 'Rate limit exceeded: free-models-per-day-high-balance. ', 'code': 429, 'metadata': {'headers': {'X-RateLimit-Limit': '1000', 'X-RateLimit-Remaining': '0', 'X-RateLimit-Reset': '1790294400000'}, 'limit_source': 'openrouter_free_tier_daily', 'remedy_hint': 'Wait for the daily re
00:46:08|ERROR  |key limit reached -> stopping judge (resumable)
00:46:11|WARNING|j87a74bc006 attempt 0: {'error': {'message': 'Rate limit exceeded: free-models-per-day-high-balance. ', 'code': 429, 'metadata': {'headers': {'X-RateLimit-Limit': '1000', 'X-RateLimit-Remaining': '0', 'X-RateLimit-Reset': '1790294400000'}, 'limit_source': 'openrouter_free_tier_daily', 'remedy_hint': 'Wait for the daily re
00:46:11|ERROR  |key limit reached -> stopping judge (resumable)
00:46:14|WARNING|j8810bc54b0 attempt 0: {'error': {'message': 'Rate limit exceeded: free-models-per-day-high-balance. ', 'code': 429, 'metadata': {'headers': {'X-RateLimit-Limit': '1000', 'X-RateLimit-Remaining': '0', 'X-RateLimit-Reset': '1790294400000'}, 'limit_source': 'openrouter_free_tier_daily', 'remedy_hint': 'Wait for the daily re
00:46:14|ERROR  |key limit reached -> stopping judge (resumable)
00:46:18|WARNING|j8870ebea85 attempt 0: {'error': {'message': 'Rate limit exceeded: free-models-per-day-high-balance. ', 'code': 429, 'metadata': {'headers': {'X-RateLimit-Limit': '1000', 'X-RateLimit-Remaining': '0', 'X-RateLimit-Reset': '1790294400000'}, 'limit_source': 'openrouter_free_tier_daily', 'remedy_hint': 'Wait for the daily re
00:46:18|ERROR  |key limit reached -> stopping judge (resumable)
00:46:21|WARNING|j888d400193 attempt 0: {'error': {'message': 'Rate limit exceeded: free-models-per-day-high-balance. ', 'code': 429, 'metadata': {'headers': {'X-RateLimit-Limit': '1000', 'X-RateLimit-Remaining': '0', 'X-RateLimit-Reset': '1790294400000'}, 'limit_source': 'openrouter_free_tier_daily', 'remedy_hint': 'Wait for the daily re
00:46:21|ERROR  |key limit reached -> stopping judge (resumable)
00:46:24|WARNING|j889785e114 attempt 0: {'error': {'message': 'Rate limit exceeded: free-models-per-day-high-balance. ', 'code': 429, 'metadata': {'headers': {'X-RateLimit-Limit': '1000', 'X-RateLimit-Remaining': '0', 'X-RateLimit-Reset': '1790294400000'}, 'limit_source': 'openrouter_free_tier_daily', 'remedy_hint': 'Wait for the daily re
00:46:24|ERROR  |key limit reached -> stopping judge (resumable)
00:46:28|WARNING|j88df2a2350 attempt 0: {'error': {'message': 'Rate limit exceeded: free-models-per-day-high-balance. ', 'code': 429, 'metadata': {'headers': {'X-RateLimit-Limit': '1000', 'X-RateLimit-Remaining': '0', 'X-RateLimit-Reset': '1790294400000'}, 'limit_source': 'openrouter_free_tier_daily', 'remedy_hint': 'Wait for the daily re
00:46:28|ERROR  |key limit reached -> stopping judge (resumable)
00:46:31|WARNING|j88e9186ee2 attempt 0: {'error': {'message': 'Rate limit exceeded: free-models-per-day-high-balance. ', 'code': 429, 'metadata': {'headers': {'X-RateLimit-Limit': '1000', 'X-RateLimit-Remaining': '0', 'X-RateLimit-Reset': '1790294400000'}, 'limit_source': 'openrouter_free_tier_daily', 'remedy_hint': 'Wait for the daily re
00:46:31|ERROR  |key limit reached -> stopping judge (resumable)
00:46:34|WARNING|j892151b678 attempt 0: {'error': {'message': 'Rate limit exceeded: free-models-per-day-high-balance. ', 'code': 429, 'metadata': {'headers': {'X-RateLimit-Limit': '1000', 'X-RateLimit-Remaining': '0', 'X-RateLimit-Reset': '1790294400000'}, 'limit_source': 'openrouter_free_tier_daily', 'remedy_hint': 'Wait for the daily re
00:46:34|ERROR  |key limit reached -> stopping judge (resumable)
00:46:38|WARNING|j8923bf7171 attempt 0: {'error': {'message': 'Rate limit exceeded: free-models-per-day-high-balance. ', 'code': 429, 'metadata': {'headers': {'X-RateLimit-Limit': '1000', 'X-RateLimit-Remaining': '0', 'X-RateLimit-Reset': '1790294400000'}, 'limit_source': 'openrouter_free_tier_daily', 'remedy_hint': 'Wait for the daily re
00:46:38|ERROR  |key limit reached -> stopping judge (resumable)
00:46:41|WARNING|j8a35c65446 attempt 0: {'error': {'message': 'Rate limit exceeded: free-models-per-day-high-balance. ', 'code': 429, 'metadata': {'headers': {'X-RateLimit-Limit': '1000', 'X-RateLimit-Remaining': '0', 'X-RateLimit-Reset': '1790294400000'}, 'limit_source': 'openrouter_free_tier_daily', 'remedy_hint': 'Wait for the daily re
00:46:41|ERROR  |key limit reached -> stopping judge (resumable)
00:46:44|WARNING|j8a5f526dc5 attempt 0: {'error': {'message': 'Rate limit exceeded: free-models-per-day-high-balance. ', 'code': 429, 'metadata': {'headers': {'X-RateLimit-Limit': '1000', 'X-RateLimit-Remaining': '0', 'X-RateLimit-Reset': '1790294400000'}, 'limit_source': 'openrouter_free_tier_daily', 'remedy_hint': 'Wait for the daily re
00:46:44|ERROR  |key limit reached -> stopping judge (resumable)
00:46:48|WARNING|j8a80d7d92f attempt 0: {'error': {'message': 'Rate limit exceeded: free-models-per-day-high-balance. ', 'code': 429, 'metadata': {'headers': {'X-RateLimit-Limit': '1000', 'X-RateLimit-Remaining': '0', 'X-RateLimit-Reset': '1790294400000'}, 'limit_source': 'openrouter_free_tier_daily', 'remedy_hint': 'Wait for the daily re
00:46:48|ERROR  |key limit reached -> stopping judge (resumable)
00:46:51|WARNING|j8a9c5809ce attempt 0: {'error': {'message': 'Rate limit exceeded: free-models-per-day-high-balance. ', 'code': 429, 'metadata': {'headers': {'X-RateLimit-Limit': '1000', 'X-RateLimit-Remaining': '0', 'X-RateLimit-Reset': '1790294400000'}, 'limit_source': 'openrouter_free_tier_daily', 'remedy_hint': 'Wait for the daily re
00:46:51|ERROR  |key limit reached -> stopping judge (resumable)
00:46:54|WARNING|j8ac9985b24 attempt 0: {'error': {'message': 'Rate limit exceeded: free-models-per-day-high-balance. ', 'code': 429, 'metadata': {'headers': {'X-RateLimit-Limit': '1000', 'X-RateLimit-Remaining': '0', 'X-RateLimit-Reset': '1790294400000'}, 'limit_source': 'openrouter_free_tier_daily', 'remedy_hint': 'Wait for the daily re
00:46:54|ERROR  |key limit reached -> stopping judge (resumable)
00:46:57|WARNING|j8b1daba385 attempt 0: {'error': {'message': 'Rate limit exceeded: free-models-per-day-high-balance. ', 'code': 429, 'metadata': {'headers': {'X-RateLimit-Limit': '1000', 'X-RateLimit-Remaining': '0', 'X-RateLimit-Reset': '1790294400000'}, 'limit_source': 'openrouter_free_tier_daily', 'remedy_hint': 'Wait for the daily re
00:46:57|ERROR  |key limit reached -> stopping judge (resumable)
00:47:01|WARNING|j8b4539a07e attempt 0: {'error': {'message': 'Rate limit exceeded: free-models-per-day-high-balance. ', 'code': 429, 'metadata': {'headers': {'X-RateLimit-Limit': '1000', 'X-RateLimit-Remaining': '0', 'X-RateLimit-Reset': '1790294400000'}, 'limit_source': 'openrouter_free_tier_daily', 'remedy_hint': 'Wait for the daily re
00:47:01|ERROR  |key limit reached -> stopping judge (resumable)
00:47:04|WARNING|j8c33d08545 attempt 0: {'error': {'message': 'Rate limit exceeded: free-models-per-day-high-balance. ', 'code': 429, 'metadata': {'headers': {'X-RateLimit-Limit': '1000', 'X-RateLimit-Remaining': '0', 'X-RateLimit-Reset': '1790294400000'}, 'limit_source': 'openrouter_free_tier_daily', 'remedy_hint': 'Wait for the daily re
00:47:04|ERROR  |key limit reached -> stopping judge (resumable)
00:47:07|WARNING|j8c34810d6d attempt 0: {'error': {'message': 'Rate limit exceeded: free-models-per-day-high-balance. ', 'code': 429, 'metadata': {'headers': {'X-RateLimit-Limit': '1000', 'X-RateLimit-Remaining': '0', 'X-RateLimit-Reset': '1790294400000'}, 'limit_source': 'openrouter_free_tier_daily', 'remedy_hint': 'Wait for the daily re
00:47:07|ERROR  |key limit reached -> stopping judge (resumable)
00:47:11|WARNING|j8c3da9a616 attempt 0: {'error': {'message': 'Rate limit exceeded: free-models-per-day-high-balance. ', 'code': 429, 'metadata': {'headers': {'X-RateLimit-Limit': '1000', 'X-RateLimit-Remaining': '0', 'X-RateLimit-Reset': '1790294400000'}, 'limit_source': 'openrouter_free_tier_daily', 'remedy_hint': 'Wait for the daily re
00:47:11|ERROR  |key limit reached -> stopping judge (resumable)
00:47:14|WARNING|j8c71301e55 attempt 0: {'error': {'message': 'Rate limit exceeded: free-models-per-day-high-balance. ', 'code': 429, 'metadata': {'headers': {'X-RateLimit-Limit': '1000', 'X-RateLimit-Remaining': '0', 'X-RateLimit-Reset': '1790294400000'}, 'limit_source': 'openrouter_free_tier_daily', 'remedy_hint': 'Wait for the daily re
00:47:14|ERROR  |key limit reached -> stopping judge (resumable)
00:47:17|WARNING|j8caa60377c attempt 0: {'error': {'message': 'Rate limit exceeded: free-models-per-day-high-balance. ', 'code': 429, 'metadata': {'headers': {'X-RateLimit-Limit': '1000', 'X-RateLimit-Remaining': '0', 'X-RateLimit-Reset': '1790294400000'}, 'limit_source': 'openrouter_free_tier_daily', 'remedy_hint': 'Wait for the daily re
00:47:17|ERROR  |key limit reached -> stopping judge (resumable)
00:47:20|WARNING|j8cd3c92879 attempt 0: {'error': {'message': 'Rate limit exceeded: free-models-per-day-high-balance. ', 'code': 429, 'metadata': {'headers': {'X-RateLimit-Limit': '1000', 'X-RateLimit-Remaining': '0', 'X-RateLimit-Reset': '1790294400000'}, 'limit_source': 'openrouter_free_tier_daily', 'remedy_hint': 'Wait for the daily re
00:47:20|ERROR  |key limit reached -> stopping judge (resumable)
00:47:24|WARNING|j8cf03c272f attempt 0: {'error': {'message': 'Rate limit exceeded: free-models-per-day-high-balance. ', 'code': 429, 'metadata': {'headers': {'X-RateLimit-Limit': '1000', 'X-RateLimit-Remaining': '0', 'X-RateLimit-Reset': '1790294400000'}, 'limit_source': 'openrouter_free_tier_daily', 'remedy_hint': 'Wait for the daily re
00:47:24|ERROR  |key limit reached -> stopping judge (resumable)
00:47:27|WARNING|j8d3c2374c8 attempt 0: {'error': {'message': 'Rate limit exceeded: free-models-per-day-high-balance. ', 'code': 429, 'metadata': {'headers': {'X-RateLimit-Limit': '1000', 'X-RateLimit-Remaining': '0', 'X-RateLimit-Reset': '1790294400000'}, 'limit_source': 'openrouter_free_tier_daily', 'remedy_hint': 'Wait for the daily re
00:47:27|ERROR  |key limit reached -> stopping judge (resumable)
00:47:30|WARNING|j8d5a0b20c1 attempt 0: {'error': {'message': 'Rate limit exceeded: free-models-per-day-high-balance. ', 'code': 429, 'metadata': {'headers': {'X-RateLimit-Limit': '1000', 'X-RateLimit-Remaining': '0', 'X-RateLimit-Reset': '1790294400000'}, 'limit_source': 'openrouter_free_tier_daily', 'remedy_hint': 'Wait for the daily re
00:47:30|ERROR  |key limit reached -> stopping judge (resumable)
00:47:34|WARNING|j8dbd6a699e attempt 0: {'error': {'message': 'Rate limit exceeded: free-models-per-day-high-balance. ', 'code': 429, 'metadata': {'headers': {'X-RateLimit-Limit': '1000', 'X-RateLimit-Remaining': '0', 'X-RateLimit-Reset': '1790294400000'}, 'limit_source': 'openrouter_free_tier_daily', 'remedy_hint': 'Wait for the daily re
00:47:34|ERROR  |key limit reached -> stopping judge (resumable)
00:47:37|WARNING|j8de3ea495c attempt 0: {'error': {'message': 'Rate limit exceeded: free-models-per-day-high-balance. ', 'code': 429, 'metadata': {'headers': {'X-RateLimit-Limit': '1000', 'X-RateLimit-Remaining': '0', 'X-RateLimit-Reset': '1790294400000'}, 'limit_source': 'openrouter_free_tier_daily', 'remedy_hint': 'Wait for the daily re
00:47:37|ERROR  |key limit reached -> stopping judge (resumable)
00:47:40|WARNING|j8e25c3d322 attempt 0: {'error': {'message': 'Rate limit exceeded: free-models-per-day-high-balance. ', 'code': 429, 'metadata': {'headers': {'X-RateLimit-Limit': '1000', 'X-RateLimit-Remaining': '0', 'X-RateLimit-Reset': '1790294400000'}, 'limit_source': 'openrouter_free_tier_daily', 'remedy_hint': 'Wait for the daily re
00:47:40|ERROR  |key limit reached -> stopping judge (resumable)
00:47:44|WARNING|j8e40ed63e9 attempt 0: {'error': {'message': 'Rate limit exceeded: free-models-per-day-high-balance. ', 'code': 429, 'metadata': {'headers': {'X-RateLimit-Limit': '1000', 'X-RateLimit-Remaining': '0', 'X-RateLimit-Reset': '1790294400000'}, 'limit_source': 'openrouter_free_tier_daily', 'remedy_hint': 'Wait for the daily re
00:47:44|ERROR  |key limit reached -> stopping judge (resumable)
00:47:47|WARNING|j8e6fa3864c attempt 0: {'error': {'message': 'Rate limit exceeded: free-models-per-day-high-balance. ', 'code': 429, 'metadata': {'headers': {'X-RateLimit-Limit': '1000', 'X-RateLimit-Remaining': '0', 'X-RateLimit-Reset': '1790294400000'}, 'limit_source': 'openrouter_free_tier_daily', 'remedy_hint': 'Wait for the daily re
00:47:47|ERROR  |key limit reached -> stopping judge (resumable)
00:47:50|WARNING|j8efbdbb35a attempt 0: {'error': {'message': 'Rate limit exceeded: free-models-per-day-high-balance. ', 'code': 429, 'metadata': {'headers': {'X-RateLimit-Limit': '1000', 'X-RateLimit-Remaining': '0', 'X-RateLimit-Reset': '1790294400000'}, 'limit_source': 'openrouter_free_tier_daily', 'remedy_hint': 'Wait for the daily re
00:47:50|ERROR  |key limit reached -> stopping judge (resumable)
00:47:53|WARNING|j8f3377f012 attempt 0: {'error': {'message': 'Rate limit exceeded: free-models-per-day-high-balance. ', 'code': 429, 'metadata': {'headers': {'X-RateLimit-Limit': '1000', 'X-RateLimit-Remaining': '0', 'X-RateLimit-Reset': '1790294400000'}, 'limit_source': 'openrouter_free_tier_daily', 'remedy_hint': 'Wait for the daily re
00:47:53|ERROR  |key limit reached -> stopping judge (resumable)
00:47:57|WARNING|j90231b1c48 attempt 0: {'error': {'message': 'Rate limit exceeded: free-models-per-day-high-balance. ', 'code': 429, 'metadata': {'headers': {'X-RateLimit-Limit': '1000', 'X-RateLimit-Remaining': '0', 'X-RateLimit-Reset': '1790294400000'}, 'limit_source': 'openrouter_free_tier_daily', 'remedy_hint': 'Wait for the daily re
00:47:57|ERROR  |key limit reached -> stopping judge (resumable)
00:48:00|WARNING|j903882d040 attempt 0: {'error': {'message': 'Rate limit exceeded: free-models-per-day-high-balance. ', 'code': 429, 'metadata': {'headers': {'X-RateLimit-Limit': '1000', 'X-RateLimit-Remaining': '0', 'X-RateLimit-Reset': '1790294400000'}, 'limit_source': 'openrouter_free_tier_daily', 'remedy_hint': 'Wait for the daily re
00:48:00|ERROR  |key limit reached -> stopping judge (resumable)
00:48:03|WARNING|j903bc91378 attempt 0: {'error': {'message': 'Rate limit exceeded: free-models-per-day-high-balance. ', 'code': 429, 'metadata': {'headers': {'X-RateLimit-Limit': '1000', 'X-RateLimit-Remaining': '0', 'X-RateLimit-Reset': '1790294400000'}, 'limit_source': 'openrouter_free_tier_daily', 'remedy_hint': 'Wait for the daily re
00:48:03|ERROR  |key limit reached -> stopping judge (resumable)
00:48:07|WARNING|j905f909420 attempt 0: {'error': {'message': 'Rate limit exceeded: free-models-per-day-high-balance. ', 'code': 429, 'metadata': {'headers': {'X-RateLimit-Limit': '1000', 'X-RateLimit-Remaining': '0', 'X-RateLimit-Reset': '1790294400000'}, 'limit_source': 'openrouter_free_tier_daily', 'remedy_hint': 'Wait for the daily re
00:48:07|ERROR  |key limit reached -> stopping judge (resumable)
00:48:10|WARNING|j90931c61a2 attempt 0: {'error': {'message': 'Rate limit exceeded: free-models-per-day-high-balance. ', 'code': 429, 'metadata': {'headers': {'X-RateLimit-Limit': '1000', 'X-RateLimit-Remaining': '0', 'X-RateLimit-Reset': '1790294400000'}, 'limit_source': 'openrouter_free_tier_daily', 'remedy_hint': 'Wait for the daily re
00:48:10|ERROR  |key limit reached -> stopping judge (resumable)
00:48:13|WARNING|j90990aa581 attempt 0: {'error': {'message': 'Rate limit exceeded: free-models-per-day-high-balance. ', 'code': 429, 'metadata': {'headers': {'X-RateLimit-Limit': '1000', 'X-RateLimit-Remaining': '0', 'X-RateLimit-Reset': '1790294400000'}, 'limit_source': 'openrouter_free_tier_daily', 'remedy_hint': 'Wait for the daily re
00:48:13|ERROR  |key limit reached -> stopping judge (resumable)
00:48:17|WARNING|j90f8250546 attempt 0: {'error': {'message': 'Rate limit exceeded: free-models-per-day-high-balance. ', 'code': 429, 'metadata': {'headers': {'X-RateLimit-Limit': '1000', 'X-RateLimit-Remaining': '0', 'X-RateLimit-Reset': '1790294400000'}, 'limit_source': 'openrouter_free_tier_daily', 'remedy_hint': 'Wait for the daily re
00:48:17|ERROR  |key limit reached -> stopping judge (resumable)
00:48:20|WARNING|j910b7412eb attempt 0: {'error': {'message': 'Rate limit exceeded: free-models-per-day-high-balance. ', 'code': 429, 'metadata': {'headers': {'X-RateLimit-Limit': '1000', 'X-RateLimit-Remaining': '0', 'X-RateLimit-Reset': '1790294400000'}, 'limit_source': 'openrouter_free_tier_daily', 'remedy_hint': 'Wait for the daily re
00:48:20|ERROR  |key limit reached -> stopping judge (resumable)
00:48:23|WARNING|j91414d52c6 attempt 0: {'error': {'message': 'Rate limit exceeded: free-models-per-day-high-balance. ', 'code': 429, 'metadata': {'headers': {'X-RateLimit-Limit': '1000', 'X-RateLimit-Remaining': '0', 'X-RateLimit-Reset': '1790294400000'}, 'limit_source': 'openrouter_free_tier_daily', 'remedy_hint': 'Wait for the daily re
00:48:23|ERROR  |key limit reached -> stopping judge (resumable)
00:48:26|WARNING|j9152b774ce attempt 0: {'error': {'message': 'Rate limit exceeded: free-models-per-day-high-balance. ', 'code': 429, 'metadata': {'headers': {'X-RateLimit-Limit': '1000', 'X-RateLimit-Remaining': '0', 'X-RateLimit-Reset': '1790294400000'}, 'limit_source': 'openrouter_free_tier_daily', 'remedy_hint': 'Wait for the daily re
00:48:26|ERROR  |key limit reached -> stopping judge (resumable)
00:48:30|WARNING|j91c784b39d attempt 0: {'error': {'message': 'Rate limit exceeded: free-models-per-day-high-balance. ', 'code': 429, 'metadata': {'headers': {'X-RateLimit-Limit': '1000', 'X-RateLimit-Remaining': '0', 'X-RateLimit-Reset': '1790294400000'}, 'limit_source': 'openrouter_free_tier_daily', 'remedy_hint': 'Wait for the daily re
00:48:30|ERROR  |key limit reached -> stopping judge (resumable)
00:48:33|WARNING|j91f79c941b attempt 0: {'error': {'message': 'Rate limit exceeded: free-models-per-day-high-balance. ', 'code': 429, 'metadata': {'headers': {'X-RateLimit-Limit': '1000', 'X-RateLimit-Remaining': '0', 'X-RateLimit-Reset': '1790294400000'}, 'limit_source': 'openrouter_free_tier_daily', 'remedy_hint': 'Wait for the daily re
00:48:33|ERROR  |key limit reached -> stopping judge (resumable)
00:48:36|WARNING|j92130b20a2 attempt 0: {'error': {'message': 'Rate limit exceeded: free-models-per-day-high-balance. ', 'code': 429, 'metadata': {'headers': {'X-RateLimit-Limit': '1000', 'X-RateLimit-Remaining': '0', 'X-RateLimit-Reset': '1790294400000'}, 'limit_source': 'openrouter_free_tier_daily', 'remedy_hint': 'Wait for the daily re
00:48:36|ERROR  |key limit reached -> stopping judge (resumable)
00:48:40|WARNING|j92131badac attempt 0: {'error': {'message': 'Rate limit exceeded: free-models-per-day-high-balance. ', 'code': 429, 'metadata': {'headers': {'X-RateLimit-Limit': '1000', 'X-RateLimit-Remaining': '0', 'X-RateLimit-Reset': '1790294400000'}, 'limit_source': 'openrouter_free_tier_daily', 'remedy_hint': 'Wait for the daily re
00:48:40|ERROR  |key limit reached -> stopping judge (resumable)
00:48:43|WARNING|j921999c70f attempt 0: {'error': {'message': 'Rate limit exceeded: free-models-per-day-high-balance. ', 'code': 429, 'metadata': {'headers': {'X-RateLimit-Limit': '1000', 'X-RateLimit-Remaining': '0', 'X-RateLimit-Reset': '1790294400000'}, 'limit_source': 'openrouter_free_tier_daily', 'remedy_hint': 'Wait for the daily re
00:48:43|ERROR  |key limit reached -> stopping judge (resumable)
00:48:46|WARNING|j929bb637ea attempt 0: {'error': {'message': 'Rate limit exceeded: free-models-per-day-high-balance. ', 'code': 429, 'metadata': {'headers': {'X-RateLimit-Limit': '1000', 'X-RateLimit-Remaining': '0', 'X-RateLimit-Reset': '1790294400000'}, 'limit_source': 'openrouter_free_tier_daily', 'remedy_hint': 'Wait for the daily re
00:48:46|ERROR  |key limit reached -> stopping judge (resumable)
00:48:50|WARNING|j92fb0c5b69 attempt 0: {'error': {'message': 'Rate limit exceeded: free-models-per-day-high-balance. ', 'code': 429, 'metadata': {'headers': {'X-RateLimit-Limit': '1000', 'X-RateLimit-Remaining': '0', 'X-RateLimit-Reset': '1790294400000'}, 'limit_source': 'openrouter_free_tier_daily', 'remedy_hint': 'Wait for the daily re
00:48:50|ERROR  |key limit reached -> stopping judge (resumable)
00:48:53|WARNING|j930d08f7d9 attempt 0: {'error': {'message': 'Rate limit exceeded: free-models-per-day-high-balance. ', 'code': 429, 'metadata': {'headers': {'X-RateLimit-Limit': '1000', 'X-RateLimit-Remaining': '0', 'X-RateLimit-Reset': '1790294400000'}, 'limit_source': 'openrouter_free_tier_daily', 'remedy_hint': 'Wait for the daily re
00:48:53|ERROR  |key limit reached -> stopping judge (resumable)
00:48:56|WARNING|j932de946a2 attempt 0: {'error': {'message': 'Rate limit exceeded: free-models-per-day-high-balance. ', 'code': 429, 'metadata': {'headers': {'X-RateLimit-Limit': '1000', 'X-RateLimit-Remaining': '0', 'X-RateLimit-Reset': '1790294400000'}, 'limit_source': 'openrouter_free_tier_daily', 'remedy_hint': 'Wait for the daily re
00:48:56|ERROR  |key limit reached -> stopping judge (resumable)
00:48:59|WARNING|j94419bfdbe attempt 0: {'error': {'message': 'Rate limit exceeded: free-models-per-day-high-balance. ', 'code': 429, 'metadata': {'headers': {'X-RateLimit-Limit': '1000', 'X-RateLimit-Remaining': '0', 'X-RateLimit-Reset': '1790294400000'}, 'limit_source': 'openrouter_free_tier_daily', 'remedy_hint': 'Wait for the daily re
00:48:59|ERROR  |key limit reached -> stopping judge (resumable)
00:49:03|WARNING|j9491d450fc attempt 0: {'error': {'message': 'Rate limit exceeded: free-models-per-day-high-balance. ', 'code': 429, 'metadata': {'headers': {'X-RateLimit-Limit': '1000', 'X-RateLimit-Remaining': '0', 'X-RateLimit-Reset': '1790294400000'}, 'limit_source': 'openrouter_free_tier_daily', 'remedy_hint': 'Wait for the daily re
00:49:03|ERROR  |key limit reached -> stopping judge (resumable)
00:49:06|WARNING|j94bce70496 attempt 0: {'error': {'message': 'Rate limit exceeded: free-models-per-day-high-balance. ', 'code': 429, 'metadata': {'headers': {'X-RateLimit-Limit': '1000', 'X-RateLimit-Remaining': '0', 'X-RateLimit-Reset': '1790294400000'}, 'limit_source': 'openrouter_free_tier_daily', 'remedy_hint': 'Wait for the daily re
00:49:06|ERROR  |key limit reached -> stopping judge (resumable)
00:49:09|WARNING|j94e401ed1e attempt 0: {'error': {'message': 'Rate limit exceeded: free-models-per-day-high-balance. ', 'code': 429, 'metadata': {'headers': {'X-RateLimit-Limit': '1000', 'X-RateLimit-Remaining': '0', 'X-RateLimit-Reset': '1790294400000'}, 'limit_source': 'openrouter_free_tier_daily', 'remedy_hint': 'Wait for the daily re
00:49:09|ERROR  |key limit reached -> stopping judge (resumable)
00:49:13|WARNING|j951fb10b5f attempt 0: {'error': {'message': 'Rate limit exceeded: free-models-per-day-high-balance. ', 'code': 429, 'metadata': {'headers': {'X-RateLimit-Limit': '1000', 'X-RateLimit-Remaining': '0', 'X-RateLimit-Reset': '1790294400000'}, 'limit_source': 'openrouter_free_tier_daily', 'remedy_hint': 'Wait for the daily re
00:49:13|ERROR  |key limit reached -> stopping judge (resumable)
00:49:16|WARNING|j9557336330 attempt 0: {'error': {'message': 'Rate limit exceeded: free-models-per-day-high-balance. ', 'code': 429, 'metadata': {'headers': {'X-RateLimit-Limit': '1000', 'X-RateLimit-Remaining': '0', 'X-RateLimit-Reset': '1790294400000'}, 'limit_source': 'openrouter_free_tier_daily', 'remedy_hint': 'Wait for the daily re
00:49:16|ERROR  |key limit reached -> stopping judge (resumable)
00:49:19|WARNING|j95760d08a6 attempt 0: {'error': {'message': 'Rate limit exceeded: free-models-per-day-high-balance. ', 'code': 429, 'metadata': {'headers': {'X-RateLimit-Limit': '1000', 'X-RateLimit-Remaining': '0', 'X-RateLimit-Reset': '1790294400000'}, 'limit_source': 'openrouter_free_tier_daily', 'remedy_hint': 'Wait for the daily re
00:49:19|ERROR  |key limit reached -> stopping judge (resumable)
00:49:23|WARNING|j9583a53ea9 attempt 0: {'error': {'message': 'Rate limit exceeded: free-models-per-day-high-balance. ', 'code': 429, 'metadata': {'headers': {'X-RateLimit-Limit': '1000', 'X-RateLimit-Remaining': '0', 'X-RateLimit-Reset': '1790294400000'}, 'limit_source': 'openrouter_free_tier_daily', 'remedy_hint': 'Wait for the daily re
00:49:23|ERROR  |key limit reached -> stopping judge (resumable)
00:49:26|WARNING|j9588f8841c attempt 0: {'error': {'message': 'Rate limit exceeded: free-models-per-day-high-balance. ', 'code': 429, 'metadata': {'headers': {'X-RateLimit-Limit': '1000', 'X-RateLimit-Remaining': '0', 'X-RateLimit-Reset': '1790294400000'}, 'limit_source': 'openrouter_free_tier_daily', 'remedy_hint': 'Wait for the daily re
00:49:26|ERROR  |key limit reached -> stopping judge (resumable)
00:49:29|WARNING|j95e9563aab attempt 0: {'error': {'message': 'Rate limit exceeded: free-models-per-day-high-balance. ', 'code': 429, 'metadata': {'headers': {'X-RateLimit-Limit': '1000', 'X-RateLimit-Remaining': '0', 'X-RateLimit-Reset': '1790294400000'}, 'limit_source': 'openrouter_free_tier_daily', 'remedy_hint': 'Wait for the daily re
00:49:29|ERROR  |key limit reached -> stopping judge (resumable)
00:49:32|WARNING|j96192a8b1d attempt 0: {'error': {'message': 'Rate limit exceeded: free-models-per-day-high-balance. ', 'code': 429, 'metadata': {'headers': {'X-RateLimit-Limit': '1000', 'X-RateLimit-Remaining': '0', 'X-RateLimit-Reset': '1790294400000'}, 'limit_source': 'openrouter_free_tier_daily', 'remedy_hint': 'Wait for the daily re
00:49:32|ERROR  |key limit reached -> stopping judge (resumable)
00:49:36|WARNING|j9675a21afe attempt 0: {'error': {'message': 'Rate limit exceeded: free-models-per-day-high-balance. ', 'code': 429, 'metadata': {'headers': {'X-RateLimit-Limit': '1000', 'X-RateLimit-Remaining': '0', 'X-RateLimit-Reset': '1790294400000'}, 'limit_source': 'openrouter_free_tier_daily', 'remedy_hint': 'Wait for the daily re
00:49:36|ERROR  |key limit reached -> stopping judge (resumable)
00:49:39|WARNING|j9734cadb10 attempt 0: {'error': {'message': 'Rate limit exceeded: free-models-per-day-high-balance. ', 'code': 429, 'metadata': {'headers': {'X-RateLimit-Limit': '1000', 'X-RateLimit-Remaining': '0', 'X-RateLimit-Reset': '1790294400000'}, 'limit_source': 'openrouter_free_tier_daily', 'remedy_hint': 'Wait for the daily re
00:49:39|ERROR  |key limit reached -> stopping judge (resumable)
00:49:42|WARNING|j976a934cd4 attempt 0: {'error': {'message': 'Rate limit exceeded: free-models-per-day-high-balance. ', 'code': 429, 'metadata': {'headers': {'X-RateLimit-Limit': '1000', 'X-RateLimit-Remaining': '0', 'X-RateLimit-Reset': '1790294400000'}, 'limit_source': 'openrouter_free_tier_daily', 'remedy_hint': 'Wait for the daily re
00:49:42|ERROR  |key limit reached -> stopping judge (resumable)
00:49:46|WARNING|j97b8ebf2ee attempt 0: {'error': {'message': 'Rate limit exceeded: free-models-per-day-high-balance. ', 'code': 429, 'metadata': {'headers': {'X-RateLimit-Limit': '1000', 'X-RateLimit-Remaining': '0', 'X-RateLimit-Reset': '1790294400000'}, 'limit_source': 'openrouter_free_tier_daily', 'remedy_hint': 'Wait for the daily re
00:49:46|ERROR  |key limit reached -> stopping judge (resumable)
00:49:49|WARNING|j97dbf25338 attempt 0: {'error': {'message': 'Rate limit exceeded: free-models-per-day-high-balance. ', 'code': 429, 'metadata': {'headers': {'X-RateLimit-Limit': '1000', 'X-RateLimit-Remaining': '0', 'X-RateLimit-Reset': '1790294400000'}, 'limit_source': 'openrouter_free_tier_daily', 'remedy_hint': 'Wait for the daily re
00:49:49|ERROR  |key limit reached -> stopping judge (resumable)
00:49:52|WARNING|j97e92de65c attempt 0: {'error': {'message': 'Rate limit exceeded: free-models-per-day-high-balance. ', 'code': 429, 'metadata': {'headers': {'X-RateLimit-Limit': '1000', 'X-RateLimit-Remaining': '0', 'X-RateLimit-Reset': '1790294400000'}, 'limit_source': 'openrouter_free_tier_daily', 'remedy_hint': 'Wait for the daily re
00:49:52|ERROR  |key limit reached -> stopping judge (resumable)
00:49:56|WARNING|j9823baad5c attempt 0: {'error': {'message': 'Rate limit exceeded: free-models-per-day-high-balance. ', 'code': 429, 'metadata': {'headers': {'X-RateLimit-Limit': '1000', 'X-RateLimit-Remaining': '0', 'X-RateLimit-Reset': '1790294400000'}, 'limit_source': 'openrouter_free_tier_daily', 'remedy_hint': 'Wait for the daily re
00:49:56|ERROR  |key limit reached -> stopping judge (resumable)
00:49:59|WARNING|j983f1f9ca2 attempt 0: {'error': {'message': 'Rate limit exceeded: free-models-per-day-high-balance. ', 'code': 429, 'metadata': {'headers': {'X-RateLimit-Limit': '1000', 'X-RateLimit-Remaining': '0', 'X-RateLimit-Reset': '1790294400000'}, 'limit_source': 'openrouter_free_tier_daily', 'remedy_hint': 'Wait for the daily re
00:49:59|ERROR  |key limit reached -> stopping judge (resumable)
00:50:02|WARNING|j98c3757da9 attempt 0: {'error': {'message': 'Rate limit exceeded: free-models-per-day-high-balance. ', 'code': 429, 'metadata': {'headers': {'X-RateLimit-Limit': '1000', 'X-RateLimit-Remaining': '0', 'X-RateLimit-Reset': '1790294400000'}, 'limit_source': 'openrouter_free_tier_daily', 'remedy_hint': 'Wait for the daily re
00:50:02|ERROR  |key limit reached -> stopping judge (resumable)
00:50:06|WARNING|j99ae428b61 attempt 0: {'error': {'message': 'Rate limit exceeded: free-models-per-day-high-balance. ', 'code': 429, 'metadata': {'headers': {'X-RateLimit-Limit': '1000', 'X-RateLimit-Remaining': '0', 'X-RateLimit-Reset': '1790294400000'}, 'limit_source': 'openrouter_free_tier_daily', 'remedy_hint': 'Wait for the daily re
00:50:06|ERROR  |key limit reached -> stopping judge (resumable)
00:50:09|WARNING|j9a1f8ffce5 attempt 0: {'error': {'message': 'Rate limit exceeded: free-models-per-day-high-balance. ', 'code': 429, 'metadata': {'headers': {'X-RateLimit-Limit': '1000', 'X-RateLimit-Remaining': '0', 'X-RateLimit-Reset': '1790294400000'}, 'limit_source': 'openrouter_free_tier_daily', 'remedy_hint': 'Wait for the daily re
00:50:09|ERROR  |key limit reached -> stopping judge (resumable)
00:50:12|WARNING|j9a2e1d447f attempt 0: {'error': {'message': 'Rate limit exceeded: free-models-per-day-high-balance. ', 'code': 429, 'metadata': {'headers': {'X-RateLimit-Limit': '1000', 'X-RateLimit-Remaining': '0', 'X-RateLimit-Reset': '1790294400000'}, 'limit_source': 'openrouter_free_tier_daily', 'remedy_hint': 'Wait for the daily re
00:50:12|ERROR  |key limit reached -> stopping judge (resumable)
00:50:15|WARNING|j9a9e98355b attempt 0: {'error': {'message': 'Rate limit exceeded: free-models-per-day-high-balance. ', 'code': 429, 'metadata': {'headers': {'X-RateLimit-Limit': '1000', 'X-RateLimit-Remaining': '0', 'X-RateLimit-Reset': '1790294400000'}, 'limit_source': 'openrouter_free_tier_daily', 'remedy_hint': 'Wait for the daily re
00:50:15|ERROR  |key limit reached -> stopping judge (resumable)
00:50:19|WARNING|j9aa3bb5591 attempt 0: {'error': {'message': 'Rate limit exceeded: free-models-per-day-high-balance. ', 'code': 429, 'metadata': {'headers': {'X-RateLimit-Limit': '1000', 'X-RateLimit-Remaining': '0', 'X-RateLimit-Reset': '1790294400000'}, 'limit_source': 'openrouter_free_tier_daily', 'remedy_hint': 'Wait for the daily re
00:50:19|ERROR  |key limit reached -> stopping judge (resumable)
00:50:22|WARNING|j9b508baf3e attempt 0: {'error': {'message': 'Rate limit exceeded: free-models-per-day-high-balance. ', 'code': 429, 'metadata': {'headers': {'X-RateLimit-Limit': '1000', 'X-RateLimit-Remaining': '0', 'X-RateLimit-Reset': '1790294400000'}, 'limit_source': 'openrouter_free_tier_daily', 'remedy_hint': 'Wait for the daily re
00:50:22|ERROR  |key limit reached -> stopping judge (resumable)
00:50:25|WARNING|j9b840b6e62 attempt 0: {'error': {'message': 'Rate limit exceeded: free-models-per-day-high-balance. ', 'code': 429, 'metadata': {'headers': {'X-RateLimit-Limit': '1000', 'X-RateLimit-Remaining': '0', 'X-RateLimit-Reset': '1790294400000'}, 'limit_source': 'openrouter_free_tier_daily', 'remedy_hint': 'Wait for the daily re
00:50:25|ERROR  |key limit reached -> stopping judge (resumable)
00:50:29|WARNING|j9cc3d6a49a attempt 0: {'error': {'message': 'Rate limit exceeded: free-models-per-day-high-balance. ', 'code': 429, 'metadata': {'headers': {'X-RateLimit-Limit': '1000', 'X-RateLimit-Remaining': '0', 'X-RateLimit-Reset': '1790294400000'}, 'limit_source': 'openrouter_free_tier_daily', 'remedy_hint': 'Wait for the daily re
00:50:29|ERROR  |key limit reached -> stopping judge (resumable)
00:50:32|WARNING|j9cfc14705d attempt 0: {'error': {'message': 'Rate limit exceeded: free-models-per-day-high-balance. ', 'code': 429, 'metadata': {'headers': {'X-RateLimit-Limit': '1000', 'X-RateLimit-Remaining': '0', 'X-RateLimit-Reset': '1790294400000'}, 'limit_source': 'openrouter_free_tier_daily', 'remedy_hint': 'Wait for the daily re
00:50:32|ERROR  |key limit reached -> stopping judge (resumable)
00:50:35|WARNING|j9db7871346 attempt 0: {'error': {'message': 'Rate limit exceeded: free-models-per-day-high-balance. ', 'code': 429, 'metadata': {'headers': {'X-RateLimit-Limit': '1000', 'X-RateLimit-Remaining': '0', 'X-RateLimit-Reset': '1790294400000'}, 'limit_source': 'openrouter_free_tier_daily', 'remedy_hint': 'Wait for the daily re
00:50:35|ERROR  |key limit reached -> stopping judge (resumable)
00:50:39|WARNING|j9dba46b4e3 attempt 0: {'error': {'message': 'Rate limit exceeded: free-models-per-day-high-balance. ', 'code': 429, 'metadata': {'headers': {'X-RateLimit-Limit': '1000', 'X-RateLimit-Remaining': '0', 'X-RateLimit-Reset': '1790294400000'}, 'limit_source': 'openrouter_free_tier_daily', 'remedy_hint': 'Wait for the daily re
00:50:39|ERROR  |key limit reached -> stopping judge (resumable)
00:50:42|WARNING|j9e022e3dd0 attempt 0: {'error': {'message': 'Rate limit exceeded: free-models-per-day-high-balance. ', 'code': 429, 'metadata': {'headers': {'X-RateLimit-Limit': '1000', 'X-RateLimit-Remaining': '0', 'X-RateLimit-Reset': '1790294400000'}, 'limit_source': 'openrouter_free_tier_daily', 'remedy_hint': 'Wait for the daily re
00:50:42|ERROR  |key limit reached -> stopping judge (resumable)
00:50:45|WARNING|j9e8a4875f4 attempt 0: {'error': {'message': 'Rate limit exceeded: free-models-per-day-high-balance. ', 'code': 429, 'metadata': {'headers': {'X-RateLimit-Limit': '1000', 'X-RateLimit-Remaining': '0', 'X-RateLimit-Reset': '1790294400000'}, 'limit_source': 'openrouter_free_tier_daily', 'remedy_hint': 'Wait for the daily re
00:50:45|ERROR  |key limit reached -> stopping judge (resumable)
00:50:48|WARNING|j9f01fe4c65 attempt 0: {'error': {'message': 'Rate limit exceeded: free-models-per-day-high-balance. ', 'code': 429, 'metadata': {'headers': {'X-RateLimit-Limit': '1000', 'X-RateLimit-Remaining': '0', 'X-RateLimit-Reset': '1790294400000'}, 'limit_source': 'openrouter_free_tier_daily', 'remedy_hint': 'Wait for the daily re
00:50:48|ERROR  |key limit reached -> stopping judge (resumable)
00:50:52|WARNING|j9fa52bdc13 attempt 0: {'error': {'message': 'Rate limit exceeded: free-models-per-day-high-balance. ', 'code': 429, 'metadata': {'headers': {'X-RateLimit-Limit': '1000', 'X-RateLimit-Remaining': '0', 'X-RateLimit-Reset': '1790294400000'}, 'limit_source': 'openrouter_free_tier_daily', 'remedy_hint': 'Wait for the daily re
00:50:52|ERROR  |key limit reached -> stopping judge (resumable)
00:50:55|WARNING|j9fb58279d2 attempt 0: {'error': {'message': 'Rate limit exceeded: free-models-per-day-high-balance. ', 'code': 429, 'metadata': {'headers': {'X-RateLimit-Limit': '1000', 'X-RateLimit-Remaining': '0', 'X-RateLimit-Reset': '1790294400000'}, 'limit_source': 'openrouter_free_tier_daily', 'remedy_hint': 'Wait for the daily re
00:50:55|ERROR  |key limit reached -> stopping judge (resumable)
00:50:58|WARNING|j9fbacb100d attempt 0: {'error': {'message': 'Rate limit exceeded: free-models-per-day-high-balance. ', 'code': 429, 'metadata': {'headers': {'X-RateLimit-Limit': '1000', 'X-RateLimit-Remaining': '0', 'X-RateLimit-Reset': '1790294400000'}, 'limit_source': 'openrouter_free_tier_daily', 'remedy_hint': 'Wait for the daily re
00:50:58|ERROR  |key limit reached -> stopping judge (resumable)
00:51:02|WARNING|j9fed884559 attempt 0: {'error': {'message': 'Rate limit exceeded: free-models-per-day-high-balance. ', 'code': 429, 'metadata': {'headers': {'X-RateLimit-Limit': '1000', 'X-RateLimit-Remaining': '0', 'X-RateLimit-Reset': '1790294400000'}, 'limit_source': 'openrouter_free_tier_daily', 'remedy_hint': 'Wait for the daily re
00:51:02|ERROR  |key limit reached -> stopping judge (resumable)
00:51:05|WARNING|ja0733b87f9 attempt 0: {'error': {'message': 'Rate limit exceeded: free-models-per-day-high-balance. ', 'code': 429, 'metadata': {'headers': {'X-RateLimit-Limit': '1000', 'X-RateLimit-Remaining': '0', 'X-RateLimit-Reset': '1790294400000'}, 'limit_source': 'openrouter_free_tier_daily', 'remedy_hint': 'Wait for the daily re
00:51:05|ERROR  |key limit reached -> stopping judge (resumable)
00:51:08|WARNING|ja0a33192f5 attempt 0: {'error': {'message': 'Rate limit exceeded: free-models-per-day-high-balance. ', 'code': 429, 'metadata': {'headers': {'X-RateLimit-Limit': '1000', 'X-RateLimit-Remaining': '0', 'X-RateLimit-Reset': '1790294400000'}, 'limit_source': 'openrouter_free_tier_daily', 'remedy_hint': 'Wait for the daily re
00:51:08|ERROR  |key limit reached -> stopping judge (resumable)
00:51:11|WARNING|ja100a59875 attempt 0: {'error': {'message': 'Rate limit exceeded: free-models-per-day-high-balance. ', 'code': 429, 'metadata': {'headers': {'X-RateLimit-Limit': '1000', 'X-RateLimit-Remaining': '0', 'X-RateLimit-Reset': '1790294400000'}, 'limit_source': 'openrouter_free_tier_daily', 'remedy_hint': 'Wait for the daily re
00:51:11|ERROR  |key limit reached -> stopping judge (resumable)
00:51:15|WARNING|ja114130471 attempt 0: {'error': {'message': 'Rate limit exceeded: free-models-per-day-high-balance. ', 'code': 429, 'metadata': {'headers': {'X-RateLimit-Limit': '1000', 'X-RateLimit-Remaining': '0', 'X-RateLimit-Reset': '1790294400000'}, 'limit_source': 'openrouter_free_tier_daily', 'remedy_hint': 'Wait for the daily re
00:51:15|ERROR  |key limit reached -> stopping judge (resumable)
00:51:18|WARNING|ja12ce22dad attempt 0: {'error': {'message': 'Rate limit exceeded: free-models-per-day-high-balance. ', 'code': 429, 'metadata': {'headers': {'X-RateLimit-Limit': '1000', 'X-RateLimit-Remaining': '0', 'X-RateLimit-Reset': '1790294400000'}, 'limit_source': 'openrouter_free_tier_daily', 'remedy_hint': 'Wait for the daily re
00:51:18|ERROR  |key limit reached -> stopping judge (resumable)
00:51:21|WARNING|ja1eebbc898 attempt 0: {'error': {'message': 'Rate limit exceeded: free-models-per-day-high-balance. ', 'code': 429, 'metadata': {'headers': {'X-RateLimit-Limit': '1000', 'X-RateLimit-Remaining': '0', 'X-RateLimit-Reset': '1790294400000'}, 'limit_source': 'openrouter_free_tier_daily', 'remedy_hint': 'Wait for the daily re
00:51:21|ERROR  |key limit reached -> stopping judge (resumable)
00:51:25|WARNING|ja2176d8316 attempt 0: {'error': {'message': 'Rate limit exceeded: free-models-per-day-high-balance. ', 'code': 429, 'metadata': {'headers': {'X-RateLimit-Limit': '1000', 'X-RateLimit-Remaining': '0', 'X-RateLimit-Reset': '1790294400000'}, 'limit_source': 'openrouter_free_tier_daily', 'remedy_hint': 'Wait for the daily re
00:51:25|ERROR  |key limit reached -> stopping judge (resumable)
00:51:28|WARNING|ja22f229015 attempt 0: {'error': {'message': 'Rate limit exceeded: free-models-per-day-high-balance. ', 'code': 429, 'metadata': {'headers': {'X-RateLimit-Limit': '1000', 'X-RateLimit-Remaining': '0', 'X-RateLimit-Reset': '1790294400000'}, 'limit_source': 'openrouter_free_tier_daily', 'remedy_hint': 'Wait for the daily re
00:51:28|ERROR  |key limit reached -> stopping judge (resumable)
00:51:31|WARNING|ja2452c5d10 attempt 0: {'error': {'message': 'Rate limit exceeded: free-models-per-day-high-balance. ', 'code': 429, 'metadata': {'headers': {'X-RateLimit-Limit': '1000', 'X-RateLimit-Remaining': '0', 'X-RateLimit-Reset': '1790294400000'}, 'limit_source': 'openrouter_free_tier_daily', 'remedy_hint': 'Wait for the daily re
00:51:31|ERROR  |key limit reached -> stopping judge (resumable)
00:51:35|WARNING|ja2768b276b attempt 0: {'error': {'message': 'Rate limit exceeded: free-models-per-day-high-balance. ', 'code': 429, 'metadata': {'headers': {'X-RateLimit-Limit': '1000', 'X-RateLimit-Remaining': '0', 'X-RateLimit-Reset': '1790294400000'}, 'limit_source': 'openrouter_free_tier_daily', 'remedy_hint': 'Wait for the daily re
00:51:35|ERROR  |key limit reached -> stopping judge (resumable)
00:51:38|WARNING|ja2c0c9a4ae attempt 0: {'error': {'message': 'Rate limit exceeded: free-models-per-day-high-balance. ', 'code': 429, 'metadata': {'headers': {'X-RateLimit-Limit': '1000', 'X-RateLimit-Remaining': '0', 'X-RateLimit-Reset': '1790294400000'}, 'limit_source': 'openrouter_free_tier_daily', 'remedy_hint': 'Wait for the daily re
00:51:38|ERROR  |key limit reached -> stopping judge (resumable)
00:51:41|WARNING|ja2d8d8bad1 attempt 0: {'error': {'message': 'Rate limit exceeded: free-models-per-day-high-balance. ', 'code': 429, 'metadata': {'headers': {'X-RateLimit-Limit': '1000', 'X-RateLimit-Remaining': '0', 'X-RateLimit-Reset': '1790294400000'}, 'limit_source': 'openrouter_free_tier_daily', 'remedy_hint': 'Wait for the daily re
00:51:41|ERROR  |key limit reached -> stopping judge (resumable)
00:51:44|WARNING|ja2fb156614 attempt 0: {'error': {'message': 'Rate limit exceeded: free-models-per-day-high-balance. ', 'code': 429, 'metadata': {'headers': {'X-RateLimit-Limit': '1000', 'X-RateLimit-Remaining': '0', 'X-RateLimit-Reset': '1790294400000'}, 'limit_source': 'openrouter_free_tier_daily', 'remedy_hint': 'Wait for the daily re
00:51:44|ERROR  |key limit reached -> stopping judge (resumable)
00:51:48|WARNING|ja3243729e5 attempt 0: {'error': {'message': 'Rate limit exceeded: free-models-per-day-high-balance. ', 'code': 429, 'metadata': {'headers': {'X-RateLimit-Limit': '1000', 'X-RateLimit-Remaining': '0', 'X-RateLimit-Reset': '1790294400000'}, 'limit_source': 'openrouter_free_tier_daily', 'remedy_hint': 'Wait for the daily re
00:51:48|ERROR  |key limit reached -> stopping judge (resumable)
00:51:51|WARNING|ja3674e48f8 attempt 0: {'error': {'message': 'Rate limit exceeded: free-models-per-day-high-balance. ', 'code': 429, 'metadata': {'headers': {'X-RateLimit-Limit': '1000', 'X-RateLimit-Remaining': '0', 'X-RateLimit-Reset': '1790294400000'}, 'limit_source': 'openrouter_free_tier_daily', 'remedy_hint': 'Wait for the daily re
00:51:51|ERROR  |key limit reached -> stopping judge (resumable)
00:51:54|WARNING|ja3806451fa attempt 0: {'error': {'message': 'Rate limit exceeded: free-models-per-day-high-balance. ', 'code': 429, 'metadata': {'headers': {'X-RateLimit-Limit': '1000', 'X-RateLimit-Remaining': '0', 'X-RateLimit-Reset': '1790294400000'}, 'limit_source': 'openrouter_free_tier_daily', 'remedy_hint': 'Wait for the daily re
00:51:54|ERROR  |key limit reached -> stopping judge (resumable)
00:51:58|WARNING|ja391a46cce attempt 0: {'error': {'message': 'Rate limit exceeded: free-models-per-day-high-balance. ', 'code': 429, 'metadata': {'headers': {'X-RateLimit-Limit': '1000', 'X-RateLimit-Remaining': '0', 'X-RateLimit-Reset': '1790294400000'}, 'limit_source': 'openrouter_free_tier_daily', 'remedy_hint': 'Wait for the daily re
00:51:58|ERROR  |key limit reached -> stopping judge (resumable)
00:52:01|WARNING|ja3b774e516 attempt 0: {'error': {'message': 'Rate limit exceeded: free-models-per-day-high-balance. ', 'code': 429, 'metadata': {'headers': {'X-RateLimit-Limit': '1000', 'X-RateLimit-Remaining': '0', 'X-RateLimit-Reset': '1790294400000'}, 'limit_source': 'openrouter_free_tier_daily', 'remedy_hint': 'Wait for the daily re
00:52:01|ERROR  |key limit reached -> stopping judge (resumable)
00:52:04|WARNING|ja4c1fe9820 attempt 0: {'error': {'message': 'Rate limit exceeded: free-models-per-day-high-balance. ', 'code': 429, 'metadata': {'headers': {'X-RateLimit-Limit': '1000', 'X-RateLimit-Remaining': '0', 'X-RateLimit-Reset': '1790294400000'}, 'limit_source': 'openrouter_free_tier_daily', 'remedy_hint': 'Wait for the daily re
00:52:04|ERROR  |key limit reached -> stopping judge (resumable)
00:52:08|WARNING|ja4db2f4f20 attempt 0: {'error': {'message': 'Rate limit exceeded: free-models-per-day-high-balance. ', 'code': 429, 'metadata': {'headers': {'X-RateLimit-Limit': '1000', 'X-RateLimit-Remaining': '0', 'X-RateLimit-Reset': '1790294400000'}, 'limit_source': 'openrouter_free_tier_daily', 'remedy_hint': 'Wait for the daily re
00:52:08|ERROR  |key limit reached -> stopping judge (resumable)
00:52:11|WARNING|ja506451943 attempt 0: {'error': {'message': 'Rate limit exceeded: free-models-per-day-high-balance. ', 'code': 429, 'metadata': {'headers': {'X-RateLimit-Limit': '1000', 'X-RateLimit-Remaining': '0', 'X-RateLimit-Reset': '1790294400000'}, 'limit_source': 'openrouter_free_tier_daily', 'remedy_hint': 'Wait for the daily re
00:52:11|ERROR  |key limit reached -> stopping judge (resumable)
00:52:14|WARNING|ja5293560d7 attempt 0: {'error': {'message': 'Rate limit exceeded: free-models-per-day-high-balance. ', 'code': 429, 'metadata': {'headers': {'X-RateLimit-Limit': '1000', 'X-RateLimit-Remaining': '0', 'X-RateLimit-Reset': '1790294400000'}, 'limit_source': 'openrouter_free_tier_daily', 'remedy_hint': 'Wait for the daily re
00:52:14|ERROR  |key limit reached -> stopping judge (resumable)
00:52:17|WARNING|ja59553ddad attempt 0: {'error': {'message': 'Rate limit exceeded: free-models-per-day-high-balance. ', 'code': 429, 'metadata': {'headers': {'X-RateLimit-Limit': '1000', 'X-RateLimit-Remaining': '0', 'X-RateLimit-Reset': '1790294400000'}, 'limit_source': 'openrouter_free_tier_daily', 'remedy_hint': 'Wait for the daily re
00:52:17|ERROR  |key limit reached -> stopping judge (resumable)
00:52:21|WARNING|ja5d77be615 attempt 0: {'error': {'message': 'Rate limit exceeded: free-models-per-day-high-balance. ', 'code': 429, 'metadata': {'headers': {'X-RateLimit-Limit': '1000', 'X-RateLimit-Remaining': '0', 'X-RateLimit-Reset': '1790294400000'}, 'limit_source': 'openrouter_free_tier_daily', 'remedy_hint': 'Wait for the daily re
00:52:21|ERROR  |key limit reached -> stopping judge (resumable)
00:52:24|WARNING|ja655d215f5 attempt 0: {'error': {'message': 'Rate limit exceeded: free-models-per-day-high-balance. ', 'code': 429, 'metadata': {'headers': {'X-RateLimit-Limit': '1000', 'X-RateLimit-Remaining': '0', 'X-RateLimit-Reset': '1790294400000'}, 'limit_source': 'openrouter_free_tier_daily', 'remedy_hint': 'Wait for the daily re
00:52:24|ERROR  |key limit reached -> stopping judge (resumable)
00:52:27|WARNING|ja6b912734b attempt 0: {'error': {'message': 'Rate limit exceeded: free-models-per-day-high-balance. ', 'code': 429, 'metadata': {'headers': {'X-RateLimit-Limit': '1000', 'X-RateLimit-Remaining': '0', 'X-RateLimit-Reset': '1790294400000'}, 'limit_source': 'openrouter_free_tier_daily', 'remedy_hint': 'Wait for the daily re
00:52:27|ERROR  |key limit reached -> stopping judge (resumable)
00:52:31|WARNING|ja6fba52cdd attempt 0: {'error': {'message': 'Rate limit exceeded: free-models-per-day-high-balance. ', 'code': 429, 'metadata': {'headers': {'X-RateLimit-Limit': '1000', 'X-RateLimit-Remaining': '0', 'X-RateLimit-Reset': '1790294400000'}, 'limit_source': 'openrouter_free_tier_daily', 'remedy_hint': 'Wait for the daily re
00:52:31|ERROR  |key limit reached -> stopping judge (resumable)
00:52:34|WARNING|ja7333d1ea0 attempt 0: {'error': {'message': 'Rate limit exceeded: free-models-per-day-high-balance. ', 'code': 429, 'metadata': {'headers': {'X-RateLimit-Limit': '1000', 'X-RateLimit-Remaining': '0', 'X-RateLimit-Reset': '1790294400000'}, 'limit_source': 'openrouter_free_tier_daily', 'remedy_hint': 'Wait for the daily re
00:52:34|ERROR  |key limit reached -> stopping judge (resumable)
00:52:37|WARNING|ja76b224319 attempt 0: {'error': {'message': 'Rate limit exceeded: free-models-per-day-high-balance. ', 'code': 429, 'metadata': {'headers': {'X-RateLimit-Limit': '1000', 'X-RateLimit-Remaining': '0', 'X-RateLimit-Reset': '1790294400000'}, 'limit_source': 'openrouter_free_tier_daily', 'remedy_hint': 'Wait for the daily re
00:52:37|ERROR  |key limit reached -> stopping judge (resumable)
00:52:41|WARNING|ja7867e8f10 attempt 0: {'error': {'message': 'Rate limit exceeded: free-models-per-day-high-balance. ', 'code': 429, 'metadata': {'headers': {'X-RateLimit-Limit': '1000', 'X-RateLimit-Remaining': '0', 'X-RateLimit-Reset': '1790294400000'}, 'limit_source': 'openrouter_free_tier_daily', 'remedy_hint': 'Wait for the daily re
00:52:41|ERROR  |key limit reached -> stopping judge (resumable)
00:52:44|WARNING|ja7ea8dfa5e attempt 0: {'error': {'message': 'Rate limit exceeded: free-models-per-day-high-balance. ', 'code': 429, 'metadata': {'headers': {'X-RateLimit-Limit': '1000', 'X-RateLimit-Remaining': '0', 'X-RateLimit-Reset': '1790294400000'}, 'limit_source': 'openrouter_free_tier_daily', 'remedy_hint': 'Wait for the daily re
00:52:44|ERROR  |key limit reached -> stopping judge (resumable)
00:52:47|WARNING|ja88ae4539b attempt 0: {'error': {'message': 'Rate limit exceeded: free-models-per-day-high-balance. ', 'code': 429, 'metadata': {'headers': {'X-RateLimit-Limit': '1000', 'X-RateLimit-Remaining': '0', 'X-RateLimit-Reset': '1790294400000'}, 'limit_source': 'openrouter_free_tier_daily', 'remedy_hint': 'Wait for the daily re
00:52:47|ERROR  |key limit reached -> stopping judge (resumable)
00:52:50|WARNING|ja88ec7be37 attempt 0: {'error': {'message': 'Rate limit exceeded: free-models-per-day-high-balance. ', 'code': 429, 'metadata': {'headers': {'X-RateLimit-Limit': '1000', 'X-RateLimit-Remaining': '0', 'X-RateLimit-Reset': '1790294400000'}, 'limit_source': 'openrouter_free_tier_daily', 'remedy_hint': 'Wait for the daily re
00:52:50|ERROR  |key limit reached -> stopping judge (resumable)
00:52:54|WARNING|ja9166927cd attempt 0: {'error': {'message': 'Rate limit exceeded: free-models-per-day-high-balance. ', 'code': 429, 'metadata': {'headers': {'X-RateLimit-Limit': '1000', 'X-RateLimit-Remaining': '0', 'X-RateLimit-Reset': '1790294400000'}, 'limit_source': 'openrouter_free_tier_daily', 'remedy_hint': 'Wait for the daily re
00:52:54|ERROR  |key limit reached -> stopping judge (resumable)
00:52:57|WARNING|ja9a12e851d attempt 0: {'error': {'message': 'Rate limit exceeded: free-models-per-day-high-balance. ', 'code': 429, 'metadata': {'headers': {'X-RateLimit-Limit': '1000', 'X-RateLimit-Remaining': '0', 'X-RateLimit-Reset': '1790294400000'}, 'limit_source': 'openrouter_free_tier_daily', 'remedy_hint': 'Wait for the daily re
00:52:57|ERROR  |key limit reached -> stopping judge (resumable)
00:53:00|WARNING|jaacf0f3d69 attempt 0: {'error': {'message': 'Rate limit exceeded: free-models-per-day-high-balance. ', 'code': 429, 'metadata': {'headers': {'X-RateLimit-Limit': '1000', 'X-RateLimit-Remaining': '0', 'X-RateLimit-Reset': '1790294400000'}, 'limit_source': 'openrouter_free_tier_daily', 'remedy_hint': 'Wait for the daily re
00:53:00|ERROR  |key limit reached -> stopping judge (resumable)
00:53:04|WARNING|jaad83d7872 attempt 0: {'error': {'message': 'Rate limit exceeded: free-models-per-day-high-balance. ', 'code': 429, 'metadata': {'headers': {'X-RateLimit-Limit': '1000', 'X-RateLimit-Remaining': '0', 'X-RateLimit-Reset': '1790294400000'}, 'limit_source': 'openrouter_free_tier_daily', 'remedy_hint': 'Wait for the daily re
00:53:04|ERROR  |key limit reached -> stopping judge (resumable)
00:53:07|WARNING|jaae1ae2f6d attempt 0: {'error': {'message': 'Rate limit exceeded: free-models-per-day-high-balance. ', 'code': 429, 'metadata': {'headers': {'X-RateLimit-Limit': '1000', 'X-RateLimit-Remaining': '0', 'X-RateLimit-Reset': '1790294400000'}, 'limit_source': 'openrouter_free_tier_daily', 'remedy_hint': 'Wait for the daily re
00:53:07|ERROR  |key limit reached -> stopping judge (resumable)
00:53:10|WARNING|jaae7b88a8c attempt 0: {'error': {'message': 'Rate limit exceeded: free-models-per-day-high-balance. ', 'code': 429, 'metadata': {'headers': {'X-RateLimit-Limit': '1000', 'X-RateLimit-Remaining': '0', 'X-RateLimit-Reset': '1790294400000'}, 'limit_source': 'openrouter_free_tier_daily', 'remedy_hint': 'Wait for the daily re
00:53:10|ERROR  |key limit reached -> stopping judge (resumable)
00:53:14|WARNING|jaaf55d906e attempt 0: {'error': {'message': 'Rate limit exceeded: free-models-per-day-high-balance. ', 'code': 429, 'metadata': {'headers': {'X-RateLimit-Limit': '1000', 'X-RateLimit-Remaining': '0', 'X-RateLimit-Reset': '1790294400000'}, 'limit_source': 'openrouter_free_tier_daily', 'remedy_hint': 'Wait for the daily re
00:53:14|ERROR  |key limit reached -> stopping judge (resumable)
00:53:17|WARNING|jab2c5a4eb2 attempt 0: {'error': {'message': 'Rate limit exceeded: free-models-per-day-high-balance. ', 'code': 429, 'metadata': {'headers': {'X-RateLimit-Limit': '1000', 'X-RateLimit-Remaining': '0', 'X-RateLimit-Reset': '1790294400000'}, 'limit_source': 'openrouter_free_tier_daily', 'remedy_hint': 'Wait for the daily re
00:53:17|ERROR  |key limit reached -> stopping judge (resumable)
00:53:20|WARNING|jac8063f67b attempt 0: {'error': {'message': 'Rate limit exceeded: free-models-per-day-high-balance. ', 'code': 429, 'metadata': {'headers': {'X-RateLimit-Limit': '1000', 'X-RateLimit-Remaining': '0', 'X-RateLimit-Reset': '1790294400000'}, 'limit_source': 'openrouter_free_tier_daily', 'remedy_hint': 'Wait for the daily re
00:53:20|ERROR  |key limit reached -> stopping judge (resumable)
00:53:23|WARNING|jacadad0f35 attempt 0: {'error': {'message': 'Rate limit exceeded: free-models-per-day-high-balance. ', 'code': 429, 'metadata': {'headers': {'X-RateLimit-Limit': '1000', 'X-RateLimit-Remaining': '0', 'X-RateLimit-Reset': '1790294400000'}, 'limit_source': 'openrouter_free_tier_daily', 'remedy_hint': 'Wait for the daily re
00:53:24|ERROR  |key limit reached -> stopping judge (resumable)
00:53:27|WARNING|jad0b5ff1d2 attempt 0: {'error': {'message': 'Rate limit exceeded: free-models-per-day-high-balance. ', 'code': 429, 'metadata': {'headers': {'X-RateLimit-Limit': '1000', 'X-RateLimit-Remaining': '0', 'X-RateLimit-Reset': '1790294400000'}, 'limit_source': 'openrouter_free_tier_daily', 'remedy_hint': 'Wait for the daily re
00:53:27|ERROR  |key limit reached -> stopping judge (resumable)
00:53:30|WARNING|jad815b1816 attempt 0: {'error': {'message': 'Rate limit exceeded: free-models-per-day-high-balance. ', 'code': 429, 'metadata': {'headers': {'X-RateLimit-Limit': '1000', 'X-RateLimit-Remaining': '0', 'X-RateLimit-Reset': '1790294400000'}, 'limit_source': 'openrouter_free_tier_daily', 'remedy_hint': 'Wait for the daily re
00:53:30|ERROR  |key limit reached -> stopping judge (resumable)
00:53:33|WARNING|jad8afdd86b attempt 0: {'error': {'message': 'Rate limit exceeded: free-models-per-day-high-balance. ', 'code': 429, 'metadata': {'headers': {'X-RateLimit-Limit': '1000', 'X-RateLimit-Remaining': '0', 'X-RateLimit-Reset': '1790294400000'}, 'limit_source': 'openrouter_free_tier_daily', 'remedy_hint': 'Wait for the daily re
00:53:33|ERROR  |key limit reached -> stopping judge (resumable)
00:53:37|WARNING|jad901265b9 attempt 0: {'error': {'message': 'Rate limit exceeded: free-models-per-day-high-balance. ', 'code': 429, 'metadata': {'headers': {'X-RateLimit-Limit': '1000', 'X-RateLimit-Remaining': '0', 'X-RateLimit-Reset': '1790294400000'}, 'limit_source': 'openrouter_free_tier_daily', 'remedy_hint': 'Wait for the daily re
00:53:37|ERROR  |key limit reached -> stopping judge (resumable)
00:53:40|WARNING|jadc774d59c attempt 0: {'error': {'message': 'Rate limit exceeded: free-models-per-day-high-balance. ', 'code': 429, 'metadata': {'headers': {'X-RateLimit-Limit': '1000', 'X-RateLimit-Remaining': '0', 'X-RateLimit-Reset': '1790294400000'}, 'limit_source': 'openrouter_free_tier_daily', 'remedy_hint': 'Wait for the daily re
00:53:40|ERROR  |key limit reached -> stopping judge (resumable)
00:53:43|WARNING|jadcb8e089d attempt 0: {'error': {'message': 'Rate limit exceeded: free-models-per-day-high-balance. ', 'code': 429, 'metadata': {'headers': {'X-RateLimit-Limit': '1000', 'X-RateLimit-Remaining': '0', 'X-RateLimit-Reset': '1790294400000'}, 'limit_source': 'openrouter_free_tier_daily', 'remedy_hint': 'Wait for the daily re
00:53:43|ERROR  |key limit reached -> stopping judge (resumable)
00:53:47|WARNING|jae267ffaea attempt 0: {'error': {'message': 'Rate limit exceeded: free-models-per-day-high-balance. ', 'code': 429, 'metadata': {'headers': {'X-RateLimit-Limit': '1000', 'X-RateLimit-Remaining': '0', 'X-RateLimit-Reset': '1790294400000'}, 'limit_source': 'openrouter_free_tier_daily', 'remedy_hint': 'Wait for the daily re
00:53:47|ERROR  |key limit reached -> stopping judge (resumable)
00:53:50|WARNING|jae3b83f52b attempt 0: {'error': {'message': 'Rate limit exceeded: free-models-per-day-high-balance. ', 'code': 429, 'metadata': {'headers': {'X-RateLimit-Limit': '1000', 'X-RateLimit-Remaining': '0', 'X-RateLimit-Reset': '1790294400000'}, 'limit_source': 'openrouter_free_tier_daily', 'remedy_hint': 'Wait for the daily re
00:53:50|ERROR  |key limit reached -> stopping judge (resumable)
00:53:53|WARNING|jae693fffc7 attempt 0: {'error': {'message': 'Rate limit exceeded: free-models-per-day-high-balance. ', 'code': 429, 'metadata': {'headers': {'X-RateLimit-Limit': '1000', 'X-RateLimit-Remaining': '0', 'X-RateLimit-Reset': '1790294400000'}, 'limit_source': 'openrouter_free_tier_daily', 'remedy_hint': 'Wait for the daily re
00:53:53|ERROR  |key limit reached -> stopping judge (resumable)
00:53:57|WARNING|jaf166977b7 attempt 0: {'error': {'message': 'Rate limit exceeded: free-models-per-day-high-balance. ', 'code': 429, 'metadata': {'headers': {'X-RateLimit-Limit': '1000', 'X-RateLimit-Remaining': '0', 'X-RateLimit-Reset': '1790294400000'}, 'limit_source': 'openrouter_free_tier_daily', 'remedy_hint': 'Wait for the daily re
00:53:57|ERROR  |key limit reached -> stopping judge (resumable)
00:54:00|WARNING|jb0308f6394 attempt 0: {'error': {'message': 'Rate limit exceeded: free-models-per-day-high-balance. ', 'code': 429, 'metadata': {'headers': {'X-RateLimit-Limit': '1000', 'X-RateLimit-Remaining': '0', 'X-RateLimit-Reset': '1790294400000'}, 'limit_source': 'openrouter_free_tier_daily', 'remedy_hint': 'Wait for the daily re
00:54:00|ERROR  |key limit reached -> stopping judge (resumable)
00:54:03|WARNING|jb0461ae9ee attempt 0: {'error': {'message': 'Rate limit exceeded: free-models-per-day-high-balance. ', 'code': 429, 'metadata': {'headers': {'X-RateLimit-Limit': '1000', 'X-RateLimit-Remaining': '0', 'X-RateLimit-Reset': '1790294400000'}, 'limit_source': 'openrouter_free_tier_daily', 'remedy_hint': 'Wait for the daily re
00:54:03|ERROR  |key limit reached -> stopping judge (resumable)
00:54:06|WARNING|jb072e2e65d attempt 0: {'error': {'message': 'Rate limit exceeded: free-models-per-day-high-balance. ', 'code': 429, 'metadata': {'headers': {'X-RateLimit-Limit': '1000', 'X-RateLimit-Remaining': '0', 'X-RateLimit-Reset': '1790294400000'}, 'limit_source': 'openrouter_free_tier_daily', 'remedy_hint': 'Wait for the daily re
00:54:06|ERROR  |key limit reached -> stopping judge (resumable)
00:54:10|WARNING|jb0b68b21f1 attempt 0: {'error': {'message': 'Rate limit exceeded: free-models-per-day-high-balance. ', 'code': 429, 'metadata': {'headers': {'X-RateLimit-Limit': '1000', 'X-RateLimit-Remaining': '0', 'X-RateLimit-Reset': '1790294400000'}, 'limit_source': 'openrouter_free_tier_daily', 'remedy_hint': 'Wait for the daily re
00:54:10|ERROR  |key limit reached -> stopping judge (resumable)
00:54:13|WARNING|jb0ba5e124b attempt 0: {'error': {'message': 'Rate limit exceeded: free-models-per-day-high-balance. ', 'code': 429, 'metadata': {'headers': {'X-RateLimit-Limit': '1000', 'X-RateLimit-Remaining': '0', 'X-RateLimit-Reset': '1790294400000'}, 'limit_source': 'openrouter_free_tier_daily', 'remedy_hint': 'Wait for the daily re
00:54:13|ERROR  |key limit reached -> stopping judge (resumable)
00:54:16|WARNING|jb11d42cd39 attempt 0: {'error': {'message': 'Rate limit exceeded: free-models-per-day-high-balance. ', 'code': 429, 'metadata': {'headers': {'X-RateLimit-Limit': '1000', 'X-RateLimit-Remaining': '0', 'X-RateLimit-Reset': '1790294400000'}, 'limit_source': 'openrouter_free_tier_daily', 'remedy_hint': 'Wait for the daily re
00:54:16|ERROR  |key limit reached -> stopping judge (resumable)
00:54:20|WARNING|jb14269ba81 attempt 0: {'error': {'message': 'Rate limit exceeded: free-models-per-day-high-balance. ', 'code': 429, 'metadata': {'headers': {'X-RateLimit-Limit': '1000', 'X-RateLimit-Remaining': '0', 'X-RateLimit-Reset': '1790294400000'}, 'limit_source': 'openrouter_free_tier_daily', 'remedy_hint': 'Wait for the daily re
00:54:20|ERROR  |key limit reached -> stopping judge (resumable)
00:54:23|WARNING|jb1536d6092 attempt 0: {'error': {'message': 'Rate limit exceeded: free-models-per-day-high-balance. ', 'code': 429, 'metadata': {'headers': {'X-RateLimit-Limit': '1000', 'X-RateLimit-Remaining': '0', 'X-RateLimit-Reset': '1790294400000'}, 'limit_source': 'openrouter_free_tier_daily', 'remedy_hint': 'Wait for the daily re
00:54:23|ERROR  |key limit reached -> stopping judge (resumable)
00:54:26|WARNING|jb1af15c423 attempt 0: {'error': {'message': 'Rate limit exceeded: free-models-per-day-high-balance. ', 'code': 429, 'metadata': {'headers': {'X-RateLimit-Limit': '1000', 'X-RateLimit-Remaining': '0', 'X-RateLimit-Reset': '1790294400000'}, 'limit_source': 'openrouter_free_tier_daily', 'remedy_hint': 'Wait for the daily re
00:54:26|ERROR  |key limit reached -> stopping judge (resumable)
00:54:29|WARNING|jb1b70fcfcc attempt 0: {'error': {'message': 'Rate limit exceeded: free-models-per-day-high-balance. ', 'code': 429, 'metadata': {'headers': {'X-RateLimit-Limit': '1000', 'X-RateLimit-Remaining': '0', 'X-RateLimit-Reset': '1790294400000'}, 'limit_source': 'openrouter_free_tier_daily', 'remedy_hint': 'Wait for the daily re
00:54:29|ERROR  |key limit reached -> stopping judge (resumable)
00:54:33|WARNING|jb1dbc754dc attempt 0: {'error': {'message': 'Rate limit exceeded: free-models-per-day-high-balance. ', 'code': 429, 'metadata': {'headers': {'X-RateLimit-Limit': '1000', 'X-RateLimit-Remaining': '0', 'X-RateLimit-Reset': '1790294400000'}, 'limit_source': 'openrouter_free_tier_daily', 'remedy_hint': 'Wait for the daily re
00:54:33|ERROR  |key limit reached -> stopping judge (resumable)
00:54:36|WARNING|jb2089d86f8 attempt 0: {'error': {'message': 'Rate limit exceeded: free-models-per-day-high-balance. ', 'code': 429, 'metadata': {'headers': {'X-RateLimit-Limit': '1000', 'X-RateLimit-Remaining': '0', 'X-RateLimit-Reset': '1790294400000'}, 'limit_source': 'openrouter_free_tier_daily', 'remedy_hint': 'Wait for the daily re
00:54:36|ERROR  |key limit reached -> stopping judge (resumable)
00:54:39|WARNING|jb265823af4 attempt 0: {'error': {'message': 'Rate limit exceeded: free-models-per-day-high-balance. ', 'code': 429, 'metadata': {'headers': {'X-RateLimit-Limit': '1000', 'X-RateLimit-Remaining': '0', 'X-RateLimit-Reset': '1790294400000'}, 'limit_source': 'openrouter_free_tier_daily', 'remedy_hint': 'Wait for the daily re
00:54:39|ERROR  |key limit reached -> stopping judge (resumable)
00:54:43|WARNING|jb2fa91a75c attempt 0: {'error': {'message': 'Rate limit exceeded: free-models-per-day-high-balance. ', 'code': 429, 'metadata': {'headers': {'X-RateLimit-Limit': '1000', 'X-RateLimit-Remaining': '0', 'X-RateLimit-Reset': '1790294400000'}, 'limit_source': 'openrouter_free_tier_daily', 'remedy_hint': 'Wait for the daily re
00:54:43|ERROR  |key limit reached -> stopping judge (resumable)
00:54:46|WARNING|jb4079a2561 attempt 0: {'error': {'message': 'Rate limit exceeded: free-models-per-day-high-balance. ', 'code': 429, 'metadata': {'headers': {'X-RateLimit-Limit': '1000', 'X-RateLimit-Remaining': '0', 'X-RateLimit-Reset': '1790294400000'}, 'limit_source': 'openrouter_free_tier_daily', 'remedy_hint': 'Wait for the daily re
00:54:46|ERROR  |key limit reached -> stopping judge (resumable)
00:54:49|WARNING|jb425e7eb88 attempt 0: {'error': {'message': 'Rate limit exceeded: free-models-per-day-high-balance. ', 'code': 429, 'metadata': {'headers': {'X-RateLimit-Limit': '1000', 'X-RateLimit-Remaining': '0', 'X-RateLimit-Reset': '1790294400000'}, 'limit_source': 'openrouter_free_tier_daily', 'remedy_hint': 'Wait for the daily re
00:54:49|ERROR  |key limit reached -> stopping judge (resumable)
00:54:53|WARNING|jb42f976b02 attempt 0: {'error': {'message': 'Rate limit exceeded: free-models-per-day-high-balance. ', 'code': 429, 'metadata': {'headers': {'X-RateLimit-Limit': '1000', 'X-RateLimit-Remaining': '0', 'X-RateLimit-Reset': '1790294400000'}, 'limit_source': 'openrouter_free_tier_daily', 'remedy_hint': 'Wait for the daily re
00:54:53|ERROR  |key limit reached -> stopping judge (resumable)
00:54:56|WARNING|jb449c6c7a3 attempt 0: {'error': {'message': 'Rate limit exceeded: free-models-per-day-high-balance. ', 'code': 429, 'metadata': {'headers': {'X-RateLimit-Limit': '1000', 'X-RateLimit-Remaining': '0', 'X-RateLimit-Reset': '1790294400000'}, 'limit_source': 'openrouter_free_tier_daily', 'remedy_hint': 'Wait for the daily re
00:54:56|ERROR  |key limit reached -> stopping judge (resumable)
00:54:59|WARNING|jb459365fc6 attempt 0: {'error': {'message': 'Rate limit exceeded: free-models-per-day-high-balance. ', 'code': 429, 'metadata': {'headers': {'X-RateLimit-Limit': '1000', 'X-RateLimit-Remaining': '0', 'X-RateLimit-Reset': '1790294400000'}, 'limit_source': 'openrouter_free_tier_daily', 'remedy_hint': 'Wait for the daily re
00:54:59|ERROR  |key limit reached -> stopping judge (resumable)
00:55:02|WARNING|jb479a50fa3 attempt 0: {'error': {'message': 'Rate limit exceeded: free-models-per-day-high-balance. ', 'code': 429, 'metadata': {'headers': {'X-RateLimit-Limit': '1000', 'X-RateLimit-Remaining': '0', 'X-RateLimit-Reset': '1790294400000'}, 'limit_source': 'openrouter_free_tier_daily', 'remedy_hint': 'Wait for the daily re
00:55:03|ERROR  |key limit reached -> stopping judge (resumable)
00:55:06|WARNING|jb48d4add68 attempt 0: {'error': {'message': 'Rate limit exceeded: free-models-per-day-high-balance. ', 'code': 429, 'metadata': {'headers': {'X-RateLimit-Limit': '1000', 'X-RateLimit-Remaining': '0', 'X-RateLimit-Reset': '1790294400000'}, 'limit_source': 'openrouter_free_tier_daily', 'remedy_hint': 'Wait for the daily re
00:55:06|ERROR  |key limit reached -> stopping judge (resumable)
00:55:09|WARNING|jb4933012ea attempt 0: {'error': {'message': 'Rate limit exceeded: free-models-per-day-high-balance. ', 'code': 429, 'metadata': {'headers': {'X-RateLimit-Limit': '1000', 'X-RateLimit-Remaining': '0', 'X-RateLimit-Reset': '1790294400000'}, 'limit_source': 'openrouter_free_tier_daily', 'remedy_hint': 'Wait for the daily re
00:55:09|ERROR  |key limit reached -> stopping judge (resumable)
00:55:12|WARNING|jb5465fe54f attempt 0: {'error': {'message': 'Rate limit exceeded: free-models-per-day-high-balance. ', 'code': 429, 'metadata': {'headers': {'X-RateLimit-Limit': '1000', 'X-RateLimit-Remaining': '0', 'X-RateLimit-Reset': '1790294400000'}, 'limit_source': 'openrouter_free_tier_daily', 'remedy_hint': 'Wait for the daily re
00:55:12|ERROR  |key limit reached -> stopping judge (resumable)
00:55:16|WARNING|jb55ff5611a attempt 0: {'error': {'message': 'Rate limit exceeded: free-models-per-day-high-balance. ', 'code': 429, 'metadata': {'headers': {'X-RateLimit-Limit': '1000', 'X-RateLimit-Remaining': '0', 'X-RateLimit-Reset': '1790294400000'}, 'limit_source': 'openrouter_free_tier_daily', 'remedy_hint': 'Wait for the daily re
00:55:16|ERROR  |key limit reached -> stopping judge (resumable)
00:55:19|WARNING|jb5f2d02f2f attempt 0: {'error': {'message': 'Rate limit exceeded: free-models-per-day-high-balance. ', 'code': 429, 'metadata': {'headers': {'X-RateLimit-Limit': '1000', 'X-RateLimit-Remaining': '0', 'X-RateLimit-Reset': '1790294400000'}, 'limit_source': 'openrouter_free_tier_daily', 'remedy_hint': 'Wait for the daily re
00:55:19|ERROR  |key limit reached -> stopping judge (resumable)
00:55:22|WARNING|jb5f94ee028 attempt 0: {'error': {'message': 'Rate limit exceeded: free-models-per-day-high-balance. ', 'code': 429, 'metadata': {'headers': {'X-RateLimit-Limit': '1000', 'X-RateLimit-Remaining': '0', 'X-RateLimit-Reset': '1790294400000'}, 'limit_source': 'openrouter_free_tier_daily', 'remedy_hint': 'Wait for the daily re
00:55:22|ERROR  |key limit reached -> stopping judge (resumable)
00:55:26|WARNING|jb620f0c312 attempt 0: {'error': {'message': 'Rate limit exceeded: free-models-per-day-high-balance. ', 'code': 429, 'metadata': {'headers': {'X-RateLimit-Limit': '1000', 'X-RateLimit-Remaining': '0', 'X-RateLimit-Reset': '1790294400000'}, 'limit_source': 'openrouter_free_tier_daily', 'remedy_hint': 'Wait for the daily re
00:55:26|ERROR  |key limit reached -> stopping judge (resumable)
00:55:29|WARNING|jb633766fb8 attempt 0: {'error': {'message': 'Rate limit exceeded: free-models-per-day-high-balance. ', 'code': 429, 'metadata': {'headers': {'X-RateLimit-Limit': '1000', 'X-RateLimit-Remaining': '0', 'X-RateLimit-Reset': '1790294400000'}, 'limit_source': 'openrouter_free_tier_daily', 'remedy_hint': 'Wait for the daily re
00:55:29|ERROR  |key limit reached -> stopping judge (resumable)
00:55:32|WARNING|jb65eac3528 attempt 0: {'error': {'message': 'Rate limit exceeded: free-models-per-day-high-balance. ', 'code': 429, 'metadata': {'headers': {'X-RateLimit-Limit': '1000', 'X-RateLimit-Remaining': '0', 'X-RateLimit-Reset': '1790294400000'}, 'limit_source': 'openrouter_free_tier_daily', 'remedy_hint': 'Wait for the daily re
00:55:32|ERROR  |key limit reached -> stopping judge (resumable)
00:55:35|WARNING|jb6a1834e3a attempt 0: {'error': {'message': 'Rate limit exceeded: free-models-per-day-high-balance. ', 'code': 429, 'metadata': {'headers': {'X-RateLimit-Limit': '1000', 'X-RateLimit-Remaining': '0', 'X-RateLimit-Reset': '1790294400000'}, 'limit_source': 'openrouter_free_tier_daily', 'remedy_hint': 'Wait for the daily re
00:55:35|ERROR  |key limit reached -> stopping judge (resumable)
00:55:39|WARNING|jb6a47299b9 attempt 0: {'error': {'message': 'Rate limit exceeded: free-models-per-day-high-balance. ', 'code': 429, 'metadata': {'headers': {'X-RateLimit-Limit': '1000', 'X-RateLimit-Remaining': '0', 'X-RateLimit-Reset': '1790294400000'}, 'limit_source': 'openrouter_free_tier_daily', 'remedy_hint': 'Wait for the daily re
00:55:39|ERROR  |key limit reached -> stopping judge (resumable)
00:55:42|WARNING|jb6d156b6c8 attempt 0: {'error': {'message': 'Rate limit exceeded: free-models-per-day-high-balance. ', 'code': 429, 'metadata': {'headers': {'X-RateLimit-Limit': '1000', 'X-RateLimit-Remaining': '0', 'X-RateLimit-Reset': '1790294400000'}, 'limit_source': 'openrouter_free_tier_daily', 'remedy_hint': 'Wait for the daily re
00:55:42|ERROR  |key limit reached -> stopping judge (resumable)
00:55:45|WARNING|jb704017ff8 attempt 0: {'error': {'message': 'Rate limit exceeded: free-models-per-day-high-balance. ', 'code': 429, 'metadata': {'headers': {'X-RateLimit-Limit': '1000', 'X-RateLimit-Remaining': '0', 'X-RateLimit-Reset': '1790294400000'}, 'limit_source': 'openrouter_free_tier_daily', 'remedy_hint': 'Wait for the daily re
00:55:45|ERROR  |key limit reached -> stopping judge (resumable)
00:55:49|WARNING|jb78201d6eb attempt 0: {'error': {'message': 'Rate limit exceeded: free-models-per-day-high-balance. ', 'code': 429, 'metadata': {'headers': {'X-RateLimit-Limit': '1000', 'X-RateLimit-Remaining': '0', 'X-RateLimit-Reset': '1790294400000'}, 'limit_source': 'openrouter_free_tier_daily', 'remedy_hint': 'Wait for the daily re
00:55:49|ERROR  |key limit reached -> stopping judge (resumable)
00:55:52|WARNING|jb81543afd1 attempt 0: {'error': {'message': 'Rate limit exceeded: free-models-per-day-high-balance. ', 'code': 429, 'metadata': {'headers': {'X-RateLimit-Limit': '1000', 'X-RateLimit-Remaining': '0', 'X-RateLimit-Reset': '1790294400000'}, 'limit_source': 'openrouter_free_tier_daily', 'remedy_hint': 'Wait for the daily re
00:55:52|ERROR  |key limit reached -> stopping judge (resumable)
00:55:55|WARNING|jbb2f826376 attempt 0: {'error': {'message': 'Rate limit exceeded: free-models-per-day-high-balance. ', 'code': 429, 'metadata': {'headers': {'X-RateLimit-Limit': '1000', 'X-RateLimit-Remaining': '0', 'X-RateLimit-Reset': '1790294400000'}, 'limit_source': 'openrouter_free_tier_daily', 'remedy_hint': 'Wait for the daily re
00:55:55|ERROR  |key limit reached -> stopping judge (resumable)
00:55:59|WARNING|jbd93a4531c attempt 0: {'error': {'message': 'Rate limit exceeded: free-models-per-day-high-balance. ', 'code': 429, 'metadata': {'headers': {'X-RateLimit-Limit': '1000', 'X-RateLimit-Remaining': '0', 'X-RateLimit-Reset': '1790294400000'}, 'limit_source': 'openrouter_free_tier_daily', 'remedy_hint': 'Wait for the daily re
00:55:59|ERROR  |key limit reached -> stopping judge (resumable)
00:56:02|WARNING|jbdccfe6b39 attempt 0: {'error': {'message': 'Rate limit exceeded: free-models-per-day-high-balance. ', 'code': 429, 'metadata': {'headers': {'X-RateLimit-Limit': '1000', 'X-RateLimit-Remaining': '0', 'X-RateLimit-Reset': '1790294400000'}, 'limit_source': 'openrouter_free_tier_daily', 'remedy_hint': 'Wait for the daily re
00:56:02|ERROR  |key limit reached -> stopping judge (resumable)
00:56:05|WARNING|jbdd7c9535d attempt 0: {'error': {'message': 'Rate limit exceeded: free-models-per-day-high-balance. ', 'code': 429, 'metadata': {'headers': {'X-RateLimit-Limit': '1000', 'X-RateLimit-Remaining': '0', 'X-RateLimit-Reset': '1790294400000'}, 'limit_source': 'openrouter_free_tier_daily', 'remedy_hint': 'Wait for the daily re
00:56:05|ERROR  |key limit reached -> stopping judge (resumable)
00:56:09|WARNING|jbdeef724b0 attempt 0: {'error': {'message': 'Rate limit exceeded: free-models-per-day-high-balance. ', 'code': 429, 'metadata': {'headers': {'X-RateLimit-Limit': '1000', 'X-RateLimit-Remaining': '0', 'X-RateLimit-Reset': '1790294400000'}, 'limit_source': 'openrouter_free_tier_daily', 'remedy_hint': 'Wait for the daily re
00:56:09|ERROR  |key limit reached -> stopping judge (resumable)
00:56:12|WARNING|jbe02bec909 attempt 0: {'error': {'message': 'Rate limit exceeded: free-models-per-day-high-balance. ', 'code': 429, 'metadata': {'headers': {'X-RateLimit-Limit': '1000', 'X-RateLimit-Remaining': '0', 'X-RateLimit-Reset': '1790294400000'}, 'limit_source': 'openrouter_free_tier_daily', 'remedy_hint': 'Wait for the daily re
00:56:12|ERROR  |key limit reached -> stopping judge (resumable)
00:56:15|WARNING|jbe6327d5c6 attempt 0: {'error': {'message': 'Rate limit exceeded: free-models-per-day-high-balance. ', 'code': 429, 'metadata': {'headers': {'X-RateLimit-Limit': '1000', 'X-RateLimit-Remaining': '0', 'X-RateLimit-Reset': '1790294400000'}, 'limit_source': 'openrouter_free_tier_daily', 'remedy_hint': 'Wait for the daily re
00:56:15|ERROR  |key limit reached -> stopping judge (resumable)
00:56:18|WARNING|jbf495c6418 attempt 0: {'error': {'message': 'Rate limit exceeded: free-models-per-day-high-balance. ', 'code': 429, 'metadata': {'headers': {'X-RateLimit-Limit': '1000', 'X-RateLimit-Remaining': '0', 'X-RateLimit-Reset': '1790294400000'}, 'limit_source': 'openrouter_free_tier_daily', 'remedy_hint': 'Wait for the daily re
00:56:18|ERROR  |key limit reached -> stopping judge (resumable)
00:56:22|WARNING|jbfb5ed6539 attempt 0: {'error': {'message': 'Rate limit exceeded: free-models-per-day-high-balance. ', 'code': 429, 'metadata': {'headers': {'X-RateLimit-Limit': '1000', 'X-RateLimit-Remaining': '0', 'X-RateLimit-Reset': '1790294400000'}, 'limit_source': 'openrouter_free_tier_daily', 'remedy_hint': 'Wait for the daily re
00:56:22|ERROR  |key limit reached -> stopping judge (resumable)
00:56:25|WARNING|jc03f3a355e attempt 0: {'error': {'message': 'Rate limit exceeded: free-models-per-day-high-balance. ', 'code': 429, 'metadata': {'headers': {'X-RateLimit-Limit': '1000', 'X-RateLimit-Remaining': '0', 'X-RateLimit-Reset': '1790294400000'}, 'limit_source': 'openrouter_free_tier_daily', 'remedy_hint': 'Wait for the daily re
00:56:25|ERROR  |key limit reached -> stopping judge (resumable)
00:56:28|WARNING|jc05e63d015 attempt 0: {'error': {'message': 'Rate limit exceeded: free-models-per-day-high-balance. ', 'code': 429, 'metadata': {'headers': {'X-RateLimit-Limit': '1000', 'X-RateLimit-Remaining': '0', 'X-RateLimit-Reset': '1790294400000'}, 'limit_source': 'openrouter_free_tier_daily', 'remedy_hint': 'Wait for the daily re
00:56:28|ERROR  |key limit reached -> stopping judge (resumable)
00:56:32|WARNING|jc14580dcee attempt 0: {'error': {'message': 'Rate limit exceeded: free-models-per-day-high-balance. ', 'code': 429, 'metadata': {'headers': {'X-RateLimit-Limit': '1000', 'X-RateLimit-Remaining': '0', 'X-RateLimit-Reset': '1790294400000'}, 'limit_source': 'openrouter_free_tier_daily', 'remedy_hint': 'Wait for the daily re
00:56:32|ERROR  |key limit reached -> stopping judge (resumable)
00:56:35|WARNING|jc1a01514a1 attempt 0: {'error': {'message': 'Rate limit exceeded: free-models-per-day-high-balance. ', 'code': 429, 'metadata': {'headers': {'X-RateLimit-Limit': '1000', 'X-RateLimit-Remaining': '0', 'X-RateLimit-Reset': '1790294400000'}, 'limit_source': 'openrouter_free_tier_daily', 'remedy_hint': 'Wait for the daily re
00:56:35|ERROR  |key limit reached -> stopping judge (resumable)
00:56:38|WARNING|jc2218b557e attempt 0: {'error': {'message': 'Rate limit exceeded: free-models-per-day-high-balance. ', 'code': 429, 'metadata': {'headers': {'X-RateLimit-Limit': '1000', 'X-RateLimit-Remaining': '0', 'X-RateLimit-Reset': '1790294400000'}, 'limit_source': 'openrouter_free_tier_daily', 'remedy_hint': 'Wait for the daily re
00:56:38|ERROR  |key limit reached -> stopping judge (resumable)
00:56:42|WARNING|jc2327bb65f attempt 0: {'error': {'message': 'Rate limit exceeded: free-models-per-day-high-balance. ', 'code': 429, 'metadata': {'headers': {'X-RateLimit-Limit': '1000', 'X-RateLimit-Remaining': '0', 'X-RateLimit-Reset': '1790294400000'}, 'limit_source': 'openrouter_free_tier_daily', 'remedy_hint': 'Wait for the daily re
00:56:42|ERROR  |key limit reached -> stopping judge (resumable)
00:56:45|WARNING|jc26877c484 attempt 0: {'error': {'message': 'Rate limit exceeded: free-models-per-day-high-balance. ', 'code': 429, 'metadata': {'headers': {'X-RateLimit-Limit': '1000', 'X-RateLimit-Remaining': '0', 'X-RateLimit-Reset': '1790294400000'}, 'limit_source': 'openrouter_free_tier_daily', 'remedy_hint': 'Wait for the daily re
00:56:45|ERROR  |key limit reached -> stopping judge (resumable)
00:56:48|WARNING|jc29de5a31a attempt 0: {'error': {'message': 'Rate limit exceeded: free-models-per-day-high-balance. ', 'code': 429, 'metadata': {'headers': {'X-RateLimit-Limit': '1000', 'X-RateLimit-Remaining': '0', 'X-RateLimit-Reset': '1790294400000'}, 'limit_source': 'openrouter_free_tier_daily', 'remedy_hint': 'Wait for the daily re
00:56:48|ERROR  |key limit reached -> stopping judge (resumable)
00:56:52|WARNING|jc35c40f39e attempt 0: {'error': {'message': 'Rate limit exceeded: free-models-per-day-high-balance. ', 'code': 429, 'metadata': {'headers': {'X-RateLimit-Limit': '1000', 'X-RateLimit-Remaining': '0', 'X-RateLimit-Reset': '1790294400000'}, 'limit_source': 'openrouter_free_tier_daily', 'remedy_hint': 'Wait for the daily re
00:56:52|ERROR  |key limit reached -> stopping judge (resumable)
00:56:55|WARNING|jc35f59b890 attempt 0: {'error': {'message': 'Rate limit exceeded: free-models-per-day-high-balance. ', 'code': 429, 'metadata': {'headers': {'X-RateLimit-Limit': '1000', 'X-RateLimit-Remaining': '0', 'X-RateLimit-Reset': '1790294400000'}, 'limit_source': 'openrouter_free_tier_daily', 'remedy_hint': 'Wait for the daily re
00:56:55|ERROR  |key limit reached -> stopping judge (resumable)
00:56:58|WARNING|jc37d85e80a attempt 0: {'error': {'message': 'Rate limit exceeded: free-models-per-day-high-balance. ', 'code': 429, 'metadata': {'headers': {'X-RateLimit-Limit': '1000', 'X-RateLimit-Remaining': '0', 'X-RateLimit-Reset': '1790294400000'}, 'limit_source': 'openrouter_free_tier_daily', 'remedy_hint': 'Wait for the daily re
00:56:58|ERROR  |key limit reached -> stopping judge (resumable)
00:57:01|WARNING|jc3f5004fb9 attempt 0: {'error': {'message': 'Rate limit exceeded: free-models-per-day-high-balance. ', 'code': 429, 'metadata': {'headers': {'X-RateLimit-Limit': '1000', 'X-RateLimit-Remaining': '0', 'X-RateLimit-Reset': '1790294400000'}, 'limit_source': 'openrouter_free_tier_daily', 'remedy_hint': 'Wait for the daily re
00:57:01|ERROR  |key limit reached -> stopping judge (resumable)
00:57:05|WARNING|jc3fd434b04 attempt 0: {'error': {'message': 'Rate limit exceeded: free-models-per-day-high-balance. ', 'code': 429, 'metadata': {'headers': {'X-RateLimit-Limit': '1000', 'X-RateLimit-Remaining': '0', 'X-RateLimit-Reset': '1790294400000'}, 'limit_source': 'openrouter_free_tier_daily', 'remedy_hint': 'Wait for the daily re
00:57:05|ERROR  |key limit reached -> stopping judge (resumable)
