00:01:54|INFO   |tier 1: 3935 cases in 394 batches
00:01:55|INFO   |batched judging: 394 calls; spent $0.455; key remaining 6.118344; stop at $5.77
00:04:02|INFO   |batched: 3935 cases judged; cumulative spend $2.751; stopped=False
00:04:03|INFO   |tier 2: 2916 cases in 292 batches
00:04:03|INFO   |batched judging: 292 calls; spent $2.751; key remaining 1.59272; stop at $3.54
00:04:42|WARNING|batch attempt 0: {'error': {'code': 'aii_run_budget_exhausted', 'message': "AI Inventor per-run OpenRouter budget reached for Test idea: $7.01 of $7.00 spent by this run in that phase. This is AI Inventor's internal l
00:04:42|WARNING|batch attempt 0: {'error': {'code': 'aii_run_budget_exhausted', 'message': "AI Inventor per-run OpenRouter budget reached for Test idea: $7.02 of $7.00 spent by this run in that phase. This is AI Inventor's internal l
00:04:42|WARNING|batch attempt 0: {'error': {'code': 'aii_run_budget_exhausted', 'message': "AI Inventor per-run OpenRouter budget reached for Test idea: $7.02 of $7.00 spent by this run in that phase. This is AI Inventor's internal l
00:04:42|WARNING|batch attempt 0: {'error': {'code': 'aii_run_budget_exhausted', 'message': "AI Inventor per-run OpenRouter budget reached for Test idea: $7.02 of $7.00 spent by this run in that phase. This is AI Inventor's internal l
00:04:43|WARNING|batch attempt 0: {'error': {'code': 'aii_run_budget_exhausted', 'message': "AI Inventor per-run OpenRouter budget reached for Test idea: $7.03 of $7.00 spent by this run in that phase. This is AI Inventor's internal l
00:04:43|WARNING|batch attempt 0: {'error': {'code': 'aii_run_budget_exhausted', 'message': "AI Inventor per-run OpenRouter budget reached for Test idea: $7.03 of $7.00 spent by this run in that phase. This is AI Inventor's internal l
00:04:43|WARNING|batch attempt 0: {'error': {'code': 'aii_run_budget_exhausted', 'message': "AI Inventor per-run OpenRouter budget reached for Test idea: $7.03 of $7.00 spent by this run in that phase. This is AI Inventor's internal l
00:04:43|WARNING|batch attempt 0: {'error': {'code': 'aii_run_budget_exhausted', 'message': "AI Inventor per-run OpenRouter budget reached for Test idea: $7.04 of $7.00 spent by this run in that phase. This is AI Inventor's internal l
00:04:43|WARNING|batch attempt 0: {'error': {'code': 'aii_run_budget_exhausted', 'message': "AI Inventor per-run OpenRouter budget reached for Test idea: $7.04 of $7.00 spent by this run in that phase. This is AI Inventor's internal l
00:04:43|WARNING|batch attempt 0: {'error': {'code': 'aii_run_budget_exhausted', 'message': "AI Inventor per-run OpenRouter budget reached for Test idea: $7.04 of $7.00 spent by this run in that phase. This is AI Inventor's internal l
00:04:43|WARNING|batch attempt 0: {'error': {'code': 'aii_run_budget_exhausted', 'message': "AI Inventor per-run OpenRouter budget reached for Test idea: $7.04 of $7.00 spent by this run in that phase. This is AI Inventor's internal l
00:04:43|WARNING|batch attempt 0: {'error': {'code': 'aii_run_budget_exhausted', 'message': "AI Inventor per-run OpenRouter budget reached for Test idea: $7.04 of $7.00 spent by this run in that phase. This is AI Inventor's internal l
00:04:43|WARNING|batch attempt 0: {'error': {'code': 'aii_run_budget_exhausted', 'message': "AI Inventor per-run OpenRouter budget reached for Test idea: $7.04 of $7.00 spent by this run in that phase. This is AI Inventor's internal l
00:04:44|WARNING|batch attempt 0: {'error': {'code': 'aii_run_budget_exhausted', 'message': "AI Inventor per-run OpenRouter budget reached for Test idea: $7.04 of $7.00 spent by this run in that phase. This is AI Inventor's internal l
00:04:44|WARNING|batch attempt 0: {'error': {'code': 'aii_run_budget_exhausted', 'message': "AI Inventor per-run OpenRouter budget reached for Test idea: $7.04 of $7.00 spent by this run in that phase. This is AI Inventor's internal l
00:04:44|WARNING|batch attempt 0: {'error': {'code': 'aii_run_budget_exhausted', 'message': "AI Inventor per-run OpenRouter budget reached for Test idea: $7.04 of $7.00 spent by this run in that phase. This is AI Inventor's internal l
00:04:44|WARNING|batch attempt 0: {'error': {'code': 'aii_run_budget_exhausted', 'message': "AI Inventor per-run OpenRouter budget reached for Test idea: $7.04 of $7.00 spent by this run in that phase. This is AI Inventor's internal l
00:04:44|WARNING|batch attempt 0: {'error': {'code': 'aii_run_budget_exhausted', 'message': "AI Inventor per-run OpenRouter budget reached for Test idea: $7.04 of $7.00 spent by this run in that phase. This is AI Inventor's internal l
00:04:44|WARNING|batch attempt 0: {'error': {'code': 'aii_run_budget_exhausted', 'message': "AI Inventor per-run OpenRouter budget reached for Test idea: $7.04 of $7.00 spent by this run in that phase. This is AI Inventor's internal l
00:04:44|WARNING|batch attempt 0: {'error': {'code': 'aii_run_budget_exhausted', 'message': "AI Inventor per-run OpenRouter budget reached for Test idea: $7.04 of $7.00 spent by this run in that phase. This is AI Inventor's internal l
00:04:45|WARNING|batch attempt 0: {'error': {'code': 'aii_run_budget_exhausted', 'message': "AI Inventor per-run OpenRouter budget reached for Test idea: $7.05 of $7.00 spent by this run in that phase. This is AI Inventor's internal l
00:04:45|WARNING|batch attempt 0: {'error': {'code': 'aii_run_budget_exhausted', 'message': "AI Inventor per-run OpenRouter budget reached for Test idea: $7.05 of $7.00 spent by this run in that phase. This is AI Inventor's internal l
00:04:45|WARNING|batch attempt 0: {'error': {'code': 'aii_run_budget_exhausted', 'message': "AI Inventor per-run OpenRouter budget reached for Test idea: $7.05 of $7.00 spent by this run in that phase. This is AI Inventor's internal l
00:04:45|WARNING|batch attempt 0: {'error': {'code': 'aii_run_budget_exhausted', 'message': "AI Inventor per-run OpenRouter budget reached for Test idea: $7.05 of $7.00 spent by this run in that phase. This is AI Inventor's internal l
00:04:45|WARNING|batch attempt 0: {'error': {'code': 'aii_run_budget_exhausted', 'message': "AI Inventor per-run OpenRouter budget reached for Test idea: $7.05 of $7.00 spent by this run in that phase. This is AI Inventor's internal l
00:04:45|WARNING|batch attempt 0: {'error': {'code': 'aii_run_budget_exhausted', 'message': "AI Inventor per-run OpenRouter budget reached for Test idea: $7.05 of $7.00 spent by this run in that phase. This is AI Inventor's internal l
00:04:45|WARNING|batch attempt 0: {'error': {'code': 'aii_run_budget_exhausted', 'message': "AI Inventor per-run OpenRouter budget reached for Test idea: $7.05 of $7.00 spent by this run in that phase. This is AI Inventor's internal l
00:04:45|WARNING|batch attempt 0: {'error': {'code': 'aii_run_budget_exhausted', 'message': "AI Inventor per-run OpenRouter budget reached for Test idea: $7.05 of $7.00 spent by this run in that phase. This is AI Inventor's internal l
00:04:45|WARNING|batch attempt 0: {'error': {'code': 'aii_run_budget_exhausted', 'message': "AI Inventor per-run OpenRouter budget reached for Test idea: $7.05 of $7.00 spent by this run in that phase. This is AI Inventor's internal l
00:04:45|WARNING|batch attempt 0: {'error': {'code': 'aii_run_budget_exhausted', 'message': "AI Inventor per-run OpenRouter budget reached for Test idea: $7.05 of $7.00 spent by this run in that phase. This is AI Inventor's internal l
00:04:45|WARNING|batch attempt 0: {'error': {'code': 'aii_run_budget_exhausted', 'message': "AI Inventor per-run OpenRouter budget reached for Test idea: $7.05 of $7.00 spent by this run in that phase. This is AI Inventor's internal l
00:04:45|WARNING|batch attempt 0: {'error': {'code': 'aii_run_budget_exhausted', 'message': "AI Inventor per-run OpenRouter budget reached for Test idea: $7.05 of $7.00 spent by this run in that phase. This is AI Inventor's internal l
00:04:45|WARNING|batch attempt 0: {'error': {'code': 'aii_run_budget_exhausted', 'message': "AI Inventor per-run OpenRouter budget reached for Test idea: $7.05 of $7.00 spent by this run in that phase. This is AI Inventor's internal l
00:04:45|WARNING|batch attempt 0: {'error': {'code': 'aii_run_budget_exhausted', 'message': "AI Inventor per-run OpenRouter budget reached for Test idea: $7.05 of $7.00 spent by this run in that phase. This is AI Inventor's internal l
00:04:45|WARNING|batch attempt 0: {'error': {'code': 'aii_run_budget_exhausted', 'message': "AI Inventor per-run OpenRouter budget reached for Test idea: $7.05 of $7.00 spent by this run in that phase. This is AI Inventor's internal l
00:04:46|WARNING|batch attempt 0: {'error': {'code': 'aii_run_budget_exhausted', 'message': "AI Inventor per-run OpenRouter budget reached for Test idea: $7.05 of $7.00 spent by this run in that phase. This is AI Inventor's internal l
00:04:46|WARNING|batch attempt 0: {'error': {'code': 'aii_run_budget_exhausted', 'message': "AI Inventor per-run OpenRouter budget reached for Test idea: $7.05 of $7.00 spent by this run in that phase. This is AI Inventor's internal l
00:04:46|WARNING|batch attempt 0: {'error': {'code': 'aii_run_budget_exhausted', 'message': "AI Inventor per-run OpenRouter budget reached for Test idea: $7.05 of $7.00 spent by this run in that phase. This is AI Inventor's internal l
00:04:46|WARNING|batch attempt 0: {'error': {'code': 'aii_run_budget_exhausted', 'message': "AI Inventor per-run OpenRouter budget reached for Test idea: $7.05 of $7.00 spent by this run in that phase. This is AI Inventor's internal l
00:04:46|WARNING|batch attempt 0: {'error': {'code': 'aii_run_budget_exhausted', 'message': "AI Inventor per-run OpenRouter budget reached for Test idea: $7.05 of $7.00 spent by this run in that phase. This is AI Inventor's internal l
00:04:46|WARNING|batch attempt 0: {'error': {'code': 'aii_run_budget_exhausted', 'message': "AI Inventor per-run OpenRouter budget reached for Test idea: $7.05 of $7.00 spent by this run in that phase. This is AI Inventor's internal l
00:04:46|WARNING|batch attempt 0: {'error': {'code': 'aii_run_budget_exhausted', 'message': "AI Inventor per-run OpenRouter budget reached for Test idea: $7.05 of $7.00 spent by this run in that phase. This is AI Inventor's internal l
00:04:46|WARNING|batch attempt 0: {'error': {'code': 'aii_run_budget_exhausted', 'message': "AI Inventor per-run OpenRouter budget reached for Test idea: $7.05 of $7.00 spent by this run in that phase. This is AI Inventor's internal l
00:04:46|WARNING|batch attempt 0: {'error': {'code': 'aii_run_budget_exhausted', 'message': "AI Inventor per-run OpenRouter budget reached for Test idea: $7.05 of $7.00 spent by this run in that phase. This is AI Inventor's internal l
00:04:46|WARNING|batch attempt 0: {'error': {'code': 'aii_run_budget_exhausted', 'message': "AI Inventor per-run OpenRouter budget reached for Test idea: $7.05 of $7.00 spent by this run in that phase. This is AI Inventor's internal l
00:04:47|WARNING|batch attempt 0: {'error': {'code': 'aii_run_budget_exhausted', 'message': "AI Inventor per-run OpenRouter budget reached for Test idea: $7.05 of $7.00 spent by this run in that phase. This is AI Inventor's internal l
00:04:47|WARNING|batch attempt 0: {'error': {'code': 'aii_run_budget_exhausted', 'message': "AI Inventor per-run OpenRouter budget reached for Test idea: $7.05 of $7.00 spent by this run in that phase. This is AI Inventor's internal l
00:04:47|WARNING|batch attempt 0: {'error': {'code': 'aii_run_budget_exhausted', 'message': "AI Inventor per-run OpenRouter budget reached for Test idea: $7.05 of $7.00 spent by this run in that phase. This is AI Inventor's internal l
00:04:47|WARNING|batch attempt 0: {'error': {'code': 'aii_run_budget_exhausted', 'message': "AI Inventor per-run OpenRouter budget reached for Test idea: $7.05 of $7.00 spent by this run in that phase. This is AI Inventor's internal l
00:04:47|WARNING|batch attempt 0: {'error': {'code': 'aii_run_budget_exhausted', 'message': "AI Inventor per-run OpenRouter budget reached for Test idea: $7.05 of $7.00 spent by this run in that phase. This is AI Inventor's internal l
00:04:47|WARNING|batch attempt 0: {'error': {'code': 'aii_run_budget_exhausted', 'message': "AI Inventor per-run OpenRouter budget reached for Test idea: $7.05 of $7.00 spent by this run in that phase. This is AI Inventor's internal l
00:04:47|WARNING|batch attempt 0: {'error': {'code': 'aii_run_budget_exhausted', 'message': "AI Inventor per-run OpenRouter budget reached for Test idea: $7.05 of $7.00 spent by this run in that phase. This is AI Inventor's internal l
00:04:47|WARNING|batch attempt 0: {'error': {'code': 'aii_run_budget_exhausted', 'message': "AI Inventor per-run OpenRouter budget reached for Test idea: $7.05 of $7.00 spent by this run in that phase. This is AI Inventor's internal l
00:04:47|WARNING|batch attempt 0: {'error': {'code': 'aii_run_budget_exhausted', 'message': "AI Inventor per-run OpenRouter budget reached for Test idea: $7.05 of $7.00 spent by this run in that phase. This is AI Inventor's internal l
00:04:47|WARNING|batch attempt 0: {'error': {'code': 'aii_run_budget_exhausted', 'message': "AI Inventor per-run OpenRouter budget reached for Test idea: $7.05 of $7.00 spent by this run in that phase. This is AI Inventor's internal l
00:04:47|WARNING|batch attempt 0: {'error': {'code': 'aii_run_budget_exhausted', 'message': "AI Inventor per-run OpenRouter budget reached for Test idea: $7.05 of $7.00 spent by this run in that phase. This is AI Inventor's internal l
00:04:47|WARNING|batch attempt 0: {'error': {'code': 'aii_run_budget_exhausted', 'message': "AI Inventor per-run OpenRouter budget reached for Test idea: $7.05 of $7.00 spent by this run in that phase. This is AI Inventor's internal l
00:04:47|WARNING|batch attempt 0: {'error': {'code': 'aii_run_budget_exhausted', 'message': "AI Inventor per-run OpenRouter budget reached for Test idea: $7.05 of $7.00 spent by this run in that phase. This is AI Inventor's internal l
00:04:47|WARNING|batch attempt 0: {'error': {'code': 'aii_run_budget_exhausted', 'message': "AI Inventor per-run OpenRouter budget reached for Test idea: $7.05 of $7.00 spent by this run in that phase. This is AI Inventor's internal l
00:04:47|WARNING|batch attempt 0: {'error': {'code': 'aii_run_budget_exhausted', 'message': "AI Inventor per-run OpenRouter budget reached for Test idea: $7.05 of $7.00 spent by this run in that phase. This is AI Inventor's internal l
00:04:48|WARNING|batch attempt 0: {'error': {'code': 'aii_run_budget_exhausted', 'message': "AI Inventor per-run OpenRouter budget reached for Test idea: $7.05 of $7.00 spent by this run in that phase. This is AI Inventor's internal l
00:04:48|WARNING|batch attempt 0: {'error': {'code': 'aii_run_budget_exhausted', 'message': "AI Inventor per-run OpenRouter budget reached for Test idea: $7.05 of $7.00 spent by this run in that phase. This is AI Inventor's internal l
00:04:48|WARNING|batch attempt 0: {'error': {'code': 'aii_run_budget_exhausted', 'message': "AI Inventor per-run OpenRouter budget reached for Test idea: $7.05 of $7.00 spent by this run in that phase. This is AI Inventor's internal l
00:04:48|WARNING|batch attempt 0: {'error': {'code': 'aii_run_budget_exhausted', 'message': "AI Inventor per-run OpenRouter budget reached for Test idea: $7.05 of $7.00 spent by this run in that phase. This is AI Inventor's internal l
00:04:48|WARNING|batch attempt 0: {'error': {'code': 'aii_run_budget_exhausted', 'message': "AI Inventor per-run OpenRouter budget reached for Test idea: $7.05 of $7.00 spent by this run in that phase. This is AI Inventor's internal l
00:04:48|WARNING|batch attempt 0: {'error': {'code': 'aii_run_budget_exhausted', 'message': "AI Inventor per-run OpenRouter budget reached for Test idea: $7.05 of $7.00 spent by this run in that phase. This is AI Inventor's internal l
00:04:48|WARNING|batch attempt 0: {'error': {'code': 'aii_run_budget_exhausted', 'message': "AI Inventor per-run OpenRouter budget reached for Test idea: $7.05 of $7.00 spent by this run in that phase. This is AI Inventor's internal l
00:04:48|WARNING|batch attempt 0: {'error': {'code': 'aii_run_budget_exhausted', 'message': "AI Inventor per-run OpenRouter budget reached for Test idea: $7.05 of $7.00 spent by this run in that phase. This is AI Inventor's internal l
00:04:48|WARNING|batch attempt 0: {'error': {'code': 'aii_run_budget_exhausted', 'message': "AI Inventor per-run OpenRouter budget reached for Test idea: $7.05 of $7.00 spent by this run in that phase. This is AI Inventor's internal l
00:04:49|WARNING|batch attempt 0: {'error': {'code': 'aii_run_budget_exhausted', 'message': "AI Inventor per-run OpenRouter budget reached for Test idea: $7.05 of $7.00 spent by this run in that phase. This is AI Inventor's internal l
00:04:49|WARNING|batch attempt 0: {'error': {'code': 'aii_run_budget_exhausted', 'message': "AI Inventor per-run OpenRouter budget reached for Test idea: $7.05 of $7.00 spent by this run in that phase. This is AI Inventor's internal l
00:04:49|WARNING|batch attempt 0: {'error': {'code': 'aii_run_budget_exhausted', 'message': "AI Inventor per-run OpenRouter budget reached for Test idea: $7.05 of $7.00 spent by this run in that phase. This is AI Inventor's internal l
00:04:49|WARNING|batch attempt 0: {'error': {'code': 'aii_run_budget_exhausted', 'message': "AI Inventor per-run OpenRouter budget reached for Test idea: $7.05 of $7.00 spent by this run in that phase. This is AI Inventor's internal l
00:04:49|WARNING|batch attempt 0: {'error': {'code': 'aii_run_budget_exhausted', 'message': "AI Inventor per-run OpenRouter budget reached for Test idea: $7.05 of $7.00 spent by this run in that phase. This is AI Inventor's internal l
00:04:49|WARNING|batch attempt 0: {'error': {'code': 'aii_run_budget_exhausted', 'message': "AI Inventor per-run OpenRouter budget reached for Test idea: $7.05 of $7.00 spent by this run in that phase. This is AI Inventor's internal l
00:04:49|WARNING|batch attempt 0: {'error': {'code': 'aii_run_budget_exhausted', 'message': "AI Inventor per-run OpenRouter budget reached for Test idea: $7.05 of $7.00 spent by this run in that phase. This is AI Inventor's internal l
00:04:49|WARNING|batch attempt 0: {'error': {'code': 'aii_run_budget_exhausted', 'message': "AI Inventor per-run OpenRouter budget reached for Test idea: $7.05 of $7.00 spent by this run in that phase. This is AI Inventor's internal l
00:04:49|WARNING|batch attempt 0: {'error': {'code': 'aii_run_budget_exhausted', 'message': "AI Inventor per-run OpenRouter budget reached for Test idea: $7.05 of $7.00 spent by this run in that phase. This is AI Inventor's internal l
00:04:49|WARNING|batch attempt 0: {'error': {'code': 'aii_run_budget_exhausted', 'message': "AI Inventor per-run OpenRouter budget reached for Test idea: $7.05 of $7.00 spent by this run in that phase. This is AI Inventor's internal l
00:04:49|WARNING|batch attempt 0: {'error': {'code': 'aii_run_budget_exhausted', 'message': "AI Inventor per-run OpenRouter budget reached for Test idea: $7.05 of $7.00 spent by this run in that phase. This is AI Inventor's internal l
00:04:49|WARNING|batch attempt 0: {'error': {'code': 'aii_run_budget_exhausted', 'message': "AI Inventor per-run OpenRouter budget reached for Test idea: $7.05 of $7.00 spent by this run in that phase. This is AI Inventor's internal l
00:04:49|WARNING|batch attempt 0: {'error': {'code': 'aii_run_budget_exhausted', 'message': "AI Inventor per-run OpenRouter budget reached for Test idea: $7.05 of $7.00 spent by this run in that phase. This is AI Inventor's internal l
00:04:49|WARNING|batch attempt 0: {'error': {'code': 'aii_run_budget_exhausted', 'message': "AI Inventor per-run OpenRouter budget reached for Test idea: $7.05 of $7.00 spent by this run in that phase. This is AI Inventor's internal l
00:04:49|WARNING|batch attempt 0: {'error': {'code': 'aii_run_budget_exhausted', 'message': "AI Inventor per-run OpenRouter budget reached for Test idea: $7.05 of $7.00 spent by this run in that phase. This is AI Inventor's internal l
00:04:50|WARNING|batch attempt 0: {'error': {'code': 'aii_run_budget_exhausted', 'message': "AI Inventor per-run OpenRouter budget reached for Test idea: $7.05 of $7.00 spent by this run in that phase. This is AI Inventor's internal l
00:04:50|WARNING|batch attempt 0: {'error': {'code': 'aii_run_budget_exhausted', 'message': "AI Inventor per-run OpenRouter budget reached for Test idea: $7.05 of $7.00 spent by this run in that phase. This is AI Inventor's internal l
00:04:50|WARNING|batch attempt 0: {'error': {'code': 'aii_run_budget_exhausted', 'message': "AI Inventor per-run OpenRouter budget reached for Test idea: $7.05 of $7.00 spent by this run in that phase. This is AI Inventor's internal l
00:04:50|WARNING|batch attempt 0: {'error': {'code': 'aii_run_budget_exhausted', 'message': "AI Inventor per-run OpenRouter budget reached for Test idea: $7.05 of $7.00 spent by this run in that phase. This is AI Inventor's internal l
00:04:50|WARNING|batch attempt 0: {'error': {'code': 'aii_run_budget_exhausted', 'message': "AI Inventor per-run OpenRouter budget reached for Test idea: $7.05 of $7.00 spent by this run in that phase. This is AI Inventor's internal l
00:04:50|WARNING|batch attempt 0: {'error': {'code': 'aii_run_budget_exhausted', 'message': "AI Inventor per-run OpenRouter budget reached for Test idea: $7.05 of $7.00 spent by this run in that phase. This is AI Inventor's internal l
00:04:50|WARNING|batch attempt 0: {'error': {'code': 'aii_run_budget_exhausted', 'message': "AI Inventor per-run OpenRouter budget reached for Test idea: $7.05 of $7.00 spent by this run in that phase. This is AI Inventor's internal l
00:04:50|WARNING|batch attempt 0: {'error': {'code': 'aii_run_budget_exhausted', 'message': "AI Inventor per-run OpenRouter budget reached for Test idea: $7.05 of $7.00 spent by this run in that phase. This is AI Inventor's internal l
00:04:50|WARNING|batch attempt 0: {'error': {'code': 'aii_run_budget_exhausted', 'message': "AI Inventor per-run OpenRouter budget reached for Test idea: $7.05 of $7.00 spent by this run in that phase. This is AI Inventor's internal l
00:04:51|WARNING|batch attempt 0: {'error': {'code': 'aii_run_budget_exhausted', 'message': "AI Inventor per-run OpenRouter budget reached for Test idea: $7.05 of $7.00 spent by this run in that phase. This is AI Inventor's internal l
00:04:51|WARNING|batch attempt 0: {'error': {'code': 'aii_run_budget_exhausted', 'message': "AI Inventor per-run OpenRouter budget reached for Test idea: $7.05 of $7.00 spent by this run in that phase. This is AI Inventor's internal l
00:04:51|WARNING|batch attempt 0: {'error': {'code': 'aii_run_budget_exhausted', 'message': "AI Inventor per-run OpenRouter budget reached for Test idea: $7.05 of $7.00 spent by this run in that phase. This is AI Inventor's internal l
00:04:51|WARNING|batch attempt 0: {'error': {'code': 'aii_run_budget_exhausted', 'message': "AI Inventor per-run OpenRouter budget reached for Test idea: $7.05 of $7.00 spent by this run in that phase. This is AI Inventor's internal l
00:04:51|WARNING|batch attempt 0: {'error': {'code': 'aii_run_budget_exhausted', 'message': "AI Inventor per-run OpenRouter budget reached for Test idea: $7.05 of $7.00 spent by this run in that phase. This is AI Inventor's internal l
00:04:51|WARNING|batch attempt 0: {'error': {'code': 'aii_run_budget_exhausted', 'message': "AI Inventor per-run OpenRouter budget reached for Test idea: $7.05 of $7.00 spent by this run in that phase. This is AI Inventor's internal l
00:04:51|WARNING|batch attempt 0: {'error': {'code': 'aii_run_budget_exhausted', 'message': "AI Inventor per-run OpenRouter budget reached for Test idea: $7.05 of $7.00 spent by this run in that phase. This is AI Inventor's internal l
00:04:51|WARNING|batch attempt 0: {'error': {'code': 'aii_run_budget_exhausted', 'message': "AI Inventor per-run OpenRouter budget reached for Test idea: $7.05 of $7.00 spent by this run in that phase. This is AI Inventor's internal l
00:04:51|WARNING|batch attempt 0: {'error': {'code': 'aii_run_budget_exhausted', 'message': "AI Inventor per-run OpenRouter budget reached for Test idea: $7.05 of $7.00 spent by this run in that phase. This is AI Inventor's internal l
00:04:51|WARNING|batch attempt 0: {'error': {'code': 'aii_run_budget_exhausted', 'message': "AI Inventor per-run OpenRouter budget reached for Test idea: $7.05 of $7.00 spent by this run in that phase. This is AI Inventor's internal l
00:04:51|WARNING|batch attempt 0: {'error': {'code': 'aii_run_budget_exhausted', 'message': "AI Inventor per-run OpenRouter budget reached for Test idea: $7.05 of $7.00 spent by this run in that phase. This is AI Inventor's internal l
00:04:51|WARNING|batch attempt 0: {'error': {'code': 'aii_run_budget_exhausted', 'message': "AI Inventor per-run OpenRouter budget reached for Test idea: $7.05 of $7.00 spent by this run in that phase. This is AI Inventor's internal l
00:04:51|WARNING|batch attempt 0: {'error': {'code': 'aii_run_budget_exhausted', 'message': "AI Inventor per-run OpenRouter budget reached for Test idea: $7.05 of $7.00 spent by this run in that phase. This is AI Inventor's internal l
00:04:52|WARNING|batch attempt 0: {'error': {'code': 'aii_run_budget_exhausted', 'message': "AI Inventor per-run OpenRouter budget reached for Test idea: $7.05 of $7.00 spent by this run in that phase. This is AI Inventor's internal l
00:04:52|WARNING|batch attempt 0: {'error': {'code': 'aii_run_budget_exhausted', 'message': "AI Inventor per-run OpenRouter budget reached for Test idea: $7.05 of $7.00 spent by this run in that phase. This is AI Inventor's internal l
00:04:52|WARNING|batch attempt 0: {'error': {'code': 'aii_run_budget_exhausted', 'message': "AI Inventor per-run OpenRouter budget reached for Test idea: $7.05 of $7.00 spent by this run in that phase. This is AI Inventor's internal l
00:04:52|WARNING|batch attempt 0: {'error': {'code': 'aii_run_budget_exhausted', 'message': "AI Inventor per-run OpenRouter budget reached for Test idea: $7.05 of $7.00 spent by this run in that phase. This is AI Inventor's internal l
00:04:52|WARNING|batch attempt 0: {'error': {'code': 'aii_run_budget_exhausted', 'message': "AI Inventor per-run OpenRouter budget reached for Test idea: $7.05 of $7.00 spent by this run in that phase. This is AI Inventor's internal l
00:04:52|WARNING|batch attempt 0: {'error': {'code': 'aii_run_budget_exhausted', 'message': "AI Inventor per-run OpenRouter budget reached for Test idea: $7.05 of $7.00 spent by this run in that phase. This is AI Inventor's internal l
00:04:52|WARNING|batch attempt 0: {'error': {'code': 'aii_run_budget_exhausted', 'message': "AI Inventor per-run OpenRouter budget reached for Test idea: $7.05 of $7.00 spent by this run in that phase. This is AI Inventor's internal l
00:04:52|WARNING|batch attempt 0: {'error': {'code': 'aii_run_budget_exhausted', 'message': "AI Inventor per-run OpenRouter budget reached for Test idea: $7.05 of $7.00 spent by this run in that phase. This is AI Inventor's internal l
00:04:52|WARNING|batch attempt 0: {'error': {'code': 'aii_run_budget_exhausted', 'message': "AI Inventor per-run OpenRouter budget reached for Test idea: $7.05 of $7.00 spent by this run in that phase. This is AI Inventor's internal l
00:04:52|WARNING|batch attempt 0: {'error': {'code': 'aii_run_budget_exhausted', 'message': "AI Inventor per-run OpenRouter budget reached for Test idea: $7.05 of $7.00 spent by this run in that phase. This is AI Inventor's internal l
00:04:53|WARNING|batch attempt 0: {'error': {'code': 'aii_run_budget_exhausted', 'message': "AI Inventor per-run OpenRouter budget reached for Test idea: $7.05 of $7.00 spent by this run in that phase. This is AI Inventor's internal l
00:04:53|WARNING|batch attempt 0: {'error': {'code': 'aii_run_budget_exhausted', 'message': "AI Inventor per-run OpenRouter budget reached for Test idea: $7.05 of $7.00 spent by this run in that phase. This is AI Inventor's internal l
00:04:53|WARNING|batch attempt 0: {'error': {'code': 'aii_run_budget_exhausted', 'message': "AI Inventor per-run OpenRouter budget reached for Test idea: $7.05 of $7.00 spent by this run in that phase. This is AI Inventor's internal l
00:04:53|WARNING|batch attempt 0: {'error': {'code': 'aii_run_budget_exhausted', 'message': "AI Inventor per-run OpenRouter budget reached for Test idea: $7.05 of $7.00 spent by this run in that phase. This is AI Inventor's internal l
00:04:53|WARNING|batch attempt 0: {'error': {'code': 'aii_run_budget_exhausted', 'message': "AI Inventor per-run OpenRouter budget reached for Test idea: $7.05 of $7.00 spent by this run in that phase. This is AI Inventor's internal l
00:04:53|WARNING|batch attempt 0: {'error': {'code': 'aii_run_budget_exhausted', 'message': "AI Inventor per-run OpenRouter budget reached for Test idea: $7.05 of $7.00 spent by this run in that phase. This is AI Inventor's internal l
00:04:53|WARNING|batch attempt 0: {'error': {'code': 'aii_run_budget_exhausted', 'message': "AI Inventor per-run OpenRouter budget reached for Test idea: $7.05 of $7.00 spent by this run in that phase. This is AI Inventor's internal l
00:04:53|WARNING|batch attempt 0: {'error': {'code': 'aii_run_budget_exhausted', 'message': "AI Inventor per-run OpenRouter budget reached for Test idea: $7.05 of $7.00 spent by this run in that phase. This is AI Inventor's internal l
00:04:53|WARNING|batch attempt 0: {'error': {'code': 'aii_run_budget_exhausted', 'message': "AI Inventor per-run OpenRouter budget reached for Test idea: $7.05 of $7.00 spent by this run in that phase. This is AI Inventor's internal l
00:04:53|WARNING|batch attempt 0: {'error': {'code': 'aii_run_budget_exhausted', 'message': "AI Inventor per-run OpenRouter budget reached for Test idea: $7.05 of $7.00 spent by this run in that phase. This is AI Inventor's internal l
00:04:53|WARNING|batch attempt 0: {'error': {'code': 'aii_run_budget_exhausted', 'message': "AI Inventor per-run OpenRouter budget reached for Test idea: $7.05 of $7.00 spent by this run in that phase. This is AI Inventor's internal l
00:04:53|WARNING|batch attempt 0: {'error': {'code': 'aii_run_budget_exhausted', 'message': "AI Inventor per-run OpenRouter budget reached for Test idea: $7.05 of $7.00 spent by this run in that phase. This is AI Inventor's internal l
00:04:53|WARNING|batch attempt 0: {'error': {'code': 'aii_run_budget_exhausted', 'message': "AI Inventor per-run OpenRouter budget reached for Test idea: $7.05 of $7.00 spent by this run in that phase. This is AI Inventor's internal l
00:04:53|WARNING|batch attempt 0: {'error': {'code': 'aii_run_budget_exhausted', 'message': "AI Inventor per-run OpenRouter budget reached for Test idea: $7.05 of $7.00 spent by this run in that phase. This is AI Inventor's internal l
00:04:53|WARNING|batch attempt 0: {'error': {'code': 'aii_run_budget_exhausted', 'message': "AI Inventor per-run OpenRouter budget reached for Test idea: $7.05 of $7.00 spent by this run in that phase. This is AI Inventor's internal l
00:04:53|WARNING|batch attempt 0: {'error': {'code': 'aii_run_budget_exhausted', 'message': "AI Inventor per-run OpenRouter budget reached for Test idea: $7.05 of $7.00 spent by this run in that phase. This is AI Inventor's internal l
00:04:54|WARNING|batch attempt 0: {'error': {'code': 'aii_run_budget_exhausted', 'message': "AI Inventor per-run OpenRouter budget reached for Test idea: $7.05 of $7.00 spent by this run in that phase. This is AI Inventor's internal l
00:04:54|WARNING|batch attempt 0: {'error': {'code': 'aii_run_budget_exhausted', 'message': "AI Inventor per-run OpenRouter budget reached for Test idea: $7.05 of $7.00 spent by this run in that phase. This is AI Inventor's internal l
00:04:54|WARNING|batch attempt 0: {'error': {'code': 'aii_run_budget_exhausted', 'message': "AI Inventor per-run OpenRouter budget reached for Test idea: $7.05 of $7.00 spent by this run in that phase. This is AI Inventor's internal l
00:04:54|WARNING|batch attempt 0: {'error': {'code': 'aii_run_budget_exhausted', 'message': "AI Inventor per-run OpenRouter budget reached for Test idea: $7.05 of $7.00 spent by this run in that phase. This is AI Inventor's internal l
00:04:54|WARNING|batch attempt 0: {'error': {'code': 'aii_run_budget_exhausted', 'message': "AI Inventor per-run OpenRouter budget reached for Test idea: $7.05 of $7.00 spent by this run in that phase. This is AI Inventor's internal l
00:04:54|WARNING|batch attempt 0: {'error': {'code': 'aii_run_budget_exhausted', 'message': "AI Inventor per-run OpenRouter budget reached for Test idea: $7.05 of $7.00 spent by this run in that phase. This is AI Inventor's internal l
00:04:54|WARNING|batch attempt 0: {'error': {'code': 'aii_run_budget_exhausted', 'message': "AI Inventor per-run OpenRouter budget reached for Test idea: $7.05 of $7.00 spent by this run in that phase. This is AI Inventor's internal l
00:04:54|WARNING|batch attempt 0: {'error': {'code': 'aii_run_budget_exhausted', 'message': "AI Inventor per-run OpenRouter budget reached for Test idea: $7.05 of $7.00 spent by this run in that phase. This is AI Inventor's internal l
00:04:55|WARNING|batch attempt 0: {'error': {'code': 'aii_run_budget_exhausted', 'message': "AI Inventor per-run OpenRouter budget reached for Test idea: $7.05 of $7.00 spent by this run in that phase. This is AI Inventor's internal l
00:04:55|WARNING|batch attempt 0: {'error': {'code': 'aii_run_budget_exhausted', 'message': "AI Inventor per-run OpenRouter budget reached for Test idea: $7.05 of $7.00 spent by this run in that phase. This is AI Inventor's internal l
00:04:55|WARNING|batch attempt 0: {'error': {'code': 'aii_run_budget_exhausted', 'message': "AI Inventor per-run OpenRouter budget reached for Test idea: $7.05 of $7.00 spent by this run in that phase. This is AI Inventor's internal l
00:04:55|WARNING|batch attempt 0: {'error': {'code': 'aii_run_budget_exhausted', 'message': "AI Inventor per-run OpenRouter budget reached for Test idea: $7.05 of $7.00 spent by this run in that phase. This is AI Inventor's internal l
00:04:55|WARNING|batch attempt 0: {'error': {'code': 'aii_run_budget_exhausted', 'message': "AI Inventor per-run OpenRouter budget reached for Test idea: $7.05 of $7.00 spent by this run in that phase. This is AI Inventor's internal l
00:04:55|WARNING|batch attempt 0: {'error': {'code': 'aii_run_budget_exhausted', 'message': "AI Inventor per-run OpenRouter budget reached for Test idea: $7.05 of $7.00 spent by this run in that phase. This is AI Inventor's internal l
00:04:55|WARNING|batch attempt 0: {'error': {'code': 'aii_run_budget_exhausted', 'message': "AI Inventor per-run OpenRouter budget reached for Test idea: $7.05 of $7.00 spent by this run in that phase. This is AI Inventor's internal l
00:04:55|WARNING|batch attempt 0: {'error': {'code': 'aii_run_budget_exhausted', 'message': "AI Inventor per-run OpenRouter budget reached for Test idea: $7.05 of $7.00 spent by this run in that phase. This is AI Inventor's internal l
00:04:56|WARNING|batch attempt 0: {'error': {'code': 'aii_run_budget_exhausted', 'message': "AI Inventor per-run OpenRouter budget reached for Test idea: $7.05 of $7.00 spent by this run in that phase. This is AI Inventor's internal l
00:04:56|WARNING|batch attempt 0: {'error': {'code': 'aii_run_budget_exhausted', 'message': "AI Inventor per-run OpenRouter budget reached for Test idea: $7.05 of $7.00 spent by this run in that phase. This is AI Inventor's internal l
00:04:56|WARNING|batch attempt 0: {'error': {'code': 'aii_run_budget_exhausted', 'message': "AI Inventor per-run OpenRouter budget reached for Test idea: $7.05 of $7.00 spent by this run in that phase. This is AI Inventor's internal l
00:04:56|WARNING|batch attempt 0: {'error': {'code': 'aii_run_budget_exhausted', 'message': "AI Inventor per-run OpenRouter budget reached for Test idea: $7.05 of $7.00 spent by this run in that phase. This is AI Inventor's internal l
00:04:56|WARNING|batch attempt 0: {'error': {'code': 'aii_run_budget_exhausted', 'message': "AI Inventor per-run OpenRouter budget reached for Test idea: $7.05 of $7.00 spent by this run in that phase. This is AI Inventor's internal l
00:04:56|WARNING|batch attempt 0: {'error': {'code': 'aii_run_budget_exhausted', 'message': "AI Inventor per-run OpenRouter budget reached for Test idea: $7.05 of $7.00 spent by this run in that phase. This is AI Inventor's internal l
00:04:56|WARNING|batch attempt 0: {'error': {'code': 'aii_run_budget_exhausted', 'message': "AI Inventor per-run OpenRouter budget reached for Test idea: $7.05 of $7.00 spent by this run in that phase. This is AI Inventor's internal l
00:04:56|WARNING|batch attempt 0: {'error': {'code': 'aii_run_budget_exhausted', 'message': "AI Inventor per-run OpenRouter budget reached for Test idea: $7.05 of $7.00 spent by this run in that phase. This is AI Inventor's internal l
00:04:56|WARNING|batch attempt 0: {'error': {'code': 'aii_run_budget_exhausted', 'message': "AI Inventor per-run OpenRouter budget reached for Test idea: $7.05 of $7.00 spent by this run in that phase. This is AI Inventor's internal l
00:04:56|WARNING|batch attempt 0: {'error': {'code': 'aii_run_budget_exhausted', 'message': "AI Inventor per-run OpenRouter budget reached for Test idea: $7.05 of $7.00 spent by this run in that phase. This is AI Inventor's internal l
00:04:56|WARNING|batch attempt 0: {'error': {'code': 'aii_run_budget_exhausted', 'message': "AI Inventor per-run OpenRouter budget reached for Test idea: $7.05 of $7.00 spent by this run in that phase. This is AI Inventor's internal l
00:04:56|WARNING|batch attempt 0: {'error': {'code': 'aii_run_budget_exhausted', 'message': "AI Inventor per-run OpenRouter budget reached for Test idea: $7.05 of $7.00 spent by this run in that phase. This is AI Inventor's internal l
00:04:56|WARNING|batch attempt 0: {'error': {'code': 'aii_run_budget_exhausted', 'message': "AI Inventor per-run OpenRouter budget reached for Test idea: $7.05 of $7.00 spent by this run in that phase. This is AI Inventor's internal l
00:04:56|WARNING|batch attempt 0: {'error': {'code': 'aii_run_budget_exhausted', 'message': "AI Inventor per-run OpenRouter budget reached for Test idea: $7.05 of $7.00 spent by this run in that phase. This is AI Inventor's internal l
00:04:57|WARNING|batch attempt 0: {'error': {'code': 'aii_run_budget_exhausted', 'message': "AI Inventor per-run OpenRouter budget reached for Test idea: $7.05 of $7.00 spent by this run in that phase. This is AI Inventor's internal l
00:04:57|WARNING|batch attempt 0: {'error': {'code': 'aii_run_budget_exhausted', 'message': "AI Inventor per-run OpenRouter budget reached for Test idea: $7.05 of $7.00 spent by this run in that phase. This is AI Inventor's internal l
00:04:57|WARNING|batch attempt 0: {'error': {'code': 'aii_run_budget_exhausted', 'message': "AI Inventor per-run OpenRouter budget reached for Test idea: $7.05 of $7.00 spent by this run in that phase. This is AI Inventor's internal l
00:04:57|WARNING|batch attempt 0: {'error': {'code': 'aii_run_budget_exhausted', 'message': "AI Inventor per-run OpenRouter budget reached for Test idea: $7.05 of $7.00 spent by this run in that phase. This is AI Inventor's internal l
00:04:57|WARNING|batch attempt 0: {'error': {'code': 'aii_run_budget_exhausted', 'message': "AI Inventor per-run OpenRouter budget reached for Test idea: $7.05 of $7.00 spent by this run in that phase. This is AI Inventor's internal l
00:04:57|WARNING|batch attempt 0: {'error': {'code': 'aii_run_budget_exhausted', 'message': "AI Inventor per-run OpenRouter budget reached for Test idea: $7.05 of $7.00 spent by this run in that phase. This is AI Inventor's internal l
00:04:57|WARNING|batch attempt 0: {'error': {'code': 'aii_run_budget_exhausted', 'message': "AI Inventor per-run OpenRouter budget reached for Test idea: $7.05 of $7.00 spent by this run in that phase. This is AI Inventor's internal l
00:04:57|WARNING|batch attempt 0: {'error': {'code': 'aii_run_budget_exhausted', 'message': "AI Inventor per-run OpenRouter budget reached for Test idea: $7.05 of $7.00 spent by this run in that phase. This is AI Inventor's internal l
00:04:57|WARNING|batch attempt 0: {'error': {'code': 'aii_run_budget_exhausted', 'message': "AI Inventor per-run OpenRouter budget reached for Test idea: $7.05 of $7.00 spent by this run in that phase. This is AI Inventor's internal l
00:04:58|WARNING|batch attempt 0: {'error': {'code': 'aii_run_budget_exhausted', 'message': "AI Inventor per-run OpenRouter budget reached for Test idea: $7.05 of $7.00 spent by this run in that phase. This is AI Inventor's internal l
00:04:58|WARNING|batch attempt 1: {'error': {'code': 'aii_run_budget_exhausted', 'message': "AI Inventor per-run OpenRouter budget reached for Test idea: $7.05 of $7.00 spent by this run in that phase. This is AI Inventor's internal l
00:04:58|WARNING|batch attempt 0: {'error': {'code': 'aii_run_budget_exhausted', 'message': "AI Inventor per-run OpenRouter budget reached for Test idea: $7.05 of $7.00 spent by this run in that phase. This is AI Inventor's internal l
00:04:58|WARNING|batch attempt 1: {'error': {'code': 'aii_run_budget_exhausted', 'message': "AI Inventor per-run OpenRouter budget reached for Test idea: $7.05 of $7.00 spent by this run in that phase. This is AI Inventor's internal l
00:04:58|WARNING|batch attempt 1: {'error': {'code': 'aii_run_budget_exhausted', 'message': "AI Inventor per-run OpenRouter budget reached for Test idea: $7.05 of $7.00 spent by this run in that phase. This is AI Inventor's internal l
00:04:58|WARNING|batch attempt 1: {'error': {'code': 'aii_run_budget_exhausted', 'message': "AI Inventor per-run OpenRouter budget reached for Test idea: $7.05 of $7.00 spent by this run in that phase. This is AI Inventor's internal l
00:04:58|WARNING|batch attempt 1: {'error': {'code': 'aii_run_budget_exhausted', 'message': "AI Inventor per-run OpenRouter budget reached for Test idea: $7.05 of $7.00 spent by this run in that phase. This is AI Inventor's internal l
00:04:58|WARNING|batch attempt 1: {'error': {'code': 'aii_run_budget_exhausted', 'message': "AI Inventor per-run OpenRouter budget reached for Test idea: $7.05 of $7.00 spent by this run in that phase. This is AI Inventor's internal l
00:04:58|WARNING|batch attempt 1: {'error': {'code': 'aii_run_budget_exhausted', 'message': "AI Inventor per-run OpenRouter budget reached for Test idea: $7.05 of $7.00 spent by this run in that phase. This is AI Inventor's internal l
00:04:59|WARNING|batch attempt 1: {'error': {'code': 'aii_run_budget_exhausted', 'message': "AI Inventor per-run OpenRouter budget reached for Test idea: $7.05 of $7.00 spent by this run in that phase. This is AI Inventor's internal l
00:04:59|WARNING|batch attempt 1: {'error': {'code': 'aii_run_budget_exhausted', 'message': "AI Inventor per-run OpenRouter budget reached for Test idea: $7.05 of $7.00 spent by this run in that phase. This is AI Inventor's internal l
00:04:59|WARNING|batch attempt 1: {'error': {'code': 'aii_run_budget_exhausted', 'message': "AI Inventor per-run OpenRouter budget reached for Test idea: $7.05 of $7.00 spent by this run in that phase. This is AI Inventor's internal l
00:04:59|WARNING|batch attempt 1: {'error': {'code': 'aii_run_budget_exhausted', 'message': "AI Inventor per-run OpenRouter budget reached for Test idea: $7.05 of $7.00 spent by this run in that phase. This is AI Inventor's internal l
00:04:59|WARNING|batch attempt 1: {'error': {'code': 'aii_run_budget_exhausted', 'message': "AI Inventor per-run OpenRouter budget reached for Test idea: $7.05 of $7.00 spent by this run in that phase. This is AI Inventor's internal l
00:04:59|WARNING|batch attempt 1: {'error': {'code': 'aii_run_budget_exhausted', 'message': "AI Inventor per-run OpenRouter budget reached for Test idea: $7.05 of $7.00 spent by this run in that phase. This is AI Inventor's internal l
00:04:59|WARNING|batch attempt 1: {'error': {'code': 'aii_run_budget_exhausted', 'message': "AI Inventor per-run OpenRouter budget reached for Test idea: $7.05 of $7.00 spent by this run in that phase. This is AI Inventor's internal l
00:04:59|WARNING|batch attempt 1: {'error': {'code': 'aii_run_budget_exhausted', 'message': "AI Inventor per-run OpenRouter budget reached for Test idea: $7.05 of $7.00 spent by this run in that phase. This is AI Inventor's internal l
00:04:59|WARNING|batch attempt 1: {'error': {'code': 'aii_run_budget_exhausted', 'message': "AI Inventor per-run OpenRouter budget reached for Test idea: $7.05 of $7.00 spent by this run in that phase. This is AI Inventor's internal l
00:04:59|WARNING|batch attempt 1: {'error': {'code': 'aii_run_budget_exhausted', 'message': "AI Inventor per-run OpenRouter budget reached for Test idea: $7.05 of $7.00 spent by this run in that phase. This is AI Inventor's internal l
00:04:59|WARNING|batch attempt 1: {'error': {'code': 'aii_run_budget_exhausted', 'message': "AI Inventor per-run OpenRouter budget reached for Test idea: $7.05 of $7.00 spent by this run in that phase. This is AI Inventor's internal l
00:05:00|WARNING|batch attempt 1: {'error': {'code': 'aii_run_budget_exhausted', 'message': "AI Inventor per-run OpenRouter budget reached for Test idea: $7.05 of $7.00 spent by this run in that phase. This is AI Inventor's internal l
00:05:00|WARNING|batch attempt 1: {'error': {'code': 'aii_run_budget_exhausted', 'message': "AI Inventor per-run OpenRouter budget reached for Test idea: $7.05 of $7.00 spent by this run in that phase. This is AI Inventor's internal l
00:05:00|WARNING|batch attempt 1: {'error': {'code': 'aii_run_budget_exhausted', 'message': "AI Inventor per-run OpenRouter budget reached for Test idea: $7.05 of $7.00 spent by this run in that phase. This is AI Inventor's internal l
00:05:00|WARNING|batch attempt 1: {'error': {'code': 'aii_run_budget_exhausted', 'message': "AI Inventor per-run OpenRouter budget reached for Test idea: $7.05 of $7.00 spent by this run in that phase. This is AI Inventor's internal l
00:05:00|WARNING|batch attempt 1: {'error': {'code': 'aii_run_budget_exhausted', 'message': "AI Inventor per-run OpenRouter budget reached for Test idea: $7.05 of $7.00 spent by this run in that phase. This is AI Inventor's internal l
00:05:00|WARNING|batch attempt 1: {'error': {'code': 'aii_run_budget_exhausted', 'message': "AI Inventor per-run OpenRouter budget reached for Test idea: $7.05 of $7.00 spent by this run in that phase. This is AI Inventor's internal l
00:05:00|WARNING|batch attempt 1: {'error': {'code': 'aii_run_budget_exhausted', 'message': "AI Inventor per-run OpenRouter budget reached for Test idea: $7.05 of $7.00 spent by this run in that phase. This is AI Inventor's internal l
00:05:00|WARNING|batch attempt 1: {'error': {'code': 'aii_run_budget_exhausted', 'message': "AI Inventor per-run OpenRouter budget reached for Test idea: $7.05 of $7.00 spent by this run in that phase. This is AI Inventor's internal l
00:05:00|WARNING|batch attempt 1: {'error': {'code': 'aii_run_budget_exhausted', 'message': "AI Inventor per-run OpenRouter budget reached for Test idea: $7.05 of $7.00 spent by this run in that phase. This is AI Inventor's internal l
00:05:00|WARNING|batch attempt 1: {'error': {'code': 'aii_run_budget_exhausted', 'message': "AI Inventor per-run OpenRouter budget reached for Test idea: $7.05 of $7.00 spent by this run in that phase. This is AI Inventor's internal l
00:05:00|WARNING|batch attempt 1: {'error': {'code': 'aii_run_budget_exhausted', 'message': "AI Inventor per-run OpenRouter budget reached for Test idea: $7.05 of $7.00 spent by this run in that phase. This is AI Inventor's internal l
00:05:00|WARNING|batch attempt 1: {'error': {'code': 'aii_run_budget_exhausted', 'message': "AI Inventor per-run OpenRouter budget reached for Test idea: $7.05 of $7.00 spent by this run in that phase. This is AI Inventor's internal l
00:05:00|WARNING|batch attempt 1: {'error': {'code': 'aii_run_budget_exhausted', 'message': "AI Inventor per-run OpenRouter budget reached for Test idea: $7.05 of $7.00 spent by this run in that phase. This is AI Inventor's internal l
00:05:01|WARNING|batch attempt 1: {'error': {'code': 'aii_run_budget_exhausted', 'message': "AI Inventor per-run OpenRouter budget reached for Test idea: $7.05 of $7.00 spent by this run in that phase. This is AI Inventor's internal l
00:05:01|WARNING|batch attempt 1: {'error': {'code': 'aii_run_budget_exhausted', 'message': "AI Inventor per-run OpenRouter budget reached for Test idea: $7.05 of $7.00 spent by this run in that phase. This is AI Inventor's internal l
00:05:01|WARNING|batch attempt 1: {'error': {'code': 'aii_run_budget_exhausted', 'message': "AI Inventor per-run OpenRouter budget reached for Test idea: $7.05 of $7.00 spent by this run in that phase. This is AI Inventor's internal l
00:05:01|WARNING|batch attempt 1: {'error': {'code': 'aii_run_budget_exhausted', 'message': "AI Inventor per-run OpenRouter budget reached for Test idea: $7.05 of $7.00 spent by this run in that phase. This is AI Inventor's internal l
00:05:01|WARNING|batch attempt 1: {'error': {'code': 'aii_run_budget_exhausted', 'message': "AI Inventor per-run OpenRouter budget reached for Test idea: $7.05 of $7.00 spent by this run in that phase. This is AI Inventor's internal l
00:05:01|WARNING|batch attempt 1: {'error': {'code': 'aii_run_budget_exhausted', 'message': "AI Inventor per-run OpenRouter budget reached for Test idea: $7.05 of $7.00 spent by this run in that phase. This is AI Inventor's internal l
00:05:01|WARNING|batch attempt 1: {'error': {'code': 'aii_run_budget_exhausted', 'message': "AI Inventor per-run OpenRouter budget reached for Test idea: $7.05 of $7.00 spent by this run in that phase. This is AI Inventor's internal l
00:05:01|WARNING|batch attempt 1: {'error': {'code': 'aii_run_budget_exhausted', 'message': "AI Inventor per-run OpenRouter budget reached for Test idea: $7.05 of $7.00 spent by this run in that phase. This is AI Inventor's internal l
00:05:02|WARNING|batch attempt 1: {'error': {'code': 'aii_run_budget_exhausted', 'message': "AI Inventor per-run OpenRouter budget reached for Test idea: $7.05 of $7.00 spent by this run in that phase. This is AI Inventor's internal l
00:05:02|WARNING|batch attempt 1: {'error': {'code': 'aii_run_budget_exhausted', 'message': "AI Inventor per-run OpenRouter budget reached for Test idea: $7.05 of $7.00 spent by this run in that phase. This is AI Inventor's internal l
00:05:02|WARNING|batch attempt 1: {'error': {'code': 'aii_run_budget_exhausted', 'message': "AI Inventor per-run OpenRouter budget reached for Test idea: $7.05 of $7.00 spent by this run in that phase. This is AI Inventor's internal l
00:05:02|WARNING|batch attempt 1: {'error': {'code': 'aii_run_budget_exhausted', 'message': "AI Inventor per-run OpenRouter budget reached for Test idea: $7.05 of $7.00 spent by this run in that phase. This is AI Inventor's internal l
00:05:02|WARNING|batch attempt 1: {'error': {'code': 'aii_run_budget_exhausted', 'message': "AI Inventor per-run OpenRouter budget reached for Test idea: $7.05 of $7.00 spent by this run in that phase. This is AI Inventor's internal l
00:05:02|WARNING|batch attempt 1: {'error': {'code': 'aii_run_budget_exhausted', 'message': "AI Inventor per-run OpenRouter budget reached for Test idea: $7.05 of $7.00 spent by this run in that phase. This is AI Inventor's internal l
00:05:02|WARNING|batch attempt 1: {'error': {'code': 'aii_run_budget_exhausted', 'message': "AI Inventor per-run OpenRouter budget reached for Test idea: $7.05 of $7.00 spent by this run in that phase. This is AI Inventor's internal l
00:05:02|WARNING|batch attempt 1: {'error': {'code': 'aii_run_budget_exhausted', 'message': "AI Inventor per-run OpenRouter budget reached for Test idea: $7.05 of $7.00 spent by this run in that phase. This is AI Inventor's internal l
00:05:03|WARNING|batch attempt 1: {'error': {'code': 'aii_run_budget_exhausted', 'message': "AI Inventor per-run OpenRouter budget reached for Test idea: $7.05 of $7.00 spent by this run in that phase. This is AI Inventor's internal l
00:05:03|WARNING|batch attempt 1: {'error': {'code': 'aii_run_budget_exhausted', 'message': "AI Inventor per-run OpenRouter budget reached for Test idea: $7.05 of $7.00 spent by this run in that phase. This is AI Inventor's internal l
00:05:03|WARNING|batch attempt 1: {'error': {'code': 'aii_run_budget_exhausted', 'message': "AI Inventor per-run OpenRouter budget reached for Test idea: $7.05 of $7.00 spent by this run in that phase. This is AI Inventor's internal l
00:05:03|WARNING|batch attempt 1: {'error': {'code': 'aii_run_budget_exhausted', 'message': "AI Inventor per-run OpenRouter budget reached for Test idea: $7.05 of $7.00 spent by this run in that phase. This is AI Inventor's internal l
00:05:03|WARNING|batch attempt 1: {'error': {'code': 'aii_run_budget_exhausted', 'message': "AI Inventor per-run OpenRouter budget reached for Test idea: $7.05 of $7.00 spent by this run in that phase. This is AI Inventor's internal l
00:05:03|WARNING|batch attempt 1: {'error': {'code': 'aii_run_budget_exhausted', 'message': "AI Inventor per-run OpenRouter budget reached for Test idea: $7.05 of $7.00 spent by this run in that phase. This is AI Inventor's internal l
00:05:03|WARNING|batch attempt 1: {'error': {'code': 'aii_run_budget_exhausted', 'message': "AI Inventor per-run OpenRouter budget reached for Test idea: $7.05 of $7.00 spent by this run in that phase. This is AI Inventor's internal l
00:05:03|WARNING|batch attempt 1: {'error': {'code': 'aii_run_budget_exhausted', 'message': "AI Inventor per-run OpenRouter budget reached for Test idea: $7.05 of $7.00 spent by this run in that phase. This is AI Inventor's internal l
00:05:03|WARNING|batch attempt 1: {'error': {'code': 'aii_run_budget_exhausted', 'message': "AI Inventor per-run OpenRouter budget reached for Test idea: $7.05 of $7.00 spent by this run in that phase. This is AI Inventor's internal l
00:05:03|WARNING|batch attempt 1: {'error': {'code': 'aii_run_budget_exhausted', 'message': "AI Inventor per-run OpenRouter budget reached for Test idea: $7.05 of $7.00 spent by this run in that phase. This is AI Inventor's internal l
00:05:03|WARNING|batch attempt 1: {'error': {'code': 'aii_run_budget_exhausted', 'message': "AI Inventor per-run OpenRouter budget reached for Test idea: $7.05 of $7.00 spent by this run in that phase. This is AI Inventor's internal l
00:05:04|WARNING|batch attempt 1: {'error': {'code': 'aii_run_budget_exhausted', 'message': "AI Inventor per-run OpenRouter budget reached for Test idea: $7.05 of $7.00 spent by this run in that phase. This is AI Inventor's internal l
00:05:04|WARNING|batch attempt 1: {'error': {'code': 'aii_run_budget_exhausted', 'message': "AI Inventor per-run OpenRouter budget reached for Test idea: $7.05 of $7.00 spent by this run in that phase. This is AI Inventor's internal l
00:05:04|WARNING|batch attempt 1: {'error': {'code': 'aii_run_budget_exhausted', 'message': "AI Inventor per-run OpenRouter budget reached for Test idea: $7.05 of $7.00 spent by this run in that phase. This is AI Inventor's internal l
00:05:04|WARNING|batch attempt 1: {'error': {'code': 'aii_run_budget_exhausted', 'message': "AI Inventor per-run OpenRouter budget reached for Test idea: $7.05 of $7.00 spent by this run in that phase. This is AI Inventor's internal l
00:05:04|WARNING|batch attempt 1: {'error': {'code': 'aii_run_budget_exhausted', 'message': "AI Inventor per-run OpenRouter budget reached for Test idea: $7.05 of $7.00 spent by this run in that phase. This is AI Inventor's internal l
00:05:04|WARNING|batch attempt 1: {'error': {'code': 'aii_run_budget_exhausted', 'message': "AI Inventor per-run OpenRouter budget reached for Test idea: $7.05 of $7.00 spent by this run in that phase. This is AI Inventor's internal l
00:05:04|WARNING|batch attempt 1: {'error': {'code': 'aii_run_budget_exhausted', 'message': "AI Inventor per-run OpenRouter budget reached for Test idea: $7.05 of $7.00 spent by this run in that phase. This is AI Inventor's internal l
00:05:04|WARNING|batch attempt 1: {'error': {'code': 'aii_run_budget_exhausted', 'message': "AI Inventor per-run OpenRouter budget reached for Test idea: $7.05 of $7.00 spent by this run in that phase. This is AI Inventor's internal l
00:05:04|WARNING|batch attempt 1: {'error': {'code': 'aii_run_budget_exhausted', 'message': "AI Inventor per-run OpenRouter budget reached for Test idea: $7.05 of $7.00 spent by this run in that phase. This is AI Inventor's internal l
00:05:04|WARNING|batch attempt 1: {'error': {'code': 'aii_run_budget_exhausted', 'message': "AI Inventor per-run OpenRouter budget reached for Test idea: $7.05 of $7.00 spent by this run in that phase. This is AI Inventor's internal l
00:05:04|WARNING|batch attempt 1: {'error': {'code': 'aii_run_budget_exhausted', 'message': "AI Inventor per-run OpenRouter budget reached for Test idea: $7.05 of $7.00 spent by this run in that phase. This is AI Inventor's internal l
00:05:04|WARNING|batch attempt 1: {'error': {'code': 'aii_run_budget_exhausted', 'message': "AI Inventor per-run OpenRouter budget reached for Test idea: $7.05 of $7.00 spent by this run in that phase. This is AI Inventor's internal l
00:05:05|WARNING|batch attempt 1: {'error': {'code': 'aii_run_budget_exhausted', 'message': "AI Inventor per-run OpenRouter budget reached for Test idea: $7.05 of $7.00 spent by this run in that phase. This is AI Inventor's internal l
00:05:05|WARNING|batch attempt 1: {'error': {'code': 'aii_run_budget_exhausted', 'message': "AI Inventor per-run OpenRouter budget reached for Test idea: $7.05 of $7.00 spent by this run in that phase. This is AI Inventor's internal l
00:05:05|WARNING|batch attempt 1: {'error': {'code': 'aii_run_budget_exhausted', 'message': "AI Inventor per-run OpenRouter budget reached for Test idea: $7.05 of $7.00 spent by this run in that phase. This is AI Inventor's internal l
00:05:05|WARNING|batch attempt 1: {'error': {'code': 'aii_run_budget_exhausted', 'message': "AI Inventor per-run OpenRouter budget reached for Test idea: $7.05 of $7.00 spent by this run in that phase. This is AI Inventor's internal l
00:05:05|WARNING|batch attempt 1: {'error': {'code': 'aii_run_budget_exhausted', 'message': "AI Inventor per-run OpenRouter budget reached for Test idea: $7.05 of $7.00 spent by this run in that phase. This is AI Inventor's internal l
00:05:05|WARNING|batch attempt 1: {'error': {'code': 'aii_run_budget_exhausted', 'message': "AI Inventor per-run OpenRouter budget reached for Test idea: $7.05 of $7.00 spent by this run in that phase. This is AI Inventor's internal l
00:05:05|WARNING|batch attempt 1: {'error': {'code': 'aii_run_budget_exhausted', 'message': "AI Inventor per-run OpenRouter budget reached for Test idea: $7.05 of $7.00 spent by this run in that phase. This is AI Inventor's internal l
00:05:05|WARNING|batch attempt 1: {'error': {'code': 'aii_run_budget_exhausted', 'message': "AI Inventor per-run OpenRouter budget reached for Test idea: $7.05 of $7.00 spent by this run in that phase. This is AI Inventor's internal l
00:05:05|WARNING|batch attempt 1: {'error': {'code': 'aii_run_budget_exhausted', 'message': "AI Inventor per-run OpenRouter budget reached for Test idea: $7.05 of $7.00 spent by this run in that phase. This is AI Inventor's internal l
00:05:06|WARNING|batch attempt 1: {'error': {'code': 'aii_run_budget_exhausted', 'message': "AI Inventor per-run OpenRouter budget reached for Test idea: $7.05 of $7.00 spent by this run in that phase. This is AI Inventor's internal l
00:05:06|WARNING|batch attempt 1: {'error': {'code': 'aii_run_budget_exhausted', 'message': "AI Inventor per-run OpenRouter budget reached for Test idea: $7.05 of $7.00 spent by this run in that phase. This is AI Inventor's internal l
00:05:06|WARNING|batch attempt 1: {'error': {'code': 'aii_run_budget_exhausted', 'message': "AI Inventor per-run OpenRouter budget reached for Test idea: $7.05 of $7.00 spent by this run in that phase. This is AI Inventor's internal l
00:05:06|WARNING|batch attempt 1: {'error': {'code': 'aii_run_budget_exhausted', 'message': "AI Inventor per-run OpenRouter budget reached for Test idea: $7.05 of $7.00 spent by this run in that phase. This is AI Inventor's internal l
00:05:06|WARNING|batch attempt 1: {'error': {'code': 'aii_run_budget_exhausted', 'message': "AI Inventor per-run OpenRouter budget reached for Test idea: $7.05 of $7.00 spent by this run in that phase. This is AI Inventor's internal l
00:05:06|WARNING|batch attempt 1: {'error': {'code': 'aii_run_budget_exhausted', 'message': "AI Inventor per-run OpenRouter budget reached for Test idea: $7.05 of $7.00 spent by this run in that phase. This is AI Inventor's internal l
00:05:06|WARNING|batch attempt 1: {'error': {'code': 'aii_run_budget_exhausted', 'message': "AI Inventor per-run OpenRouter budget reached for Test idea: $7.05 of $7.00 spent by this run in that phase. This is AI Inventor's internal l
00:05:06|WARNING|batch attempt 1: {'error': {'code': 'aii_run_budget_exhausted', 'message': "AI Inventor per-run OpenRouter budget reached for Test idea: $7.05 of $7.00 spent by this run in that phase. This is AI Inventor's internal l
00:05:06|WARNING|batch attempt 1: {'error': {'code': 'aii_run_budget_exhausted', 'message': "AI Inventor per-run OpenRouter budget reached for Test idea: $7.05 of $7.00 spent by this run in that phase. This is AI Inventor's internal l
00:05:06|WARNING|batch attempt 1: {'error': {'code': 'aii_run_budget_exhausted', 'message': "AI Inventor per-run OpenRouter budget reached for Test idea: $7.05 of $7.00 spent by this run in that phase. This is AI Inventor's internal l
00:05:07|WARNING|batch attempt 1: {'error': {'code': 'aii_run_budget_exhausted', 'message': "AI Inventor per-run OpenRouter budget reached for Test idea: $7.05 of $7.00 spent by this run in that phase. This is AI Inventor's internal l
00:05:07|WARNING|batch attempt 1: {'error': {'code': 'aii_run_budget_exhausted', 'message': "AI Inventor per-run OpenRouter budget reached for Test idea: $7.05 of $7.00 spent by this run in that phase. This is AI Inventor's internal l
00:05:07|WARNING|batch attempt 1: {'error': {'code': 'aii_run_budget_exhausted', 'message': "AI Inventor per-run OpenRouter budget reached for Test idea: $7.05 of $7.00 spent by this run in that phase. This is AI Inventor's internal l
00:05:07|WARNING|batch attempt 1: {'error': {'code': 'aii_run_budget_exhausted', 'message': "AI Inventor per-run OpenRouter budget reached for Test idea: $7.05 of $7.00 spent by this run in that phase. This is AI Inventor's internal l
00:05:07|WARNING|batch attempt 1: {'error': {'code': 'aii_run_budget_exhausted', 'message': "AI Inventor per-run OpenRouter budget reached for Test idea: $7.05 of $7.00 spent by this run in that phase. This is AI Inventor's internal l
00:05:07|WARNING|batch attempt 1: {'error': {'code': 'aii_run_budget_exhausted', 'message': "AI Inventor per-run OpenRouter budget reached for Test idea: $7.05 of $7.00 spent by this run in that phase. This is AI Inventor's internal l
00:05:07|WARNING|batch attempt 1: {'error': {'code': 'aii_run_budget_exhausted', 'message': "AI Inventor per-run OpenRouter budget reached for Test idea: $7.05 of $7.00 spent by this run in that phase. This is AI Inventor's internal l
00:05:07|WARNING|batch attempt 1: {'error': {'code': 'aii_run_budget_exhausted', 'message': "AI Inventor per-run OpenRouter budget reached for Test idea: $7.05 of $7.00 spent by this run in that phase. This is AI Inventor's internal l
00:05:07|WARNING|batch attempt 1: {'error': {'code': 'aii_run_budget_exhausted', 'message': "AI Inventor per-run OpenRouter budget reached for Test idea: $7.05 of $7.00 spent by this run in that phase. This is AI Inventor's internal l
00:05:07|WARNING|batch attempt 1: {'error': {'code': 'aii_run_budget_exhausted', 'message': "AI Inventor per-run OpenRouter budget reached for Test idea: $7.05 of $7.00 spent by this run in that phase. This is AI Inventor's internal l
00:05:07|WARNING|batch attempt 1: {'error': {'code': 'aii_run_budget_exhausted', 'message': "AI Inventor per-run OpenRouter budget reached for Test idea: $7.05 of $7.00 spent by this run in that phase. This is AI Inventor's internal l
00:05:07|WARNING|batch attempt 1: {'error': {'code': 'aii_run_budget_exhausted', 'message': "AI Inventor per-run OpenRouter budget reached for Test idea: $7.05 of $7.00 spent by this run in that phase. This is AI Inventor's internal l
00:05:07|WARNING|batch attempt 1: {'error': {'code': 'aii_run_budget_exhausted', 'message': "AI Inventor per-run OpenRouter budget reached for Test idea: $7.05 of $7.00 spent by this run in that phase. This is AI Inventor's internal l
00:05:07|WARNING|batch attempt 1: {'error': {'code': 'aii_run_budget_exhausted', 'message': "AI Inventor per-run OpenRouter budget reached for Test idea: $7.05 of $7.00 spent by this run in that phase. This is AI Inventor's internal l
00:05:08|WARNING|batch attempt 1: {'error': {'code': 'aii_run_budget_exhausted', 'message': "AI Inventor per-run OpenRouter budget reached for Test idea: $7.05 of $7.00 spent by this run in that phase. This is AI Inventor's internal l
00:05:08|WARNING|batch attempt 1: {'error': {'code': 'aii_run_budget_exhausted', 'message': "AI Inventor per-run OpenRouter budget reached for Test idea: $7.05 of $7.00 spent by this run in that phase. This is AI Inventor's internal l
00:05:08|WARNING|batch attempt 1: {'error': {'code': 'aii_run_budget_exhausted', 'message': "AI Inventor per-run OpenRouter budget reached for Test idea: $7.05 of $7.00 spent by this run in that phase. This is AI Inventor's internal l
00:05:08|WARNING|batch attempt 1: {'error': {'code': 'aii_run_budget_exhausted', 'message': "AI Inventor per-run OpenRouter budget reached for Test idea: $7.05 of $7.00 spent by this run in that phase. This is AI Inventor's internal l
00:05:08|WARNING|batch attempt 1: {'error': {'code': 'aii_run_budget_exhausted', 'message': "AI Inventor per-run OpenRouter budget reached for Test idea: $7.05 of $7.00 spent by this run in that phase. This is AI Inventor's internal l
00:05:08|WARNING|batch attempt 1: {'error': {'code': 'aii_run_budget_exhausted', 'message': "AI Inventor per-run OpenRouter budget reached for Test idea: $7.05 of $7.00 spent by this run in that phase. This is AI Inventor's internal l
00:05:08|WARNING|batch attempt 1: {'error': {'code': 'aii_run_budget_exhausted', 'message': "AI Inventor per-run OpenRouter budget reached for Test idea: $7.05 of $7.00 spent by this run in that phase. This is AI Inventor's internal l
00:05:08|WARNING|batch attempt 1: {'error': {'code': 'aii_run_budget_exhausted', 'message': "AI Inventor per-run OpenRouter budget reached for Test idea: $7.05 of $7.00 spent by this run in that phase. This is AI Inventor's internal l
00:05:09|WARNING|batch attempt 1: {'error': {'code': 'aii_run_budget_exhausted', 'message': "AI Inventor per-run OpenRouter budget reached for Test idea: $7.05 of $7.00 spent by this run in that phase. This is AI Inventor's internal l
00:05:09|WARNING|batch attempt 1: {'error': {'code': 'aii_run_budget_exhausted', 'message': "AI Inventor per-run OpenRouter budget reached for Test idea: $7.05 of $7.00 spent by this run in that phase. This is AI Inventor's internal l
00:05:09|WARNING|batch attempt 1: {'error': {'code': 'aii_run_budget_exhausted', 'message': "AI Inventor per-run OpenRouter budget reached for Test idea: $7.05 of $7.00 spent by this run in that phase. This is AI Inventor's internal l
00:05:09|WARNING|batch attempt 1: {'error': {'code': 'aii_run_budget_exhausted', 'message': "AI Inventor per-run OpenRouter budget reached for Test idea: $7.05 of $7.00 spent by this run in that phase. This is AI Inventor's internal l
00:05:09|WARNING|batch attempt 1: {'error': {'code': 'aii_run_budget_exhausted', 'message': "AI Inventor per-run OpenRouter budget reached for Test idea: $7.05 of $7.00 spent by this run in that phase. This is AI Inventor's internal l
00:05:09|WARNING|batch attempt 1: {'error': {'code': 'aii_run_budget_exhausted', 'message': "AI Inventor per-run OpenRouter budget reached for Test idea: $7.05 of $7.00 spent by this run in that phase. This is AI Inventor's internal l
00:05:09|WARNING|batch attempt 1: {'error': {'code': 'aii_run_budget_exhausted', 'message': "AI Inventor per-run OpenRouter budget reached for Test idea: $7.05 of $7.00 spent by this run in that phase. This is AI Inventor's internal l
00:05:09|WARNING|batch attempt 1: {'error': {'code': 'aii_run_budget_exhausted', 'message': "AI Inventor per-run OpenRouter budget reached for Test idea: $7.05 of $7.00 spent by this run in that phase. This is AI Inventor's internal l
00:05:09|WARNING|batch attempt 1: {'error': {'code': 'aii_run_budget_exhausted', 'message': "AI Inventor per-run OpenRouter budget reached for Test idea: $7.05 of $7.00 spent by this run in that phase. This is AI Inventor's internal l
00:05:09|WARNING|batch attempt 1: {'error': {'code': 'aii_run_budget_exhausted', 'message': "AI Inventor per-run OpenRouter budget reached for Test idea: $7.05 of $7.00 spent by this run in that phase. This is AI Inventor's internal l
00:05:10|WARNING|batch attempt 1: {'error': {'code': 'aii_run_budget_exhausted', 'message': "AI Inventor per-run OpenRouter budget reached for Test idea: $7.05 of $7.00 spent by this run in that phase. This is AI Inventor's internal l
00:05:10|WARNING|batch attempt 1: {'error': {'code': 'aii_run_budget_exhausted', 'message': "AI Inventor per-run OpenRouter budget reached for Test idea: $7.05 of $7.00 spent by this run in that phase. This is AI Inventor's internal l
00:05:10|WARNING|batch attempt 1: {'error': {'code': 'aii_run_budget_exhausted', 'message': "AI Inventor per-run OpenRouter budget reached for Test idea: $7.05 of $7.00 spent by this run in that phase. This is AI Inventor's internal l
00:05:10|WARNING|batch attempt 1: {'error': {'code': 'aii_run_budget_exhausted', 'message': "AI Inventor per-run OpenRouter budget reached for Test idea: $7.05 of $7.00 spent by this run in that phase. This is AI Inventor's internal l
00:05:10|WARNING|batch attempt 1: {'error': {'code': 'aii_run_budget_exhausted', 'message': "AI Inventor per-run OpenRouter budget reached for Test idea: $7.05 of $7.00 spent by this run in that phase. This is AI Inventor's internal l
00:05:10|WARNING|batch attempt 1: {'error': {'code': 'aii_run_budget_exhausted', 'message': "AI Inventor per-run OpenRouter budget reached for Test idea: $7.05 of $7.00 spent by this run in that phase. This is AI Inventor's internal l
00:05:10|WARNING|batch attempt 1: {'error': {'code': 'aii_run_budget_exhausted', 'message': "AI Inventor per-run OpenRouter budget reached for Test idea: $7.05 of $7.00 spent by this run in that phase. This is AI Inventor's internal l
00:05:10|WARNING|batch attempt 1: {'error': {'code': 'aii_run_budget_exhausted', 'message': "AI Inventor per-run OpenRouter budget reached for Test idea: $7.05 of $7.00 spent by this run in that phase. This is AI Inventor's internal l
00:05:10|WARNING|batch attempt 1: {'error': {'code': 'aii_run_budget_exhausted', 'message': "AI Inventor per-run OpenRouter budget reached for Test idea: $7.05 of $7.00 spent by this run in that phase. This is AI Inventor's internal l
00:05:10|WARNING|batch attempt 1: {'error': {'code': 'aii_run_budget_exhausted', 'message': "AI Inventor per-run OpenRouter budget reached for Test idea: $7.05 of $7.00 spent by this run in that phase. This is AI Inventor's internal l
00:05:10|WARNING|batch attempt 1: {'error': {'code': 'aii_run_budget_exhausted', 'message': "AI Inventor per-run OpenRouter budget reached for Test idea: $7.05 of $7.00 spent by this run in that phase. This is AI Inventor's internal l
00:05:10|WARNING|batch attempt 1: {'error': {'code': 'aii_run_budget_exhausted', 'message': "AI Inventor per-run OpenRouter budget reached for Test idea: $7.05 of $7.00 spent by this run in that phase. This is AI Inventor's internal l
00:05:10|WARNING|batch attempt 1: {'error': {'code': 'aii_run_budget_exhausted', 'message': "AI Inventor per-run OpenRouter budget reached for Test idea: $7.05 of $7.00 spent by this run in that phase. This is AI Inventor's internal l
00:05:10|WARNING|batch attempt 1: {'error': {'code': 'aii_run_budget_exhausted', 'message': "AI Inventor per-run OpenRouter budget reached for Test idea: $7.05 of $7.00 spent by this run in that phase. This is AI Inventor's internal l
00:05:11|WARNING|batch attempt 1: {'error': {'code': 'aii_run_budget_exhausted', 'message': "AI Inventor per-run OpenRouter budget reached for Test idea: $7.05 of $7.00 spent by this run in that phase. This is AI Inventor's internal l
00:05:11|WARNING|batch attempt 1: {'error': {'code': 'aii_run_budget_exhausted', 'message': "AI Inventor per-run OpenRouter budget reached for Test idea: $7.05 of $7.00 spent by this run in that phase. This is AI Inventor's internal l
00:05:11|WARNING|batch attempt 1: {'error': {'code': 'aii_run_budget_exhausted', 'message': "AI Inventor per-run OpenRouter budget reached for Test idea: $7.05 of $7.00 spent by this run in that phase. This is AI Inventor's internal l
00:05:11|WARNING|batch attempt 1: {'error': {'code': 'aii_run_budget_exhausted', 'message': "AI Inventor per-run OpenRouter budget reached for Test idea: $7.05 of $7.00 spent by this run in that phase. This is AI Inventor's internal l
00:05:11|WARNING|batch attempt 1: {'error': {'code': 'aii_run_budget_exhausted', 'message': "AI Inventor per-run OpenRouter budget reached for Test idea: $7.05 of $7.00 spent by this run in that phase. This is AI Inventor's internal l
00:05:11|WARNING|batch attempt 1: {'error': {'code': 'aii_run_budget_exhausted', 'message': "AI Inventor per-run OpenRouter budget reached for Test idea: $7.05 of $7.00 spent by this run in that phase. This is AI Inventor's internal l
00:05:11|WARNING|batch attempt 1: {'error': {'code': 'aii_run_budget_exhausted', 'message': "AI Inventor per-run OpenRouter budget reached for Test idea: $7.05 of $7.00 spent by this run in that phase. This is AI Inventor's internal l
00:05:11|WARNING|batch attempt 1: {'error': {'code': 'aii_run_budget_exhausted', 'message': "AI Inventor per-run OpenRouter budget reached for Test idea: $7.05 of $7.00 spent by this run in that phase. This is AI Inventor's internal l
00:05:11|WARNING|batch attempt 1: {'error': {'code': 'aii_run_budget_exhausted', 'message': "AI Inventor per-run OpenRouter budget reached for Test idea: $7.05 of $7.00 spent by this run in that phase. This is AI Inventor's internal l
00:05:11|WARNING|batch attempt 1: {'error': {'code': 'aii_run_budget_exhausted', 'message': "AI Inventor per-run OpenRouter budget reached for Test idea: $7.05 of $7.00 spent by this run in that phase. This is AI Inventor's internal l
00:05:11|WARNING|batch attempt 1: {'error': {'code': 'aii_run_budget_exhausted', 'message': "AI Inventor per-run OpenRouter budget reached for Test idea: $7.05 of $7.00 spent by this run in that phase. This is AI Inventor's internal l
00:05:12|WARNING|batch attempt 1: {'error': {'code': 'aii_run_budget_exhausted', 'message': "AI Inventor per-run OpenRouter budget reached for Test idea: $7.05 of $7.00 spent by this run in that phase. This is AI Inventor's internal l
00:05:12|WARNING|batch attempt 1: {'error': {'code': 'aii_run_budget_exhausted', 'message': "AI Inventor per-run OpenRouter budget reached for Test idea: $7.05 of $7.00 spent by this run in that phase. This is AI Inventor's internal l
00:05:12|WARNING|batch attempt 1: {'error': {'code': 'aii_run_budget_exhausted', 'message': "AI Inventor per-run OpenRouter budget reached for Test idea: $7.05 of $7.00 spent by this run in that phase. This is AI Inventor's internal l
00:05:12|WARNING|batch attempt 1: {'error': {'code': 'aii_run_budget_exhausted', 'message': "AI Inventor per-run OpenRouter budget reached for Test idea: $7.05 of $7.00 spent by this run in that phase. This is AI Inventor's internal l
00:05:12|WARNING|batch attempt 1: {'error': {'code': 'aii_run_budget_exhausted', 'message': "AI Inventor per-run OpenRouter budget reached for Test idea: $7.05 of $7.00 spent by this run in that phase. This is AI Inventor's internal l
00:05:12|WARNING|batch attempt 1: {'error': {'code': 'aii_run_budget_exhausted', 'message': "AI Inventor per-run OpenRouter budget reached for Test idea: $7.05 of $7.00 spent by this run in that phase. This is AI Inventor's internal l
00:05:12|WARNING|batch attempt 1: {'error': {'code': 'aii_run_budget_exhausted', 'message': "AI Inventor per-run OpenRouter budget reached for Test idea: $7.05 of $7.00 spent by this run in that phase. This is AI Inventor's internal l
00:05:12|WARNING|batch attempt 1: {'error': {'code': 'aii_run_budget_exhausted', 'message': "AI Inventor per-run OpenRouter budget reached for Test idea: $7.05 of $7.00 spent by this run in that phase. This is AI Inventor's internal l
00:05:12|WARNING|batch attempt 1: {'error': {'code': 'aii_run_budget_exhausted', 'message': "AI Inventor per-run OpenRouter budget reached for Test idea: $7.05 of $7.00 spent by this run in that phase. This is AI Inventor's internal l
00:05:12|WARNING|batch attempt 1: {'error': {'code': 'aii_run_budget_exhausted', 'message': "AI Inventor per-run OpenRouter budget reached for Test idea: $7.05 of $7.00 spent by this run in that phase. This is AI Inventor's internal l
00:05:12|WARNING|batch attempt 1: {'error': {'code': 'aii_run_budget_exhausted', 'message': "AI Inventor per-run OpenRouter budget reached for Test idea: $7.05 of $7.00 spent by this run in that phase. This is AI Inventor's internal l
00:05:12|WARNING|batch attempt 1: {'error': {'code': 'aii_run_budget_exhausted', 'message': "AI Inventor per-run OpenRouter budget reached for Test idea: $7.05 of $7.00 spent by this run in that phase. This is AI Inventor's internal l
00:05:12|WARNING|batch attempt 1: {'error': {'code': 'aii_run_budget_exhausted', 'message': "AI Inventor per-run OpenRouter budget reached for Test idea: $7.05 of $7.00 spent by this run in that phase. This is AI Inventor's internal l
00:05:13|WARNING|batch attempt 1: {'error': {'code': 'aii_run_budget_exhausted', 'message': "AI Inventor per-run OpenRouter budget reached for Test idea: $7.05 of $7.00 spent by this run in that phase. This is AI Inventor's internal l
00:05:13|WARNING|batch attempt 1: {'error': {'code': 'aii_run_budget_exhausted', 'message': "AI Inventor per-run OpenRouter budget reached for Test idea: $7.05 of $7.00 spent by this run in that phase. This is AI Inventor's internal l
00:05:13|WARNING|batch attempt 1: {'error': {'code': 'aii_run_budget_exhausted', 'message': "AI Inventor per-run OpenRouter budget reached for Test idea: $7.05 of $7.00 spent by this run in that phase. This is AI Inventor's internal l
00:05:13|WARNING|batch attempt 1: {'error': {'code': 'aii_run_budget_exhausted', 'message': "AI Inventor per-run OpenRouter budget reached for Test idea: $7.05 of $7.00 spent by this run in that phase. This is AI Inventor's internal l
00:05:13|WARNING|batch attempt 1: {'error': {'code': 'aii_run_budget_exhausted', 'message': "AI Inventor per-run OpenRouter budget reached for Test idea: $7.05 of $7.00 spent by this run in that phase. This is AI Inventor's internal l
00:05:13|WARNING|batch attempt 1: {'error': {'code': 'aii_run_budget_exhausted', 'message': "AI Inventor per-run OpenRouter budget reached for Test idea: $7.05 of $7.00 spent by this run in that phase. This is AI Inventor's internal l
00:05:13|WARNING|batch attempt 1: {'error': {'code': 'aii_run_budget_exhausted', 'message': "AI Inventor per-run OpenRouter budget reached for Test idea: $7.05 of $7.00 spent by this run in that phase. This is AI Inventor's internal l
00:05:13|WARNING|batch attempt 1: {'error': {'code': 'aii_run_budget_exhausted', 'message': "AI Inventor per-run OpenRouter budget reached for Test idea: $7.05 of $7.00 spent by this run in that phase. This is AI Inventor's internal l
00:05:13|WARNING|batch attempt 1: {'error': {'code': 'aii_run_budget_exhausted', 'message': "AI Inventor per-run OpenRouter budget reached for Test idea: $7.05 of $7.00 spent by this run in that phase. This is AI Inventor's internal l
00:05:13|WARNING|batch attempt 1: {'error': {'code': 'aii_run_budget_exhausted', 'message': "AI Inventor per-run OpenRouter budget reached for Test idea: $7.05 of $7.00 spent by this run in that phase. This is AI Inventor's internal l
00:05:13|WARNING|batch attempt 1: {'error': {'code': 'aii_run_budget_exhausted', 'message': "AI Inventor per-run OpenRouter budget reached for Test idea: $7.05 of $7.00 spent by this run in that phase. This is AI Inventor's internal l
00:05:14|WARNING|batch attempt 1: {'error': {'code': 'aii_run_budget_exhausted', 'message': "AI Inventor per-run OpenRouter budget reached for Test idea: $7.05 of $7.00 spent by this run in that phase. This is AI Inventor's internal l
00:05:14|WARNING|batch attempt 1: {'error': {'code': 'aii_run_budget_exhausted', 'message': "AI Inventor per-run OpenRouter budget reached for Test idea: $7.05 of $7.00 spent by this run in that phase. This is AI Inventor's internal l
00:05:14|WARNING|batch attempt 2: {'error': {'code': 'aii_run_budget_exhausted', 'message': "AI Inventor per-run OpenRouter budget reached for Test idea: $7.05 of $7.00 spent by this run in that phase. This is AI Inventor's internal l
00:05:14|WARNING|batch attempt 2: {'error': {'code': 'aii_run_budget_exhausted', 'message': "AI Inventor per-run OpenRouter budget reached for Test idea: $7.05 of $7.00 spent by this run in that phase. This is AI Inventor's internal l
00:05:14|WARNING|batch attempt 1: {'error': {'code': 'aii_run_budget_exhausted', 'message': "AI Inventor per-run OpenRouter budget reached for Test idea: $7.05 of $7.00 spent by this run in that phase. This is AI Inventor's internal l
00:05:14|WARNING|batch attempt 2: {'error': {'code': 'aii_run_budget_exhausted', 'message': "AI Inventor per-run OpenRouter budget reached for Test idea: $7.05 of $7.00 spent by this run in that phase. This is AI Inventor's internal l
00:05:14|WARNING|batch attempt 2: {'error': {'code': 'aii_run_budget_exhausted', 'message': "AI Inventor per-run OpenRouter budget reached for Test idea: $7.05 of $7.00 spent by this run in that phase. This is AI Inventor's internal l
00:05:14|WARNING|batch attempt 2: {'error': {'code': 'aii_run_budget_exhausted', 'message': "AI Inventor per-run OpenRouter budget reached for Test idea: $7.05 of $7.00 spent by this run in that phase. This is AI Inventor's internal l
00:05:14|WARNING|batch attempt 2: {'error': {'code': 'aii_run_budget_exhausted', 'message': "AI Inventor per-run OpenRouter budget reached for Test idea: $7.05 of $7.00 spent by this run in that phase. This is AI Inventor's internal l
00:05:14|WARNING|batch attempt 2: {'error': {'code': 'aii_run_budget_exhausted', 'message': "AI Inventor per-run OpenRouter budget reached for Test idea: $7.05 of $7.00 spent by this run in that phase. This is AI Inventor's internal l
00:05:14|WARNING|batch attempt 2: {'error': {'code': 'aii_run_budget_exhausted', 'message': "AI Inventor per-run OpenRouter budget reached for Test idea: $7.05 of $7.00 spent by this run in that phase. This is AI Inventor's internal l
00:05:14|WARNING|batch attempt 2: {'error': {'code': 'aii_run_budget_exhausted', 'message': "AI Inventor per-run OpenRouter budget reached for Test idea: $7.05 of $7.00 spent by this run in that phase. This is AI Inventor's internal l
00:05:14|WARNING|batch attempt 2: {'error': {'code': 'aii_run_budget_exhausted', 'message': "AI Inventor per-run OpenRouter budget reached for Test idea: $7.05 of $7.00 spent by this run in that phase. This is AI Inventor's internal l
00:05:14|WARNING|batch attempt 2: {'error': {'code': 'aii_run_budget_exhausted', 'message': "AI Inventor per-run OpenRouter budget reached for Test idea: $7.05 of $7.00 spent by this run in that phase. This is AI Inventor's internal l
00:05:14|WARNING|batch attempt 2: {'error': {'code': 'aii_run_budget_exhausted', 'message': "AI Inventor per-run OpenRouter budget reached for Test idea: $7.05 of $7.00 spent by this run in that phase. This is AI Inventor's internal l
00:05:14|WARNING|batch attempt 2: {'error': {'code': 'aii_run_budget_exhausted', 'message': "AI Inventor per-run OpenRouter budget reached for Test idea: $7.05 of $7.00 spent by this run in that phase. This is AI Inventor's internal l
00:05:15|WARNING|batch attempt 2: {'error': {'code': 'aii_run_budget_exhausted', 'message': "AI Inventor per-run OpenRouter budget reached for Test idea: $7.05 of $7.00 spent by this run in that phase. This is AI Inventor's internal l
00:05:15|WARNING|batch attempt 2: {'error': {'code': 'aii_run_budget_exhausted', 'message': "AI Inventor per-run OpenRouter budget reached for Test idea: $7.05 of $7.00 spent by this run in that phase. This is AI Inventor's internal l
00:05:15|WARNING|batch attempt 2: {'error': {'code': 'aii_run_budget_exhausted', 'message': "AI Inventor per-run OpenRouter budget reached for Test idea: $7.05 of $7.00 spent by this run in that phase. This is AI Inventor's internal l
00:05:15|WARNING|batch attempt 2: {'error': {'code': 'aii_run_budget_exhausted', 'message': "AI Inventor per-run OpenRouter budget reached for Test idea: $7.05 of $7.00 spent by this run in that phase. This is AI Inventor's internal l
00:05:15|WARNING|batch attempt 2: {'error': {'code': 'aii_run_budget_exhausted', 'message': "AI Inventor per-run OpenRouter budget reached for Test idea: $7.05 of $7.00 spent by this run in that phase. This is AI Inventor's internal l
00:05:15|WARNING|batch attempt 2: {'error': {'code': 'aii_run_budget_exhausted', 'message': "AI Inventor per-run OpenRouter budget reached for Test idea: $7.05 of $7.00 spent by this run in that phase. This is AI Inventor's internal l
00:05:15|WARNING|batch attempt 2: {'error': {'code': 'aii_run_budget_exhausted', 'message': "AI Inventor per-run OpenRouter budget reached for Test idea: $7.05 of $7.00 spent by this run in that phase. This is AI Inventor's internal l
00:05:15|WARNING|batch attempt 2: {'error': {'code': 'aii_run_budget_exhausted', 'message': "AI Inventor per-run OpenRouter budget reached for Test idea: $7.05 of $7.00 spent by this run in that phase. This is AI Inventor's internal l
00:05:15|WARNING|batch attempt 2: {'error': {'code': 'aii_run_budget_exhausted', 'message': "AI Inventor per-run OpenRouter budget reached for Test idea: $7.05 of $7.00 spent by this run in that phase. This is AI Inventor's internal l
00:05:15|WARNING|batch attempt 2: {'error': {'code': 'aii_run_budget_exhausted', 'message': "AI Inventor per-run OpenRouter budget reached for Test idea: $7.05 of $7.00 spent by this run in that phase. This is AI Inventor's internal l
00:05:15|WARNING|batch attempt 2: {'error': {'code': 'aii_run_budget_exhausted', 'message': "AI Inventor per-run OpenRouter budget reached for Test idea: $7.05 of $7.00 spent by this run in that phase. This is AI Inventor's internal l
00:05:15|WARNING|batch attempt 2: {'error': {'code': 'aii_run_budget_exhausted', 'message': "AI Inventor per-run OpenRouter budget reached for Test idea: $7.05 of $7.00 spent by this run in that phase. This is AI Inventor's internal l
00:05:15|WARNING|batch attempt 2: {'error': {'code': 'aii_run_budget_exhausted', 'message': "AI Inventor per-run OpenRouter budget reached for Test idea: $7.05 of $7.00 spent by this run in that phase. This is AI Inventor's internal l
00:05:16|WARNING|batch attempt 2: {'error': {'code': 'aii_run_budget_exhausted', 'message': "AI Inventor per-run OpenRouter budget reached for Test idea: $7.05 of $7.00 spent by this run in that phase. This is AI Inventor's internal l
00:05:16|WARNING|batch attempt 2: {'error': {'code': 'aii_run_budget_exhausted', 'message': "AI Inventor per-run OpenRouter budget reached for Test idea: $7.05 of $7.00 spent by this run in that phase. This is AI Inventor's internal l
00:05:16|WARNING|batch attempt 2: {'error': {'code': 'aii_run_budget_exhausted', 'message': "AI Inventor per-run OpenRouter budget reached for Test idea: $7.05 of $7.00 spent by this run in that phase. This is AI Inventor's internal l
00:05:16|WARNING|batch attempt 2: {'error': {'code': 'aii_run_budget_exhausted', 'message': "AI Inventor per-run OpenRouter budget reached for Test idea: $7.05 of $7.00 spent by this run in that phase. This is AI Inventor's internal l
00:05:16|WARNING|batch attempt 2: {'error': {'code': 'aii_run_budget_exhausted', 'message': "AI Inventor per-run OpenRouter budget reached for Test idea: $7.05 of $7.00 spent by this run in that phase. This is AI Inventor's internal l
00:05:16|WARNING|batch attempt 2: {'error': {'code': 'aii_run_budget_exhausted', 'message': "AI Inventor per-run OpenRouter budget reached for Test idea: $7.05 of $7.00 spent by this run in that phase. This is AI Inventor's internal l
00:05:16|WARNING|batch attempt 2: {'error': {'code': 'aii_run_budget_exhausted', 'message': "AI Inventor per-run OpenRouter budget reached for Test idea: $7.05 of $7.00 spent by this run in that phase. This is AI Inventor's internal l
00:05:16|WARNING|batch attempt 2: {'error': {'code': 'aii_run_budget_exhausted', 'message': "AI Inventor per-run OpenRouter budget reached for Test idea: $7.05 of $7.00 spent by this run in that phase. This is AI Inventor's internal l
00:05:16|WARNING|batch attempt 2: {'error': {'code': 'aii_run_budget_exhausted', 'message': "AI Inventor per-run OpenRouter budget reached for Test idea: $7.05 of $7.00 spent by this run in that phase. This is AI Inventor's internal l
00:05:16|WARNING|batch attempt 2: {'error': {'code': 'aii_run_budget_exhausted', 'message': "AI Inventor per-run OpenRouter budget reached for Test idea: $7.05 of $7.00 spent by this run in that phase. This is AI Inventor's internal l
00:05:16|WARNING|batch attempt 2: {'error': {'code': 'aii_run_budget_exhausted', 'message': "AI Inventor per-run OpenRouter budget reached for Test idea: $7.05 of $7.00 spent by this run in that phase. This is AI Inventor's internal l
00:05:17|WARNING|batch attempt 2: {'error': {'code': 'aii_run_budget_exhausted', 'message': "AI Inventor per-run OpenRouter budget reached for Test idea: $7.05 of $7.00 spent by this run in that phase. This is AI Inventor's internal l
00:05:17|WARNING|batch attempt 2: {'error': {'code': 'aii_run_budget_exhausted', 'message': "AI Inventor per-run OpenRouter budget reached for Test idea: $7.05 of $7.00 spent by this run in that phase. This is AI Inventor's internal l
00:05:17|WARNING|batch attempt 2: {'error': {'code': 'aii_run_budget_exhausted', 'message': "AI Inventor per-run OpenRouter budget reached for Test idea: $7.05 of $7.00 spent by this run in that phase. This is AI Inventor's internal l
00:05:17|WARNING|batch attempt 2: {'error': {'code': 'aii_run_budget_exhausted', 'message': "AI Inventor per-run OpenRouter budget reached for Test idea: $7.05 of $7.00 spent by this run in that phase. This is AI Inventor's internal l
00:05:17|WARNING|batch attempt 2: {'error': {'code': 'aii_run_budget_exhausted', 'message': "AI Inventor per-run OpenRouter budget reached for Test idea: $7.05 of $7.00 spent by this run in that phase. This is AI Inventor's internal l
00:05:17|WARNING|batch attempt 2: {'error': {'code': 'aii_run_budget_exhausted', 'message': "AI Inventor per-run OpenRouter budget reached for Test idea: $7.05 of $7.00 spent by this run in that phase. This is AI Inventor's internal l
00:05:17|WARNING|batch attempt 2: {'error': {'code': 'aii_run_budget_exhausted', 'message': "AI Inventor per-run OpenRouter budget reached for Test idea: $7.05 of $7.00 spent by this run in that phase. This is AI Inventor's internal l
00:05:17|WARNING|batch attempt 2: {'error': {'code': 'aii_run_budget_exhausted', 'message': "AI Inventor per-run OpenRouter budget reached for Test idea: $7.05 of $7.00 spent by this run in that phase. This is AI Inventor's internal l
00:05:17|WARNING|batch attempt 2: {'error': {'code': 'aii_run_budget_exhausted', 'message': "AI Inventor per-run OpenRouter budget reached for Test idea: $7.05 of $7.00 spent by this run in that phase. This is AI Inventor's internal l
00:05:17|WARNING|batch attempt 2: {'error': {'code': 'aii_run_budget_exhausted', 'message': "AI Inventor per-run OpenRouter budget reached for Test idea: $7.05 of $7.00 spent by this run in that phase. This is AI Inventor's internal l
00:05:17|WARNING|batch attempt 2: {'error': {'code': 'aii_run_budget_exhausted', 'message': "AI Inventor per-run OpenRouter budget reached for Test idea: $7.05 of $7.00 spent by this run in that phase. This is AI Inventor's internal l
00:05:17|WARNING|batch attempt 2: {'error': {'code': 'aii_run_budget_exhausted', 'message': "AI Inventor per-run OpenRouter budget reached for Test idea: $7.05 of $7.00 spent by this run in that phase. This is AI Inventor's internal l
00:05:17|WARNING|batch attempt 2: {'error': {'code': 'aii_run_budget_exhausted', 'message': "AI Inventor per-run OpenRouter budget reached for Test idea: $7.05 of $7.00 spent by this run in that phase. This is AI Inventor's internal l
00:05:18|WARNING|batch attempt 2: {'error': {'code': 'aii_run_budget_exhausted', 'message': "AI Inventor per-run OpenRouter budget reached for Test idea: $7.05 of $7.00 spent by this run in that phase. This is AI Inventor's internal l
00:05:18|WARNING|batch attempt 2: {'error': {'code': 'aii_run_budget_exhausted', 'message': "AI Inventor per-run OpenRouter budget reached for Test idea: $7.05 of $7.00 spent by this run in that phase. This is AI Inventor's internal l
00:05:18|WARNING|batch attempt 2: {'error': {'code': 'aii_run_budget_exhausted', 'message': "AI Inventor per-run OpenRouter budget reached for Test idea: $7.05 of $7.00 spent by this run in that phase. This is AI Inventor's internal l
00:05:18|WARNING|batch attempt 2: {'error': {'code': 'aii_run_budget_exhausted', 'message': "AI Inventor per-run OpenRouter budget reached for Test idea: $7.05 of $7.00 spent by this run in that phase. This is AI Inventor's internal l
00:05:18|WARNING|batch attempt 2: {'error': {'code': 'aii_run_budget_exhausted', 'message': "AI Inventor per-run OpenRouter budget reached for Test idea: $7.05 of $7.00 spent by this run in that phase. This is AI Inventor's internal l
00:05:18|WARNING|batch attempt 2: {'error': {'code': 'aii_run_budget_exhausted', 'message': "AI Inventor per-run OpenRouter budget reached for Test idea: $7.05 of $7.00 spent by this run in that phase. This is AI Inventor's internal l
00:05:18|WARNING|batch attempt 2: {'error': {'code': 'aii_run_budget_exhausted', 'message': "AI Inventor per-run OpenRouter budget reached for Test idea: $7.05 of $7.00 spent by this run in that phase. This is AI Inventor's internal l
00:05:18|WARNING|batch attempt 2: {'error': {'code': 'aii_run_budget_exhausted', 'message': "AI Inventor per-run OpenRouter budget reached for Test idea: $7.05 of $7.00 spent by this run in that phase. This is AI Inventor's internal l
00:05:18|WARNING|batch attempt 2: {'error': {'code': 'aii_run_budget_exhausted', 'message': "AI Inventor per-run OpenRouter budget reached for Test idea: $7.05 of $7.00 spent by this run in that phase. This is AI Inventor's internal l
00:05:18|WARNING|batch attempt 2: {'error': {'code': 'aii_run_budget_exhausted', 'message': "AI Inventor per-run OpenRouter budget reached for Test idea: $7.05 of $7.00 spent by this run in that phase. This is AI Inventor's internal l
00:05:18|WARNING|batch attempt 2: {'error': {'code': 'aii_run_budget_exhausted', 'message': "AI Inventor per-run OpenRouter budget reached for Test idea: $7.05 of $7.00 spent by this run in that phase. This is AI Inventor's internal l
00:05:19|WARNING|batch attempt 2: {'error': {'code': 'aii_run_budget_exhausted', 'message': "AI Inventor per-run OpenRouter budget reached for Test idea: $7.05 of $7.00 spent by this run in that phase. This is AI Inventor's internal l
00:05:19|WARNING|batch attempt 2: {'error': {'code': 'aii_run_budget_exhausted', 'message': "AI Inventor per-run OpenRouter budget reached for Test idea: $7.05 of $7.00 spent by this run in that phase. This is AI Inventor's internal l
00:05:19|WARNING|batch attempt 2: {'error': {'code': 'aii_run_budget_exhausted', 'message': "AI Inventor per-run OpenRouter budget reached for Test idea: $7.05 of $7.00 spent by this run in that phase. This is AI Inventor's internal l
00:05:19|WARNING|batch attempt 2: {'error': {'code': 'aii_run_budget_exhausted', 'message': "AI Inventor per-run OpenRouter budget reached for Test idea: $7.05 of $7.00 spent by this run in that phase. This is AI Inventor's internal l
00:05:19|WARNING|batch attempt 2: {'error': {'code': 'aii_run_budget_exhausted', 'message': "AI Inventor per-run OpenRouter budget reached for Test idea: $7.05 of $7.00 spent by this run in that phase. This is AI Inventor's internal l
00:05:19|WARNING|batch attempt 2: {'error': {'code': 'aii_run_budget_exhausted', 'message': "AI Inventor per-run OpenRouter budget reached for Test idea: $7.05 of $7.00 spent by this run in that phase. This is AI Inventor's internal l
00:05:19|WARNING|batch attempt 2: {'error': {'code': 'aii_run_budget_exhausted', 'message': "AI Inventor per-run OpenRouter budget reached for Test idea: $7.05 of $7.00 spent by this run in that phase. This is AI Inventor's internal l
00:05:19|WARNING|batch attempt 2: {'error': {'code': 'aii_run_budget_exhausted', 'message': "AI Inventor per-run OpenRouter budget reached for Test idea: $7.05 of $7.00 spent by this run in that phase. This is AI Inventor's internal l
00:05:20|WARNING|batch attempt 2: {'error': {'code': 'aii_run_budget_exhausted', 'message': "AI Inventor per-run OpenRouter budget reached for Test idea: $7.05 of $7.00 spent by this run in that phase. This is AI Inventor's internal l
00:05:20|WARNING|batch attempt 2: {'error': {'code': 'aii_run_budget_exhausted', 'message': "AI Inventor per-run OpenRouter budget reached for Test idea: $7.05 of $7.00 spent by this run in that phase. This is AI Inventor's internal l
00:05:20|WARNING|batch attempt 2: {'error': {'code': 'aii_run_budget_exhausted', 'message': "AI Inventor per-run OpenRouter budget reached for Test idea: $7.05 of $7.00 spent by this run in that phase. This is AI Inventor's internal l
00:05:20|WARNING|batch attempt 2: {'error': {'code': 'aii_run_budget_exhausted', 'message': "AI Inventor per-run OpenRouter budget reached for Test idea: $7.05 of $7.00 spent by this run in that phase. This is AI Inventor's internal l
00:05:20|WARNING|batch attempt 2: {'error': {'code': 'aii_run_budget_exhausted', 'message': "AI Inventor per-run OpenRouter budget reached for Test idea: $7.05 of $7.00 spent by this run in that phase. This is AI Inventor's internal l
00:05:20|WARNING|batch attempt 2: {'error': {'code': 'aii_run_budget_exhausted', 'message': "AI Inventor per-run OpenRouter budget reached for Test idea: $7.05 of $7.00 spent by this run in that phase. This is AI Inventor's internal l
00:05:20|WARNING|batch attempt 2: {'error': {'code': 'aii_run_budget_exhausted', 'message': "AI Inventor per-run OpenRouter budget reached for Test idea: $7.05 of $7.00 spent by this run in that phase. This is AI Inventor's internal l
00:05:20|WARNING|batch attempt 2: {'error': {'code': 'aii_run_budget_exhausted', 'message': "AI Inventor per-run OpenRouter budget reached for Test idea: $7.05 of $7.00 spent by this run in that phase. This is AI Inventor's internal l
00:05:20|WARNING|batch attempt 2: {'error': {'code': 'aii_run_budget_exhausted', 'message': "AI Inventor per-run OpenRouter budget reached for Test idea: $7.05 of $7.00 spent by this run in that phase. This is AI Inventor's internal l
00:05:20|WARNING|batch attempt 2: {'error': {'code': 'aii_run_budget_exhausted', 'message': "AI Inventor per-run OpenRouter budget reached for Test idea: $7.05 of $7.00 spent by this run in that phase. This is AI Inventor's internal l
00:05:20|WARNING|batch attempt 2: {'error': {'code': 'aii_run_budget_exhausted', 'message': "AI Inventor per-run OpenRouter budget reached for Test idea: $7.05 of $7.00 spent by this run in that phase. This is AI Inventor's internal l
00:05:20|WARNING|batch attempt 2: {'error': {'code': 'aii_run_budget_exhausted', 'message': "AI Inventor per-run OpenRouter budget reached for Test idea: $7.05 of $7.00 spent by this run in that phase. This is AI Inventor's internal l
00:05:20|WARNING|batch attempt 2: {'error': {'code': 'aii_run_budget_exhausted', 'message': "AI Inventor per-run OpenRouter budget reached for Test idea: $7.05 of $7.00 spent by this run in that phase. This is AI Inventor's internal l
00:05:20|WARNING|batch attempt 2: {'error': {'code': 'aii_run_budget_exhausted', 'message': "AI Inventor per-run OpenRouter budget reached for Test idea: $7.05 of $7.00 spent by this run in that phase. This is AI Inventor's internal l
00:05:20|WARNING|batch attempt 2: {'error': {'code': 'aii_run_budget_exhausted', 'message': "AI Inventor per-run OpenRouter budget reached for Test idea: $7.05 of $7.00 spent by this run in that phase. This is AI Inventor's internal l
00:05:20|WARNING|batch attempt 2: {'error': {'code': 'aii_run_budget_exhausted', 'message': "AI Inventor per-run OpenRouter budget reached for Test idea: $7.05 of $7.00 spent by this run in that phase. This is AI Inventor's internal l
00:05:21|WARNING|batch attempt 2: {'error': {'code': 'aii_run_budget_exhausted', 'message': "AI Inventor per-run OpenRouter budget reached for Test idea: $7.05 of $7.00 spent by this run in that phase. This is AI Inventor's internal l
00:05:21|WARNING|batch attempt 2: {'error': {'code': 'aii_run_budget_exhausted', 'message': "AI Inventor per-run OpenRouter budget reached for Test idea: $7.05 of $7.00 spent by this run in that phase. This is AI Inventor's internal l
00:05:21|WARNING|batch attempt 2: {'error': {'code': 'aii_run_budget_exhausted', 'message': "AI Inventor per-run OpenRouter budget reached for Test idea: $7.05 of $7.00 spent by this run in that phase. This is AI Inventor's internal l
00:05:21|WARNING|batch attempt 2: {'error': {'code': 'aii_run_budget_exhausted', 'message': "AI Inventor per-run OpenRouter budget reached for Test idea: $7.05 of $7.00 spent by this run in that phase. This is AI Inventor's internal l
00:05:21|WARNING|batch attempt 2: {'error': {'code': 'aii_run_budget_exhausted', 'message': "AI Inventor per-run OpenRouter budget reached for Test idea: $7.05 of $7.00 spent by this run in that phase. This is AI Inventor's internal l
00:05:21|WARNING|batch attempt 2: {'error': {'code': 'aii_run_budget_exhausted', 'message': "AI Inventor per-run OpenRouter budget reached for Test idea: $7.05 of $7.00 spent by this run in that phase. This is AI Inventor's internal l
00:05:21|WARNING|batch attempt 2: {'error': {'code': 'aii_run_budget_exhausted', 'message': "AI Inventor per-run OpenRouter budget reached for Test idea: $7.05 of $7.00 spent by this run in that phase. This is AI Inventor's internal l
00:05:21|WARNING|batch attempt 2: {'error': {'code': 'aii_run_budget_exhausted', 'message': "AI Inventor per-run OpenRouter budget reached for Test idea: $7.05 of $7.00 spent by this run in that phase. This is AI Inventor's internal l
00:05:22|WARNING|batch attempt 2: {'error': {'code': 'aii_run_budget_exhausted', 'message': "AI Inventor per-run OpenRouter budget reached for Test idea: $7.05 of $7.00 spent by this run in that phase. This is AI Inventor's internal l
00:05:22|WARNING|batch attempt 2: {'error': {'code': 'aii_run_budget_exhausted', 'message': "AI Inventor per-run OpenRouter budget reached for Test idea: $7.05 of $7.00 spent by this run in that phase. This is AI Inventor's internal l
00:05:22|WARNING|batch attempt 2: {'error': {'code': 'aii_run_budget_exhausted', 'message': "AI Inventor per-run OpenRouter budget reached for Test idea: $7.05 of $7.00 spent by this run in that phase. This is AI Inventor's internal l
00:05:22|WARNING|batch attempt 2: {'error': {'code': 'aii_run_budget_exhausted', 'message': "AI Inventor per-run OpenRouter budget reached for Test idea: $7.05 of $7.00 spent by this run in that phase. This is AI Inventor's internal l
00:05:22|WARNING|batch attempt 2: {'error': {'code': 'aii_run_budget_exhausted', 'message': "AI Inventor per-run OpenRouter budget reached for Test idea: $7.05 of $7.00 spent by this run in that phase. This is AI Inventor's internal l
00:05:22|WARNING|batch attempt 2: {'error': {'code': 'aii_run_budget_exhausted', 'message': "AI Inventor per-run OpenRouter budget reached for Test idea: $7.05 of $7.00 spent by this run in that phase. This is AI Inventor's internal l
00:05:22|WARNING|batch attempt 2: {'error': {'code': 'aii_run_budget_exhausted', 'message': "AI Inventor per-run OpenRouter budget reached for Test idea: $7.05 of $7.00 spent by this run in that phase. This is AI Inventor's internal l
00:05:22|WARNING|batch attempt 2: {'error': {'code': 'aii_run_budget_exhausted', 'message': "AI Inventor per-run OpenRouter budget reached for Test idea: $7.05 of $7.00 spent by this run in that phase. This is AI Inventor's internal l
00:05:22|WARNING|batch attempt 2: {'error': {'code': 'aii_run_budget_exhausted', 'message': "AI Inventor per-run OpenRouter budget reached for Test idea: $7.05 of $7.00 spent by this run in that phase. This is AI Inventor's internal l
00:05:22|WARNING|batch attempt 2: {'error': {'code': 'aii_run_budget_exhausted', 'message': "AI Inventor per-run OpenRouter budget reached for Test idea: $7.05 of $7.00 spent by this run in that phase. This is AI Inventor's internal l
00:05:22|WARNING|batch attempt 2: {'error': {'code': 'aii_run_budget_exhausted', 'message': "AI Inventor per-run OpenRouter budget reached for Test idea: $7.05 of $7.00 spent by this run in that phase. This is AI Inventor's internal l
00:05:22|WARNING|batch attempt 2: {'error': {'code': 'aii_run_budget_exhausted', 'message': "AI Inventor per-run OpenRouter budget reached for Test idea: $7.05 of $7.00 spent by this run in that phase. This is AI Inventor's internal l
00:05:23|WARNING|batch attempt 2: {'error': {'code': 'aii_run_budget_exhausted', 'message': "AI Inventor per-run OpenRouter budget reached for Test idea: $7.05 of $7.00 spent by this run in that phase. This is AI Inventor's internal l
00:05:23|WARNING|batch attempt 2: {'error': {'code': 'aii_run_budget_exhausted', 'message': "AI Inventor per-run OpenRouter budget reached for Test idea: $7.05 of $7.00 spent by this run in that phase. This is AI Inventor's internal l
00:05:23|WARNING|batch attempt 2: {'error': {'code': 'aii_run_budget_exhausted', 'message': "AI Inventor per-run OpenRouter budget reached for Test idea: $7.05 of $7.00 spent by this run in that phase. This is AI Inventor's internal l
00:05:23|WARNING|batch attempt 2: {'error': {'code': 'aii_run_budget_exhausted', 'message': "AI Inventor per-run OpenRouter budget reached for Test idea: $7.05 of $7.00 spent by this run in that phase. This is AI Inventor's internal l
00:05:23|WARNING|batch attempt 2: {'error': {'code': 'aii_run_budget_exhausted', 'message': "AI Inventor per-run OpenRouter budget reached for Test idea: $7.05 of $7.00 spent by this run in that phase. This is AI Inventor's internal l
00:05:23|WARNING|batch attempt 2: {'error': {'code': 'aii_run_budget_exhausted', 'message': "AI Inventor per-run OpenRouter budget reached for Test idea: $7.05 of $7.00 spent by this run in that phase. This is AI Inventor's internal l
00:05:23|WARNING|batch attempt 2: {'error': {'code': 'aii_run_budget_exhausted', 'message': "AI Inventor per-run OpenRouter budget reached for Test idea: $7.05 of $7.00 spent by this run in that phase. This is AI Inventor's internal l
00:05:23|WARNING|batch attempt 2: {'error': {'code': 'aii_run_budget_exhausted', 'message': "AI Inventor per-run OpenRouter budget reached for Test idea: $7.05 of $7.00 spent by this run in that phase. This is AI Inventor's internal l
00:05:24|WARNING|batch attempt 2: {'error': {'code': 'aii_run_budget_exhausted', 'message': "AI Inventor per-run OpenRouter budget reached for Test idea: $7.05 of $7.00 spent by this run in that phase. This is AI Inventor's internal l
00:05:24|WARNING|batch attempt 2: {'error': {'code': 'aii_run_budget_exhausted', 'message': "AI Inventor per-run OpenRouter budget reached for Test idea: $7.05 of $7.00 spent by this run in that phase. This is AI Inventor's internal l
00:05:24|WARNING|batch attempt 2: {'error': {'code': 'aii_run_budget_exhausted', 'message': "AI Inventor per-run OpenRouter budget reached for Test idea: $7.05 of $7.00 spent by this run in that phase. This is AI Inventor's internal l
00:05:24|WARNING|batch attempt 2: {'error': {'code': 'aii_run_budget_exhausted', 'message': "AI Inventor per-run OpenRouter budget reached for Test idea: $7.05 of $7.00 spent by this run in that phase. This is AI Inventor's internal l
00:05:24|WARNING|batch attempt 2: {'error': {'code': 'aii_run_budget_exhausted', 'message': "AI Inventor per-run OpenRouter budget reached for Test idea: $7.05 of $7.00 spent by this run in that phase. This is AI Inventor's internal l
00:05:24|WARNING|batch attempt 2: {'error': {'code': 'aii_run_budget_exhausted', 'message': "AI Inventor per-run OpenRouter budget reached for Test idea: $7.05 of $7.00 spent by this run in that phase. This is AI Inventor's internal l
00:05:24|WARNING|batch attempt 2: {'error': {'code': 'aii_run_budget_exhausted', 'message': "AI Inventor per-run OpenRouter budget reached for Test idea: $7.05 of $7.00 spent by this run in that phase. This is AI Inventor's internal l
00:05:24|WARNING|batch attempt 2: {'error': {'code': 'aii_run_budget_exhausted', 'message': "AI Inventor per-run OpenRouter budget reached for Test idea: $7.05 of $7.00 spent by this run in that phase. This is AI Inventor's internal l
00:05:24|WARNING|batch attempt 2: {'error': {'code': 'aii_run_budget_exhausted', 'message': "AI Inventor per-run OpenRouter budget reached for Test idea: $7.05 of $7.00 spent by this run in that phase. This is AI Inventor's internal l
00:05:24|WARNING|batch attempt 2: {'error': {'code': 'aii_run_budget_exhausted', 'message': "AI Inventor per-run OpenRouter budget reached for Test idea: $7.05 of $7.00 spent by this run in that phase. This is AI Inventor's internal l
00:05:24|WARNING|batch attempt 2: {'error': {'code': 'aii_run_budget_exhausted', 'message': "AI Inventor per-run OpenRouter budget reached for Test idea: $7.05 of $7.00 spent by this run in that phase. This is AI Inventor's internal l
00:05:24|WARNING|batch attempt 2: {'error': {'code': 'aii_run_budget_exhausted', 'message': "AI Inventor per-run OpenRouter budget reached for Test idea: $7.05 of $7.00 spent by this run in that phase. This is AI Inventor's internal l
00:05:24|WARNING|batch attempt 2: {'error': {'code': 'aii_run_budget_exhausted', 'message': "AI Inventor per-run OpenRouter budget reached for Test idea: $7.05 of $7.00 spent by this run in that phase. This is AI Inventor's internal l
00:05:24|WARNING|batch attempt 2: {'error': {'code': 'aii_run_budget_exhausted', 'message': "AI Inventor per-run OpenRouter budget reached for Test idea: $7.05 of $7.00 spent by this run in that phase. This is AI Inventor's internal l
00:05:24|WARNING|batch attempt 2: {'error': {'code': 'aii_run_budget_exhausted', 'message': "AI Inventor per-run OpenRouter budget reached for Test idea: $7.05 of $7.00 spent by this run in that phase. This is AI Inventor's internal l
00:05:24|WARNING|batch attempt 2: {'error': {'code': 'aii_run_budget_exhausted', 'message': "AI Inventor per-run OpenRouter budget reached for Test idea: $7.05 of $7.00 spent by this run in that phase. This is AI Inventor's internal l
00:05:25|WARNING|batch attempt 2: {'error': {'code': 'aii_run_budget_exhausted', 'message': "AI Inventor per-run OpenRouter budget reached for Test idea: $7.05 of $7.00 spent by this run in that phase. This is AI Inventor's internal l
00:05:25|WARNING|batch attempt 2: {'error': {'code': 'aii_run_budget_exhausted', 'message': "AI Inventor per-run OpenRouter budget reached for Test idea: $7.05 of $7.00 spent by this run in that phase. This is AI Inventor's internal l
00:05:25|WARNING|batch attempt 2: {'error': {'code': 'aii_run_budget_exhausted', 'message': "AI Inventor per-run OpenRouter budget reached for Test idea: $7.05 of $7.00 spent by this run in that phase. This is AI Inventor's internal l
00:05:25|WARNING|batch attempt 2: {'error': {'code': 'aii_run_budget_exhausted', 'message': "AI Inventor per-run OpenRouter budget reached for Test idea: $7.05 of $7.00 spent by this run in that phase. This is AI Inventor's internal l
00:05:25|WARNING|batch attempt 2: {'error': {'code': 'aii_run_budget_exhausted', 'message': "AI Inventor per-run OpenRouter budget reached for Test idea: $7.05 of $7.00 spent by this run in that phase. This is AI Inventor's internal l
00:05:25|WARNING|batch attempt 2: {'error': {'code': 'aii_run_budget_exhausted', 'message': "AI Inventor per-run OpenRouter budget reached for Test idea: $7.05 of $7.00 spent by this run in that phase. This is AI Inventor's internal l
00:05:25|WARNING|batch attempt 2: {'error': {'code': 'aii_run_budget_exhausted', 'message': "AI Inventor per-run OpenRouter budget reached for Test idea: $7.05 of $7.00 spent by this run in that phase. This is AI Inventor's internal l
00:05:25|WARNING|batch attempt 2: {'error': {'code': 'aii_run_budget_exhausted', 'message': "AI Inventor per-run OpenRouter budget reached for Test idea: $7.05 of $7.00 spent by this run in that phase. This is AI Inventor's internal l
00:05:25|WARNING|batch attempt 2: {'error': {'code': 'aii_run_budget_exhausted', 'message': "AI Inventor per-run OpenRouter budget reached for Test idea: $7.05 of $7.00 spent by this run in that phase. This is AI Inventor's internal l
00:05:26|WARNING|batch attempt 2: {'error': {'code': 'aii_run_budget_exhausted', 'message': "AI Inventor per-run OpenRouter budget reached for Test idea: $7.05 of $7.00 spent by this run in that phase. This is AI Inventor's internal l
00:05:26|WARNING|batch attempt 2: {'error': {'code': 'aii_run_budget_exhausted', 'message': "AI Inventor per-run OpenRouter budget reached for Test idea: $7.05 of $7.00 spent by this run in that phase. This is AI Inventor's internal l
00:05:26|WARNING|batch attempt 2: {'error': {'code': 'aii_run_budget_exhausted', 'message': "AI Inventor per-run OpenRouter budget reached for Test idea: $7.05 of $7.00 spent by this run in that phase. This is AI Inventor's internal l
00:05:26|WARNING|batch attempt 2: {'error': {'code': 'aii_run_budget_exhausted', 'message': "AI Inventor per-run OpenRouter budget reached for Test idea: $7.05 of $7.00 spent by this run in that phase. This is AI Inventor's internal l
00:05:26|WARNING|batch attempt 2: {'error': {'code': 'aii_run_budget_exhausted', 'message': "AI Inventor per-run OpenRouter budget reached for Test idea: $7.05 of $7.00 spent by this run in that phase. This is AI Inventor's internal l
00:05:26|WARNING|batch attempt 2: {'error': {'code': 'aii_run_budget_exhausted', 'message': "AI Inventor per-run OpenRouter budget reached for Test idea: $7.05 of $7.00 spent by this run in that phase. This is AI Inventor's internal l
00:05:26|WARNING|batch attempt 2: {'error': {'code': 'aii_run_budget_exhausted', 'message': "AI Inventor per-run OpenRouter budget reached for Test idea: $7.05 of $7.00 spent by this run in that phase. This is AI Inventor's internal l
00:05:26|WARNING|batch attempt 2: {'error': {'code': 'aii_run_budget_exhausted', 'message': "AI Inventor per-run OpenRouter budget reached for Test idea: $7.05 of $7.00 spent by this run in that phase. This is AI Inventor's internal l
00:05:26|WARNING|batch attempt 2: {'error': {'code': 'aii_run_budget_exhausted', 'message': "AI Inventor per-run OpenRouter budget reached for Test idea: $7.05 of $7.00 spent by this run in that phase. This is AI Inventor's internal l
00:05:26|WARNING|batch attempt 2: {'error': {'code': 'aii_run_budget_exhausted', 'message': "AI Inventor per-run OpenRouter budget reached for Test idea: $7.05 of $7.00 spent by this run in that phase. This is AI Inventor's internal l
00:05:26|WARNING|batch attempt 2: {'error': {'code': 'aii_run_budget_exhausted', 'message': "AI Inventor per-run OpenRouter budget reached for Test idea: $7.05 of $7.00 spent by this run in that phase. This is AI Inventor's internal l
00:05:27|WARNING|batch attempt 2: {'error': {'code': 'aii_run_budget_exhausted', 'message': "AI Inventor per-run OpenRouter budget reached for Test idea: $7.05 of $7.00 spent by this run in that phase. This is AI Inventor's internal l
00:05:27|WARNING|batch attempt 2: {'error': {'code': 'aii_run_budget_exhausted', 'message': "AI Inventor per-run OpenRouter budget reached for Test idea: $7.05 of $7.00 spent by this run in that phase. This is AI Inventor's internal l
00:05:27|WARNING|batch attempt 2: {'error': {'code': 'aii_run_budget_exhausted', 'message': "AI Inventor per-run OpenRouter budget reached for Test idea: $7.05 of $7.00 spent by this run in that phase. This is AI Inventor's internal l
00:05:27|WARNING|batch attempt 2: {'error': {'code': 'aii_run_budget_exhausted', 'message': "AI Inventor per-run OpenRouter budget reached for Test idea: $7.05 of $7.00 spent by this run in that phase. This is AI Inventor's internal l
00:05:27|WARNING|batch attempt 2: {'error': {'code': 'aii_run_budget_exhausted', 'message': "AI Inventor per-run OpenRouter budget reached for Test idea: $7.05 of $7.00 spent by this run in that phase. This is AI Inventor's internal l
00:05:27|WARNING|batch attempt 2: {'error': {'code': 'aii_run_budget_exhausted', 'message': "AI Inventor per-run OpenRouter budget reached for Test idea: $7.05 of $7.00 spent by this run in that phase. This is AI Inventor's internal l
00:05:27|WARNING|batch attempt 2: {'error': {'code': 'aii_run_budget_exhausted', 'message': "AI Inventor per-run OpenRouter budget reached for Test idea: $7.05 of $7.00 spent by this run in that phase. This is AI Inventor's internal l
00:05:27|WARNING|batch attempt 2: {'error': {'code': 'aii_run_budget_exhausted', 'message': "AI Inventor per-run OpenRouter budget reached for Test idea: $7.05 of $7.00 spent by this run in that phase. This is AI Inventor's internal l
00:05:27|WARNING|batch attempt 2: {'error': {'code': 'aii_run_budget_exhausted', 'message': "AI Inventor per-run OpenRouter budget reached for Test idea: $7.05 of $7.00 spent by this run in that phase. This is AI Inventor's internal l
00:05:27|WARNING|batch attempt 2: {'error': {'code': 'aii_run_budget_exhausted', 'message': "AI Inventor per-run OpenRouter budget reached for Test idea: $7.05 of $7.00 spent by this run in that phase. This is AI Inventor's internal l
00:05:27|WARNING|batch attempt 2: {'error': {'code': 'aii_run_budget_exhausted', 'message': "AI Inventor per-run OpenRouter budget reached for Test idea: $7.05 of $7.00 spent by this run in that phase. This is AI Inventor's internal l
00:05:27|WARNING|batch attempt 2: {'error': {'code': 'aii_run_budget_exhausted', 'message': "AI Inventor per-run OpenRouter budget reached for Test idea: $7.05 of $7.00 spent by this run in that phase. This is AI Inventor's internal l
00:05:27|WARNING|batch attempt 2: {'error': {'code': 'aii_run_budget_exhausted', 'message': "AI Inventor per-run OpenRouter budget reached for Test idea: $7.05 of $7.00 spent by this run in that phase. This is AI Inventor's internal l
00:05:27|WARNING|batch attempt 2: {'error': {'code': 'aii_run_budget_exhausted', 'message': "AI Inventor per-run OpenRouter budget reached for Test idea: $7.05 of $7.00 spent by this run in that phase. This is AI Inventor's internal l
00:05:27|WARNING|batch attempt 2: {'error': {'code': 'aii_run_budget_exhausted', 'message': "AI Inventor per-run OpenRouter budget reached for Test idea: $7.05 of $7.00 spent by this run in that phase. This is AI Inventor's internal l
00:05:27|WARNING|batch attempt 2: {'error': {'code': 'aii_run_budget_exhausted', 'message': "AI Inventor per-run OpenRouter budget reached for Test idea: $7.05 of $7.00 spent by this run in that phase. This is AI Inventor's internal l
00:05:27|WARNING|batch attempt 2: {'error': {'code': 'aii_run_budget_exhausted', 'message': "AI Inventor per-run OpenRouter budget reached for Test idea: $7.05 of $7.00 spent by this run in that phase. This is AI Inventor's internal l
00:05:27|WARNING|batch attempt 2: {'error': {'code': 'aii_run_budget_exhausted', 'message': "AI Inventor per-run OpenRouter budget reached for Test idea: $7.05 of $7.00 spent by this run in that phase. This is AI Inventor's internal l
00:05:27|WARNING|batch attempt 2: {'error': {'code': 'aii_run_budget_exhausted', 'message': "AI Inventor per-run OpenRouter budget reached for Test idea: $7.05 of $7.00 spent by this run in that phase. This is AI Inventor's internal l
00:05:27|WARNING|batch attempt 2: {'error': {'code': 'aii_run_budget_exhausted', 'message': "AI Inventor per-run OpenRouter budget reached for Test idea: $7.05 of $7.00 spent by this run in that phase. This is AI Inventor's internal l
00:05:27|WARNING|batch attempt 2: {'error': {'code': 'aii_run_budget_exhausted', 'message': "AI Inventor per-run OpenRouter budget reached for Test idea: $7.05 of $7.00 spent by this run in that phase. This is AI Inventor's internal l
00:05:27|WARNING|batch attempt 2: {'error': {'code': 'aii_run_budget_exhausted', 'message': "AI Inventor per-run OpenRouter budget reached for Test idea: $7.05 of $7.00 spent by this run in that phase. This is AI Inventor's internal l
00:05:28|WARNING|batch attempt 2: {'error': {'code': 'aii_run_budget_exhausted', 'message': "AI Inventor per-run OpenRouter budget reached for Test idea: $7.05 of $7.00 spent by this run in that phase. This is AI Inventor's internal l
00:05:28|WARNING|batch attempt 2: {'error': {'code': 'aii_run_budget_exhausted', 'message': "AI Inventor per-run OpenRouter budget reached for Test idea: $7.05 of $7.00 spent by this run in that phase. This is AI Inventor's internal l
00:05:28|WARNING|batch attempt 3: {'error': {'code': 'aii_run_budget_exhausted', 'message': "AI Inventor per-run OpenRouter budget reached for Test idea: $7.05 of $7.00 spent by this run in that phase. This is AI Inventor's internal l
00:05:28|WARNING|batch attempt 3: {'error': {'code': 'aii_run_budget_exhausted', 'message': "AI Inventor per-run OpenRouter budget reached for Test idea: $7.05 of $7.00 spent by this run in that phase. This is AI Inventor's internal l
00:05:28|WARNING|batch attempt 3: {'error': {'code': 'aii_run_budget_exhausted', 'message': "AI Inventor per-run OpenRouter budget reached for Test idea: $7.05 of $7.00 spent by this run in that phase. This is AI Inventor's internal l
00:05:28|WARNING|batch attempt 3: {'error': {'code': 'aii_run_budget_exhausted', 'message': "AI Inventor per-run OpenRouter budget reached for Test idea: $7.05 of $7.00 spent by this run in that phase. This is AI Inventor's internal l
00:05:28|WARNING|batch attempt 3: {'error': {'code': 'aii_run_budget_exhausted', 'message': "AI Inventor per-run OpenRouter budget reached for Test idea: $7.05 of $7.00 spent by this run in that phase. This is AI Inventor's internal l
00:05:28|WARNING|batch attempt 3: {'error': {'code': 'aii_run_budget_exhausted', 'message': "AI Inventor per-run OpenRouter budget reached for Test idea: $7.05 of $7.00 spent by this run in that phase. This is AI Inventor's internal l
00:05:28|WARNING|batch attempt 3: {'error': {'code': 'aii_run_budget_exhausted', 'message': "AI Inventor per-run OpenRouter budget reached for Test idea: $7.05 of $7.00 spent by this run in that phase. This is AI Inventor's internal l
00:05:28|WARNING|batch attempt 3: {'error': {'code': 'aii_run_budget_exhausted', 'message': "AI Inventor per-run OpenRouter budget reached for Test idea: $7.05 of $7.00 spent by this run in that phase. This is AI Inventor's internal l
00:05:28|WARNING|batch attempt 3: {'error': {'code': 'aii_run_budget_exhausted', 'message': "AI Inventor per-run OpenRouter budget reached for Test idea: $7.05 of $7.00 spent by this run in that phase. This is AI Inventor's internal l
00:05:28|WARNING|batch attempt 3: {'error': {'code': 'aii_run_budget_exhausted', 'message': "AI Inventor per-run OpenRouter budget reached for Test idea: $7.05 of $7.00 spent by this run in that phase. This is AI Inventor's internal l
00:05:28|WARNING|batch attempt 3: {'error': {'code': 'aii_run_budget_exhausted', 'message': "AI Inventor per-run OpenRouter budget reached for Test idea: $7.05 of $7.00 spent by this run in that phase. This is AI Inventor's internal l
00:05:29|WARNING|batch attempt 3: {'error': {'code': 'aii_run_budget_exhausted', 'message': "AI Inventor per-run OpenRouter budget reached for Test idea: $7.05 of $7.00 spent by this run in that phase. This is AI Inventor's internal l
00:05:29|WARNING|batch attempt 3: {'error': {'code': 'aii_run_budget_exhausted', 'message': "AI Inventor per-run OpenRouter budget reached for Test idea: $7.05 of $7.00 spent by this run in that phase. This is AI Inventor's internal l
00:05:29|WARNING|batch attempt 3: {'error': {'code': 'aii_run_budget_exhausted', 'message': "AI Inventor per-run OpenRouter budget reached for Test idea: $7.05 of $7.00 spent by this run in that phase. This is AI Inventor's internal l
00:05:29|WARNING|batch attempt 3: {'error': {'code': 'aii_run_budget_exhausted', 'message': "AI Inventor per-run OpenRouter budget reached for Test idea: $7.05 of $7.00 spent by this run in that phase. This is AI Inventor's internal l
00:05:29|WARNING|batch attempt 3: {'error': {'code': 'aii_run_budget_exhausted', 'message': "AI Inventor per-run OpenRouter budget reached for Test idea: $7.05 of $7.00 spent by this run in that phase. This is AI Inventor's internal l
00:05:29|WARNING|batch attempt 3: {'error': {'code': 'aii_run_budget_exhausted', 'message': "AI Inventor per-run OpenRouter budget reached for Test idea: $7.05 of $7.00 spent by this run in that phase. This is AI Inventor's internal l
00:05:29|WARNING|batch attempt 3: {'error': {'code': 'aii_run_budget_exhausted', 'message': "AI Inventor per-run OpenRouter budget reached for Test idea: $7.05 of $7.00 spent by this run in that phase. This is AI Inventor's internal l
00:05:29|WARNING|batch attempt 3: {'error': {'code': 'aii_run_budget_exhausted', 'message': "AI Inventor per-run OpenRouter budget reached for Test idea: $7.05 of $7.00 spent by this run in that phase. This is AI Inventor's internal l
00:05:30|WARNING|batch attempt 3: {'error': {'code': 'aii_run_budget_exhausted', 'message': "AI Inventor per-run OpenRouter budget reached for Test idea: $7.05 of $7.00 spent by this run in that phase. This is AI Inventor's internal l
00:05:30|WARNING|batch attempt 3: {'error': {'code': 'aii_run_budget_exhausted', 'message': "AI Inventor per-run OpenRouter budget reached for Test idea: $7.05 of $7.00 spent by this run in that phase. This is AI Inventor's internal l
00:05:30|WARNING|batch attempt 3: {'error': {'code': 'aii_run_budget_exhausted', 'message': "AI Inventor per-run OpenRouter budget reached for Test idea: $7.05 of $7.00 spent by this run in that phase. This is AI Inventor's internal l
00:05:30|WARNING|batch attempt 3: {'error': {'code': 'aii_run_budget_exhausted', 'message': "AI Inventor per-run OpenRouter budget reached for Test idea: $7.05 of $7.00 spent by this run in that phase. This is AI Inventor's internal l
00:05:30|WARNING|batch attempt 3: {'error': {'code': 'aii_run_budget_exhausted', 'message': "AI Inventor per-run OpenRouter budget reached for Test idea: $7.05 of $7.00 spent by this run in that phase. This is AI Inventor's internal l
00:05:30|WARNING|batch attempt 3: {'error': {'code': 'aii_run_budget_exhausted', 'message': "AI Inventor per-run OpenRouter budget reached for Test idea: $7.05 of $7.00 spent by this run in that phase. This is AI Inventor's internal l
00:05:30|WARNING|batch attempt 3: {'error': {'code': 'aii_run_budget_exhausted', 'message': "AI Inventor per-run OpenRouter budget reached for Test idea: $7.05 of $7.00 spent by this run in that phase. This is AI Inventor's internal l
00:05:30|WARNING|batch attempt 3: {'error': {'code': 'aii_run_budget_exhausted', 'message': "AI Inventor per-run OpenRouter budget reached for Test idea: $7.05 of $7.00 spent by this run in that phase. This is AI Inventor's internal l
00:05:30|WARNING|batch attempt 3: {'error': {'code': 'aii_run_budget_exhausted', 'message': "AI Inventor per-run OpenRouter budget reached for Test idea: $7.05 of $7.00 spent by this run in that phase. This is AI Inventor's internal l
00:05:30|WARNING|batch attempt 3: {'error': {'code': 'aii_run_budget_exhausted', 'message': "AI Inventor per-run OpenRouter budget reached for Test idea: $7.05 of $7.00 spent by this run in that phase. This is AI Inventor's internal l
00:05:30|WARNING|batch attempt 3: {'error': {'code': 'aii_run_budget_exhausted', 'message': "AI Inventor per-run OpenRouter budget reached for Test idea: $7.05 of $7.00 spent by this run in that phase. This is AI Inventor's internal l
00:05:31|WARNING|batch attempt 3: {'error': {'code': 'aii_run_budget_exhausted', 'message': "AI Inventor per-run OpenRouter budget reached for Test idea: $7.05 of $7.00 spent by this run in that phase. This is AI Inventor's internal l
00:05:31|WARNING|batch attempt 3: {'error': {'code': 'aii_run_budget_exhausted', 'message': "AI Inventor per-run OpenRouter budget reached for Test idea: $7.05 of $7.00 spent by this run in that phase. This is AI Inventor's internal l
00:05:31|WARNING|batch attempt 3: {'error': {'code': 'aii_run_budget_exhausted', 'message': "AI Inventor per-run OpenRouter budget reached for Test idea: $7.05 of $7.00 spent by this run in that phase. This is AI Inventor's internal l
00:05:31|WARNING|batch attempt 3: {'error': {'code': 'aii_run_budget_exhausted', 'message': "AI Inventor per-run OpenRouter budget reached for Test idea: $7.05 of $7.00 spent by this run in that phase. This is AI Inventor's internal l
00:05:31|WARNING|batch attempt 3: {'error': {'code': 'aii_run_budget_exhausted', 'message': "AI Inventor per-run OpenRouter budget reached for Test idea: $7.05 of $7.00 spent by this run in that phase. This is AI Inventor's internal l
00:05:31|WARNING|batch attempt 3: {'error': {'code': 'aii_run_budget_exhausted', 'message': "AI Inventor per-run OpenRouter budget reached for Test idea: $7.05 of $7.00 spent by this run in that phase. This is AI Inventor's internal l
00:05:31|WARNING|batch attempt 3: {'error': {'code': 'aii_run_budget_exhausted', 'message': "AI Inventor per-run OpenRouter budget reached for Test idea: $7.05 of $7.00 spent by this run in that phase. This is AI Inventor's internal l
00:05:31|WARNING|batch attempt 3: {'error': {'code': 'aii_run_budget_exhausted', 'message': "AI Inventor per-run OpenRouter budget reached for Test idea: $7.05 of $7.00 spent by this run in that phase. This is AI Inventor's internal l
00:05:31|WARNING|batch attempt 3: {'error': {'code': 'aii_run_budget_exhausted', 'message': "AI Inventor per-run OpenRouter budget reached for Test idea: $7.05 of $7.00 spent by this run in that phase. This is AI Inventor's internal l
00:05:31|WARNING|batch attempt 3: {'error': {'code': 'aii_run_budget_exhausted', 'message': "AI Inventor per-run OpenRouter budget reached for Test idea: $7.05 of $7.00 spent by this run in that phase. This is AI Inventor's internal l
00:05:31|WARNING|batch attempt 3: {'error': {'code': 'aii_run_budget_exhausted', 'message': "AI Inventor per-run OpenRouter budget reached for Test idea: $7.05 of $7.00 spent by this run in that phase. This is AI Inventor's internal l
00:05:31|WARNING|batch attempt 3: {'error': {'code': 'aii_run_budget_exhausted', 'message': "AI Inventor per-run OpenRouter budget reached for Test idea: $7.05 of $7.00 spent by this run in that phase. This is AI Inventor's internal l
00:05:31|WARNING|batch attempt 3: {'error': {'code': 'aii_run_budget_exhausted', 'message': "AI Inventor per-run OpenRouter budget reached for Test idea: $7.05 of $7.00 spent by this run in that phase. This is AI Inventor's internal l
00:05:31|WARNING|batch attempt 3: {'error': {'code': 'aii_run_budget_exhausted', 'message': "AI Inventor per-run OpenRouter budget reached for Test idea: $7.05 of $7.00 spent by this run in that phase. This is AI Inventor's internal l
00:05:31|WARNING|batch attempt 3: {'error': {'code': 'aii_run_budget_exhausted', 'message': "AI Inventor per-run OpenRouter budget reached for Test idea: $7.05 of $7.00 spent by this run in that phase. This is AI Inventor's internal l
00:05:31|WARNING|batch attempt 3: {'error': {'code': 'aii_run_budget_exhausted', 'message': "AI Inventor per-run OpenRouter budget reached for Test idea: $7.05 of $7.00 spent by this run in that phase. This is AI Inventor's internal l
00:05:32|WARNING|batch attempt 3: {'error': {'code': 'aii_run_budget_exhausted', 'message': "AI Inventor per-run OpenRouter budget reached for Test idea: $7.05 of $7.00 spent by this run in that phase. This is AI Inventor's internal l
00:05:32|WARNING|batch attempt 3: {'error': {'code': 'aii_run_budget_exhausted', 'message': "AI Inventor per-run OpenRouter budget reached for Test idea: $7.05 of $7.00 spent by this run in that phase. This is AI Inventor's internal l
00:05:32|WARNING|batch attempt 3: {'error': {'code': 'aii_run_budget_exhausted', 'message': "AI Inventor per-run OpenRouter budget reached for Test idea: $7.05 of $7.00 spent by this run in that phase. This is AI Inventor's internal l
00:05:32|WARNING|batch attempt 3: {'error': {'code': 'aii_run_budget_exhausted', 'message': "AI Inventor per-run OpenRouter budget reached for Test idea: $7.05 of $7.00 spent by this run in that phase. This is AI Inventor's internal l
00:05:32|WARNING|batch attempt 3: {'error': {'code': 'aii_run_budget_exhausted', 'message': "AI Inventor per-run OpenRouter budget reached for Test idea: $7.05 of $7.00 spent by this run in that phase. This is AI Inventor's internal l
00:05:32|WARNING|batch attempt 3: {'error': {'code': 'aii_run_budget_exhausted', 'message': "AI Inventor per-run OpenRouter budget reached for Test idea: $7.05 of $7.00 spent by this run in that phase. This is AI Inventor's internal l
00:05:32|WARNING|batch attempt 3: {'error': {'code': 'aii_run_budget_exhausted', 'message': "AI Inventor per-run OpenRouter budget reached for Test idea: $7.05 of $7.00 spent by this run in that phase. This is AI Inventor's internal l
00:05:32|WARNING|batch attempt 3: {'error': {'code': 'aii_run_budget_exhausted', 'message': "AI Inventor per-run OpenRouter budget reached for Test idea: $7.05 of $7.00 spent by this run in that phase. This is AI Inventor's internal l
00:05:32|WARNING|batch attempt 3: {'error': {'code': 'aii_run_budget_exhausted', 'message': "AI Inventor per-run OpenRouter budget reached for Test idea: $7.05 of $7.00 spent by this run in that phase. This is AI Inventor's internal l
00:05:32|WARNING|batch attempt 3: {'error': {'code': 'aii_run_budget_exhausted', 'message': "AI Inventor per-run OpenRouter budget reached for Test idea: $7.05 of $7.00 spent by this run in that phase. This is AI Inventor's internal l
00:05:32|WARNING|batch attempt 3: {'error': {'code': 'aii_run_budget_exhausted', 'message': "AI Inventor per-run OpenRouter budget reached for Test idea: $7.05 of $7.00 spent by this run in that phase. This is AI Inventor's internal l
00:05:32|WARNING|batch attempt 3: {'error': {'code': 'aii_run_budget_exhausted', 'message': "AI Inventor per-run OpenRouter budget reached for Test idea: $7.05 of $7.00 spent by this run in that phase. This is AI Inventor's internal l
00:05:33|WARNING|batch attempt 3: {'error': {'code': 'aii_run_budget_exhausted', 'message': "AI Inventor per-run OpenRouter budget reached for Test idea: $7.05 of $7.00 spent by this run in that phase. This is AI Inventor's internal l
00:05:33|WARNING|batch attempt 3: {'error': {'code': 'aii_run_budget_exhausted', 'message': "AI Inventor per-run OpenRouter budget reached for Test idea: $7.05 of $7.00 spent by this run in that phase. This is AI Inventor's internal l
00:05:33|WARNING|batch attempt 3: {'error': {'code': 'aii_run_budget_exhausted', 'message': "AI Inventor per-run OpenRouter budget reached for Test idea: $7.05 of $7.00 spent by this run in that phase. This is AI Inventor's internal l
00:05:33|WARNING|batch attempt 3: {'error': {'code': 'aii_run_budget_exhausted', 'message': "AI Inventor per-run OpenRouter budget reached for Test idea: $7.05 of $7.00 spent by this run in that phase. This is AI Inventor's internal l
00:05:33|WARNING|batch attempt 3: {'error': {'code': 'aii_run_budget_exhausted', 'message': "AI Inventor per-run OpenRouter budget reached for Test idea: $7.05 of $7.00 spent by this run in that phase. This is AI Inventor's internal l
00:05:33|WARNING|batch attempt 3: {'error': {'code': 'aii_run_budget_exhausted', 'message': "AI Inventor per-run OpenRouter budget reached for Test idea: $7.05 of $7.00 spent by this run in that phase. This is AI Inventor's internal l
00:05:33|WARNING|batch attempt 3: {'error': {'code': 'aii_run_budget_exhausted', 'message': "AI Inventor per-run OpenRouter budget reached for Test idea: $7.05 of $7.00 spent by this run in that phase. This is AI Inventor's internal l
00:05:33|WARNING|batch attempt 3: {'error': {'code': 'aii_run_budget_exhausted', 'message': "AI Inventor per-run OpenRouter budget reached for Test idea: $7.05 of $7.00 spent by this run in that phase. This is AI Inventor's internal l
00:05:33|WARNING|batch attempt 3: {'error': {'code': 'aii_run_budget_exhausted', 'message': "AI Inventor per-run OpenRouter budget reached for Test idea: $7.05 of $7.00 spent by this run in that phase. This is AI Inventor's internal l
00:05:33|WARNING|batch attempt 3: {'error': {'code': 'aii_run_budget_exhausted', 'message': "AI Inventor per-run OpenRouter budget reached for Test idea: $7.05 of $7.00 spent by this run in that phase. This is AI Inventor's internal l
00:05:33|WARNING|batch attempt 3: {'error': {'code': 'aii_run_budget_exhausted', 'message': "AI Inventor per-run OpenRouter budget reached for Test idea: $7.05 of $7.00 spent by this run in that phase. This is AI Inventor's internal l
00:05:33|WARNING|batch attempt 3: {'error': {'code': 'aii_run_budget_exhausted', 'message': "AI Inventor per-run OpenRouter budget reached for Test idea: $7.05 of $7.00 spent by this run in that phase. This is AI Inventor's internal l
00:05:34|WARNING|batch attempt 3: {'error': {'code': 'aii_run_budget_exhausted', 'message': "AI Inventor per-run OpenRouter budget reached for Test idea: $7.05 of $7.00 spent by this run in that phase. This is AI Inventor's internal l
00:05:34|WARNING|batch attempt 3: {'error': {'code': 'aii_run_budget_exhausted', 'message': "AI Inventor per-run OpenRouter budget reached for Test idea: $7.05 of $7.00 spent by this run in that phase. This is AI Inventor's internal l
00:05:34|WARNING|batch attempt 3: {'error': {'code': 'aii_run_budget_exhausted', 'message': "AI Inventor per-run OpenRouter budget reached for Test idea: $7.05 of $7.00 spent by this run in that phase. This is AI Inventor's internal l
00:05:34|WARNING|batch attempt 3: {'error': {'code': 'aii_run_budget_exhausted', 'message': "AI Inventor per-run OpenRouter budget reached for Test idea: $7.05 of $7.00 spent by this run in that phase. This is AI Inventor's internal l
00:05:34|WARNING|batch attempt 3: {'error': {'code': 'aii_run_budget_exhausted', 'message': "AI Inventor per-run OpenRouter budget reached for Test idea: $7.05 of $7.00 spent by this run in that phase. This is AI Inventor's internal l
00:05:34|WARNING|batch attempt 3: {'error': {'code': 'aii_run_budget_exhausted', 'message': "AI Inventor per-run OpenRouter budget reached for Test idea: $7.05 of $7.00 spent by this run in that phase. This is AI Inventor's internal l
00:05:34|WARNING|batch attempt 3: {'error': {'code': 'aii_run_budget_exhausted', 'message': "AI Inventor per-run OpenRouter budget reached for Test idea: $7.05 of $7.00 spent by this run in that phase. This is AI Inventor's internal l
00:05:34|WARNING|batch attempt 3: {'error': {'code': 'aii_run_budget_exhausted', 'message': "AI Inventor per-run OpenRouter budget reached for Test idea: $7.05 of $7.00 spent by this run in that phase. This is AI Inventor's internal l
00:05:34|WARNING|batch attempt 3: {'error': {'code': 'aii_run_budget_exhausted', 'message': "AI Inventor per-run OpenRouter budget reached for Test idea: $7.05 of $7.00 spent by this run in that phase. This is AI Inventor's internal l
00:05:34|WARNING|batch attempt 3: {'error': {'code': 'aii_run_budget_exhausted', 'message': "AI Inventor per-run OpenRouter budget reached for Test idea: $7.05 of $7.00 spent by this run in that phase. This is AI Inventor's internal l
00:05:35|WARNING|batch attempt 3: {'error': {'code': 'aii_run_budget_exhausted', 'message': "AI Inventor per-run OpenRouter budget reached for Test idea: $7.05 of $7.00 spent by this run in that phase. This is AI Inventor's internal l
00:05:35|WARNING|batch attempt 3: {'error': {'code': 'aii_run_budget_exhausted', 'message': "AI Inventor per-run OpenRouter budget reached for Test idea: $7.05 of $7.00 spent by this run in that phase. This is AI Inventor's internal l
00:05:35|WARNING|batch attempt 3: {'error': {'code': 'aii_run_budget_exhausted', 'message': "AI Inventor per-run OpenRouter budget reached for Test idea: $7.05 of $7.00 spent by this run in that phase. This is AI Inventor's internal l
00:05:35|WARNING|batch attempt 3: {'error': {'code': 'aii_run_budget_exhausted', 'message': "AI Inventor per-run OpenRouter budget reached for Test idea: $7.05 of $7.00 spent by this run in that phase. This is AI Inventor's internal l
00:05:35|WARNING|batch attempt 3: {'error': {'code': 'aii_run_budget_exhausted', 'message': "AI Inventor per-run OpenRouter budget reached for Test idea: $7.05 of $7.00 spent by this run in that phase. This is AI Inventor's internal l
00:05:35|WARNING|batch attempt 3: {'error': {'code': 'aii_run_budget_exhausted', 'message': "AI Inventor per-run OpenRouter budget reached for Test idea: $7.05 of $7.00 spent by this run in that phase. This is AI Inventor's internal l
00:05:35|WARNING|batch attempt 3: {'error': {'code': 'aii_run_budget_exhausted', 'message': "AI Inventor per-run OpenRouter budget reached for Test idea: $7.05 of $7.00 spent by this run in that phase. This is AI Inventor's internal l
00:05:35|WARNING|batch attempt 3: {'error': {'code': 'aii_run_budget_exhausted', 'message': "AI Inventor per-run OpenRouter budget reached for Test idea: $7.05 of $7.00 spent by this run in that phase. This is AI Inventor's internal l
00:05:35|WARNING|batch attempt 3: {'error': {'code': 'aii_run_budget_exhausted', 'message': "AI Inventor per-run OpenRouter budget reached for Test idea: $7.05 of $7.00 spent by this run in that phase. This is AI Inventor's internal l
00:05:35|WARNING|batch attempt 3: {'error': {'code': 'aii_run_budget_exhausted', 'message': "AI Inventor per-run OpenRouter budget reached for Test idea: $7.05 of $7.00 spent by this run in that phase. This is AI Inventor's internal l
00:05:35|WARNING|batch attempt 3: {'error': {'code': 'aii_run_budget_exhausted', 'message': "AI Inventor per-run OpenRouter budget reached for Test idea: $7.05 of $7.00 spent by this run in that phase. This is AI Inventor's internal l
00:05:35|WARNING|batch attempt 3: {'error': {'code': 'aii_run_budget_exhausted', 'message': "AI Inventor per-run OpenRouter budget reached for Test idea: $7.05 of $7.00 spent by this run in that phase. This is AI Inventor's internal l
00:05:35|WARNING|batch attempt 3: {'error': {'code': 'aii_run_budget_exhausted', 'message': "AI Inventor per-run OpenRouter budget reached for Test idea: $7.05 of $7.00 spent by this run in that phase. This is AI Inventor's internal l
00:05:35|WARNING|batch attempt 3: {'error': {'code': 'aii_run_budget_exhausted', 'message': "AI Inventor per-run OpenRouter budget reached for Test idea: $7.05 of $7.00 spent by this run in that phase. This is AI Inventor's internal l
00:05:36|WARNING|batch attempt 3: {'error': {'code': 'aii_run_budget_exhausted', 'message': "AI Inventor per-run OpenRouter budget reached for Test idea: $7.05 of $7.00 spent by this run in that phase. This is AI Inventor's internal l
00:05:36|WARNING|batch attempt 3: {'error': {'code': 'aii_run_budget_exhausted', 'message': "AI Inventor per-run OpenRouter budget reached for Test idea: $7.05 of $7.00 spent by this run in that phase. This is AI Inventor's internal l
00:05:36|WARNING|batch attempt 3: {'error': {'code': 'aii_run_budget_exhausted', 'message': "AI Inventor per-run OpenRouter budget reached for Test idea: $7.05 of $7.00 spent by this run in that phase. This is AI Inventor's internal l
00:05:36|WARNING|batch attempt 3: {'error': {'code': 'aii_run_budget_exhausted', 'message': "AI Inventor per-run OpenRouter budget reached for Test idea: $7.05 of $7.00 spent by this run in that phase. This is AI Inventor's internal l
00:05:36|WARNING|batch attempt 3: {'error': {'code': 'aii_run_budget_exhausted', 'message': "AI Inventor per-run OpenRouter budget reached for Test idea: $7.05 of $7.00 spent by this run in that phase. This is AI Inventor's internal l
00:05:36|WARNING|batch attempt 3: {'error': {'code': 'aii_run_budget_exhausted', 'message': "AI Inventor per-run OpenRouter budget reached for Test idea: $7.05 of $7.00 spent by this run in that phase. This is AI Inventor's internal l
00:05:36|WARNING|batch attempt 3: {'error': {'code': 'aii_run_budget_exhausted', 'message': "AI Inventor per-run OpenRouter budget reached for Test idea: $7.05 of $7.00 spent by this run in that phase. This is AI Inventor's internal l
00:05:36|WARNING|batch attempt 3: {'error': {'code': 'aii_run_budget_exhausted', 'message': "AI Inventor per-run OpenRouter budget reached for Test idea: $7.05 of $7.00 spent by this run in that phase. This is AI Inventor's internal l
00:05:37|WARNING|batch attempt 3: {'error': {'code': 'aii_run_budget_exhausted', 'message': "AI Inventor per-run OpenRouter budget reached for Test idea: $7.05 of $7.00 spent by this run in that phase. This is AI Inventor's internal l
00:05:37|WARNING|batch attempt 3: {'error': {'code': 'aii_run_budget_exhausted', 'message': "AI Inventor per-run OpenRouter budget reached for Test idea: $7.05 of $7.00 spent by this run in that phase. This is AI Inventor's internal l
00:05:37|WARNING|batch attempt 3: {'error': {'code': 'aii_run_budget_exhausted', 'message': "AI Inventor per-run OpenRouter budget reached for Test idea: $7.05 of $7.00 spent by this run in that phase. This is AI Inventor's internal l
00:05:37|WARNING|batch attempt 3: {'error': {'code': 'aii_run_budget_exhausted', 'message': "AI Inventor per-run OpenRouter budget reached for Test idea: $7.05 of $7.00 spent by this run in that phase. This is AI Inventor's internal l
00:05:37|WARNING|batch attempt 3: {'error': {'code': 'aii_run_budget_exhausted', 'message': "AI Inventor per-run OpenRouter budget reached for Test idea: $7.05 of $7.00 spent by this run in that phase. This is AI Inventor's internal l
00:05:37|WARNING|batch attempt 3: {'error': {'code': 'aii_run_budget_exhausted', 'message': "AI Inventor per-run OpenRouter budget reached for Test idea: $7.05 of $7.00 spent by this run in that phase. This is AI Inventor's internal l
00:05:37|WARNING|batch attempt 3: {'error': {'code': 'aii_run_budget_exhausted', 'message': "AI Inventor per-run OpenRouter budget reached for Test idea: $7.05 of $7.00 spent by this run in that phase. This is AI Inventor's internal l
00:05:37|WARNING|batch attempt 3: {'error': {'code': 'aii_run_budget_exhausted', 'message': "AI Inventor per-run OpenRouter budget reached for Test idea: $7.05 of $7.00 spent by this run in that phase. This is AI Inventor's internal l
00:05:38|WARNING|batch attempt 3: {'error': {'code': 'aii_run_budget_exhausted', 'message': "AI Inventor per-run OpenRouter budget reached for Test idea: $7.05 of $7.00 spent by this run in that phase. This is AI Inventor's internal l
00:05:38|WARNING|batch attempt 3: {'error': {'code': 'aii_run_budget_exhausted', 'message': "AI Inventor per-run OpenRouter budget reached for Test idea: $7.05 of $7.00 spent by this run in that phase. This is AI Inventor's internal l
00:05:38|WARNING|batch attempt 3: {'error': {'code': 'aii_run_budget_exhausted', 'message': "AI Inventor per-run OpenRouter budget reached for Test idea: $7.05 of $7.00 spent by this run in that phase. This is AI Inventor's internal l
00:05:38|WARNING|batch attempt 3: {'error': {'code': 'aii_run_budget_exhausted', 'message': "AI Inventor per-run OpenRouter budget reached for Test idea: $7.05 of $7.00 spent by this run in that phase. This is AI Inventor's internal l
00:05:38|WARNING|batch attempt 3: {'error': {'code': 'aii_run_budget_exhausted', 'message': "AI Inventor per-run OpenRouter budget reached for Test idea: $7.05 of $7.00 spent by this run in that phase. This is AI Inventor's internal l
00:05:38|WARNING|batch attempt 3: {'error': {'code': 'aii_run_budget_exhausted', 'message': "AI Inventor per-run OpenRouter budget reached for Test idea: $7.05 of $7.00 spent by this run in that phase. This is AI Inventor's internal l
00:05:38|WARNING|batch attempt 3: {'error': {'code': 'aii_run_budget_exhausted', 'message': "AI Inventor per-run OpenRouter budget reached for Test idea: $7.05 of $7.00 spent by this run in that phase. This is AI Inventor's internal l
00:05:38|WARNING|batch attempt 3: {'error': {'code': 'aii_run_budget_exhausted', 'message': "AI Inventor per-run OpenRouter budget reached for Test idea: $7.05 of $7.00 spent by this run in that phase. This is AI Inventor's internal l
00:05:38|WARNING|batch attempt 3: {'error': {'code': 'aii_run_budget_exhausted', 'message': "AI Inventor per-run OpenRouter budget reached for Test idea: $7.05 of $7.00 spent by this run in that phase. This is AI Inventor's internal l
00:05:38|WARNING|batch attempt 3: {'error': {'code': 'aii_run_budget_exhausted', 'message': "AI Inventor per-run OpenRouter budget reached for Test idea: $7.05 of $7.00 spent by this run in that phase. This is AI Inventor's internal l
00:05:38|WARNING|batch attempt 3: {'error': {'code': 'aii_run_budget_exhausted', 'message': "AI Inventor per-run OpenRouter budget reached for Test idea: $7.05 of $7.00 spent by this run in that phase. This is AI Inventor's internal l
00:05:39|WARNING|batch attempt 3: {'error': {'code': 'aii_run_budget_exhausted', 'message': "AI Inventor per-run OpenRouter budget reached for Test idea: $7.05 of $7.00 spent by this run in that phase. This is AI Inventor's internal l
00:05:39|WARNING|batch attempt 3: {'error': {'code': 'aii_run_budget_exhausted', 'message': "AI Inventor per-run OpenRouter budget reached for Test idea: $7.05 of $7.00 spent by this run in that phase. This is AI Inventor's internal l
00:05:39|WARNING|batch attempt 3: {'error': {'code': 'aii_run_budget_exhausted', 'message': "AI Inventor per-run OpenRouter budget reached for Test idea: $7.05 of $7.00 spent by this run in that phase. This is AI Inventor's internal l
00:05:39|WARNING|batch attempt 3: {'error': {'code': 'aii_run_budget_exhausted', 'message': "AI Inventor per-run OpenRouter budget reached for Test idea: $7.05 of $7.00 spent by this run in that phase. This is AI Inventor's internal l
00:05:39|WARNING|batch attempt 3: {'error': {'code': 'aii_run_budget_exhausted', 'message': "AI Inventor per-run OpenRouter budget reached for Test idea: $7.05 of $7.00 spent by this run in that phase. This is AI Inventor's internal l
00:05:39|WARNING|batch attempt 3: {'error': {'code': 'aii_run_budget_exhausted', 'message': "AI Inventor per-run OpenRouter budget reached for Test idea: $7.05 of $7.00 spent by this run in that phase. This is AI Inventor's internal l
00:05:39|WARNING|batch attempt 3: {'error': {'code': 'aii_run_budget_exhausted', 'message': "AI Inventor per-run OpenRouter budget reached for Test idea: $7.05 of $7.00 spent by this run in that phase. This is AI Inventor's internal l
00:05:39|WARNING|batch attempt 3: {'error': {'code': 'aii_run_budget_exhausted', 'message': "AI Inventor per-run OpenRouter budget reached for Test idea: $7.05 of $7.00 spent by this run in that phase. This is AI Inventor's internal l
00:05:39|WARNING|batch attempt 3: {'error': {'code': 'aii_run_budget_exhausted', 'message': "AI Inventor per-run OpenRouter budget reached for Test idea: $7.05 of $7.00 spent by this run in that phase. This is AI Inventor's internal l
00:05:39|WARNING|batch attempt 3: {'error': {'code': 'aii_run_budget_exhausted', 'message': "AI Inventor per-run OpenRouter budget reached for Test idea: $7.05 of $7.00 spent by this run in that phase. This is AI Inventor's internal l
00:05:39|WARNING|batch attempt 3: {'error': {'code': 'aii_run_budget_exhausted', 'message': "AI Inventor per-run OpenRouter budget reached for Test idea: $7.05 of $7.00 spent by this run in that phase. This is AI Inventor's internal l
00:05:39|WARNING|batch attempt 3: {'error': {'code': 'aii_run_budget_exhausted', 'message': "AI Inventor per-run OpenRouter budget reached for Test idea: $7.05 of $7.00 spent by this run in that phase. This is AI Inventor's internal l
00:05:39|WARNING|batch attempt 3: {'error': {'code': 'aii_run_budget_exhausted', 'message': "AI Inventor per-run OpenRouter budget reached for Test idea: $7.05 of $7.00 spent by this run in that phase. This is AI Inventor's internal l
00:05:40|WARNING|batch attempt 3: {'error': {'code': 'aii_run_budget_exhausted', 'message': "AI Inventor per-run OpenRouter budget reached for Test idea: $7.05 of $7.00 spent by this run in that phase. This is AI Inventor's internal l
00:05:40|WARNING|batch attempt 3: {'error': {'code': 'aii_run_budget_exhausted', 'message': "AI Inventor per-run OpenRouter budget reached for Test idea: $7.05 of $7.00 spent by this run in that phase. This is AI Inventor's internal l
00:05:40|WARNING|batch attempt 3: {'error': {'code': 'aii_run_budget_exhausted', 'message': "AI Inventor per-run OpenRouter budget reached for Test idea: $7.05 of $7.00 spent by this run in that phase. This is AI Inventor's internal l
00:05:40|WARNING|batch attempt 3: {'error': {'code': 'aii_run_budget_exhausted', 'message': "AI Inventor per-run OpenRouter budget reached for Test idea: $7.05 of $7.00 spent by this run in that phase. This is AI Inventor's internal l
00:05:40|WARNING|batch attempt 3: {'error': {'code': 'aii_run_budget_exhausted', 'message': "AI Inventor per-run OpenRouter budget reached for Test idea: $7.05 of $7.00 spent by this run in that phase. This is AI Inventor's internal l
00:05:40|WARNING|batch attempt 3: {'error': {'code': 'aii_run_budget_exhausted', 'message': "AI Inventor per-run OpenRouter budget reached for Test idea: $7.05 of $7.00 spent by this run in that phase. This is AI Inventor's internal l
00:05:40|WARNING|batch attempt 3: {'error': {'code': 'aii_run_budget_exhausted', 'message': "AI Inventor per-run OpenRouter budget reached for Test idea: $7.05 of $7.00 spent by this run in that phase. This is AI Inventor's internal l
00:05:40|WARNING|batch attempt 3: {'error': {'code': 'aii_run_budget_exhausted', 'message': "AI Inventor per-run OpenRouter budget reached for Test idea: $7.05 of $7.00 spent by this run in that phase. This is AI Inventor's internal l
00:05:41|WARNING|batch attempt 3: {'error': {'code': 'aii_run_budget_exhausted', 'message': "AI Inventor per-run OpenRouter budget reached for Test idea: $7.05 of $7.00 spent by this run in that phase. This is AI Inventor's internal l
00:05:41|WARNING|batch attempt 3: {'error': {'code': 'aii_run_budget_exhausted', 'message': "AI Inventor per-run OpenRouter budget reached for Test idea: $7.05 of $7.00 spent by this run in that phase. This is AI Inventor's internal l
00:05:41|WARNING|batch attempt 3: {'error': {'code': 'aii_run_budget_exhausted', 'message': "AI Inventor per-run OpenRouter budget reached for Test idea: $7.05 of $7.00 spent by this run in that phase. This is AI Inventor's internal l
00:05:42|WARNING|batch attempt 3: {'error': {'code': 'aii_run_budget_exhausted', 'message': "AI Inventor per-run OpenRouter budget reached for Test idea: $7.05 of $7.00 spent by this run in that phase. This is AI Inventor's internal l
00:05:42|WARNING|batch attempt 3: {'error': {'code': 'aii_run_budget_exhausted', 'message': "AI Inventor per-run OpenRouter budget reached for Test idea: $7.05 of $7.00 spent by this run in that phase. This is AI Inventor's internal l
00:05:42|WARNING|batch attempt 3: {'error': {'code': 'aii_run_budget_exhausted', 'message': "AI Inventor per-run OpenRouter budget reached for Test idea: $7.05 of $7.00 spent by this run in that phase. This is AI Inventor's internal l
00:05:42|WARNING|batch attempt 3: {'error': {'code': 'aii_run_budget_exhausted', 'message': "AI Inventor per-run OpenRouter budget reached for Test idea: $7.05 of $7.00 spent by this run in that phase. This is AI Inventor's internal l
00:05:42|WARNING|batch attempt 3: {'error': {'code': 'aii_run_budget_exhausted', 'message': "AI Inventor per-run OpenRouter budget reached for Test idea: $7.05 of $7.00 spent by this run in that phase. This is AI Inventor's internal l
00:05:42|WARNING|batch attempt 3: {'error': {'code': 'aii_run_budget_exhausted', 'message': "AI Inventor per-run OpenRouter budget reached for Test idea: $7.05 of $7.00 spent by this run in that phase. This is AI Inventor's internal l
00:05:42|WARNING|batch attempt 3: {'error': {'code': 'aii_run_budget_exhausted', 'message': "AI Inventor per-run OpenRouter budget reached for Test idea: $7.05 of $7.00 spent by this run in that phase. This is AI Inventor's internal l
00:05:43|WARNING|batch attempt 3: {'error': {'code': 'aii_run_budget_exhausted', 'message': "AI Inventor per-run OpenRouter budget reached for Test idea: $7.05 of $7.00 spent by this run in that phase. This is AI Inventor's internal l
00:05:43|WARNING|batch attempt 3: {'error': {'code': 'aii_run_budget_exhausted', 'message': "AI Inventor per-run OpenRouter budget reached for Test idea: $7.05 of $7.00 spent by this run in that phase. This is AI Inventor's internal l
00:05:43|WARNING|batch attempt 3: {'error': {'code': 'aii_run_budget_exhausted', 'message': "AI Inventor per-run OpenRouter budget reached for Test idea: $7.05 of $7.00 spent by this run in that phase. This is AI Inventor's internal l
00:05:43|WARNING|batch attempt 3: {'error': {'code': 'aii_run_budget_exhausted', 'message': "AI Inventor per-run OpenRouter budget reached for Test idea: $7.05 of $7.00 spent by this run in that phase. This is AI Inventor's internal l
00:05:43|WARNING|batch attempt 3: {'error': {'code': 'aii_run_budget_exhausted', 'message': "AI Inventor per-run OpenRouter budget reached for Test idea: $7.05 of $7.00 spent by this run in that phase. This is AI Inventor's internal l
00:05:43|WARNING|batch attempt 3: {'error': {'code': 'aii_run_budget_exhausted', 'message': "AI Inventor per-run OpenRouter budget reached for Test idea: $7.05 of $7.00 spent by this run in that phase. This is AI Inventor's internal l
00:05:43|WARNING|batch attempt 3: {'error': {'code': 'aii_run_budget_exhausted', 'message': "AI Inventor per-run OpenRouter budget reached for Test idea: $7.05 of $7.00 spent by this run in that phase. This is AI Inventor's internal l
00:05:43|WARNING|batch attempt 3: {'error': {'code': 'aii_run_budget_exhausted', 'message': "AI Inventor per-run OpenRouter budget reached for Test idea: $7.05 of $7.00 spent by this run in that phase. This is AI Inventor's internal l
00:05:43|WARNING|batch attempt 3: {'error': {'code': 'aii_run_budget_exhausted', 'message': "AI Inventor per-run OpenRouter budget reached for Test idea: $7.05 of $7.00 spent by this run in that phase. This is AI Inventor's internal l
00:05:44|WARNING|batch attempt 3: {'error': {'code': 'aii_run_budget_exhausted', 'message': "AI Inventor per-run OpenRouter budget reached for Test idea: $7.05 of $7.00 spent by this run in that phase. This is AI Inventor's internal l
00:05:44|WARNING|batch attempt 3: {'error': {'code': 'aii_run_budget_exhausted', 'message': "AI Inventor per-run OpenRouter budget reached for Test idea: $7.05 of $7.00 spent by this run in that phase. This is AI Inventor's internal l
00:05:44|WARNING|batch attempt 3: {'error': {'code': 'aii_run_budget_exhausted', 'message': "AI Inventor per-run OpenRouter budget reached for Test idea: $7.05 of $7.00 spent by this run in that phase. This is AI Inventor's internal l
00:05:44|WARNING|batch attempt 3: {'error': {'code': 'aii_run_budget_exhausted', 'message': "AI Inventor per-run OpenRouter budget reached for Test idea: $7.05 of $7.00 spent by this run in that phase. This is AI Inventor's internal l
00:05:44|WARNING|batch attempt 3: {'error': {'code': 'aii_run_budget_exhausted', 'message': "AI Inventor per-run OpenRouter budget reached for Test idea: $7.05 of $7.00 spent by this run in that phase. This is AI Inventor's internal l
00:05:44|WARNING|batch attempt 3: {'error': {'code': 'aii_run_budget_exhausted', 'message': "AI Inventor per-run OpenRouter budget reached for Test idea: $7.05 of $7.00 spent by this run in that phase. This is AI Inventor's internal l
00:05:44|WARNING|batch attempt 3: {'error': {'code': 'aii_run_budget_exhausted', 'message': "AI Inventor per-run OpenRouter budget reached for Test idea: $7.05 of $7.00 spent by this run in that phase. This is AI Inventor's internal l
00:05:44|WARNING|batch attempt 3: {'error': {'code': 'aii_run_budget_exhausted', 'message': "AI Inventor per-run OpenRouter budget reached for Test idea: $7.05 of $7.00 spent by this run in that phase. This is AI Inventor's internal l
00:05:45|WARNING|batch attempt 3: {'error': {'code': 'aii_run_budget_exhausted', 'message': "AI Inventor per-run OpenRouter budget reached for Test idea: $7.05 of $7.00 spent by this run in that phase. This is AI Inventor's internal l
00:05:45|WARNING|batch attempt 3: {'error': {'code': 'aii_run_budget_exhausted', 'message': "AI Inventor per-run OpenRouter budget reached for Test idea: $7.05 of $7.00 spent by this run in that phase. This is AI Inventor's internal l
00:05:45|WARNING|batch attempt 3: {'error': {'code': 'aii_run_budget_exhausted', 'message': "AI Inventor per-run OpenRouter budget reached for Test idea: $7.05 of $7.00 spent by this run in that phase. This is AI Inventor's internal l
00:05:45|WARNING|batch attempt 3: {'error': {'code': 'aii_run_budget_exhausted', 'message': "AI Inventor per-run OpenRouter budget reached for Test idea: $7.05 of $7.00 spent by this run in that phase. This is AI Inventor's internal l
00:05:57|INFO   |batched: 1190 cases judged; cumulative spend $3.430; stopped=False
00:05:57|INFO   |tier 2: 1726 cases in 173 batches
00:05:58|INFO   |batched judging: 173 calls; spent $3.430; key remaining 0.0; stop at $2.63
00:05:58|ERROR  |BUDGET STOP at $3.43
00:05:58|INFO   |batched: 0 cases judged; cumulative spend $3.430; stopped=True
