model,trial,phase,keyword_count,kl,direction_scope,direction_index,params_json,abl_params_json
gams,0,startup,77,0.00622361246496439,global,35.28625933815789,"{""attn.o_proj.max_weight"": 1.335652908640471, ""attn.o_proj.max_weight_position"": 37.69651585109827, ""attn.o_proj.min_weight"": 0.7109502662442033, ""attn.o_proj.min_weight_distance"": 9.111903269991311, ""direction_index"": 35.28625933815789, ""direction_scope"": ""global"", ""mlp.down_proj.max_weight"": 0.7424929048243758, ""mlp.down_proj.max_weight_position"": 28.434746118394052, ""mlp.down_proj.min_weight"": 0.07349923770273847, ""mlp.down_proj.min_weight_distance"": 3.964808604651576}","{""attn.o_proj"": {""max_weight"": 1.335652908640471, ""max_weight_position"": 37.69651585109827, ""min_weight"": 0.9495827910077874, ""min_weight_distance"": 9.111903269991311}, ""mlp.down_proj"": {""max_weight"": 0.7424929048243758, ""max_weight_position"": 28.434746118394052, ""min_weight"": 0.054572662504283574, ""min_weight_distance"": 3.964808604651576}}"
gams,1,startup,34,0.012432653456926346,per layer,,"{""attn.o_proj.max_weight"": 1.1354815621704315, ""attn.o_proj.max_weight_position"": 34.62115535320629, ""attn.o_proj.min_weight"": 0.764242165311383, ""attn.o_proj.min_weight_distance"": 16.41921946254915, ""direction_index"": 28.453405052387367, ""direction_scope"": ""per layer"", ""mlp.down_proj.max_weight"": 0.3653741755405121, ""mlp.down_proj.max_weight_position"": 45.03475834526613, ""mlp.down_proj.min_weight"": 0.09070927458977673, ""mlp.down_proj.min_weight_distance"": 12.902326746679812}","{""attn.o_proj"": {""max_weight"": 1.1354815621704315, ""max_weight_position"": 34.62115535320629, ""min_weight"": 0.8677828877442824, ""min_weight_distance"": 16.41921946254915}, ""mlp.down_proj"": {""max_weight"": 0.3653741755405121, ""max_weight_position"": 45.03475834526613, ""min_weight"": 0.0331428264171176, ""min_weight_distance"": 12.902326746679812}}"
gams,2,startup,42,0.029414493590593338,per layer,,"{""attn.o_proj.max_weight"": 1.4775578331732049, ""attn.o_proj.max_weight_position"": 34.884543380195495, ""attn.o_proj.min_weight"": 0.6969754975189398, ""attn.o_proj.min_weight_distance"": 24.37281080763281, ""direction_index"": 34.71555615856434, ""direction_scope"": ""per layer"", ""mlp.down_proj.max_weight"": 0.006565274291605916, ""mlp.down_proj.max_weight_position"": 39.729108589729364, ""mlp.down_proj.min_weight"": 0.844673207795607, ""mlp.down_proj.min_weight_distance"": 27.95498704977974}","{""attn.o_proj"": {""max_weight"": 1.4775578331732049, ""max_weight_position"": 34.884543380195495, ""min_weight"": 1.0298216058889011, ""min_weight_distance"": 24.37281080763281}, ""mlp.down_proj"": {""max_weight"": 0.006565274291605916, ""max_weight_position"": 39.729108589729364, ""min_weight"": 0.0055455112959488, ""min_weight_distance"": 27.95498704977974}}"
gams,3,startup,98,0.007190740201622248,global,26.71310013858545,"{""attn.o_proj.max_weight"": 1.0453603630149255, ""attn.o_proj.max_weight_position"": 43.08811714273638, ""attn.o_proj.min_weight"": 0.025295045763543023, ""attn.o_proj.min_weight_distance"": 7.208090165205651, ""direction_index"": 26.71310013858545, ""direction_scope"": ""global"", ""mlp.down_proj.max_weight"": 0.4420294874368681, ""mlp.down_proj.max_weight_position"": 45.939562830681275, ""mlp.down_proj.min_weight"": 0.8599730716237928, ""mlp.down_proj.min_weight_distance"": 25.95947442584456}","{""attn.o_proj"": {""max_weight"": 1.0453603630149255, ""max_weight_position"": 43.08811714273638, ""min_weight"": 0.026442438221856487, ""min_weight_distance"": 7.208090165205651}, ""mlp.down_proj"": {""max_weight"": 0.4420294874368681, ""max_weight_position"": 45.939562830681275, ""min_weight"": 0.38013345605937415, ""min_weight_distance"": 25.95947442584456}}"
gams,4,startup,34,0.03362606465816498,per layer,,"{""attn.o_proj.max_weight"": 1.1596435395178182, ""attn.o_proj.max_weight_position"": 37.001544310281716, ""attn.o_proj.min_weight"": 0.5936196427925672, ""attn.o_proj.min_weight_distance"": 24.971202538573625, ""direction_index"": 23.64189846648339, ""direction_scope"": ""per layer"", ""mlp.down_proj.max_weight"": 0.7501686670348249, ""mlp.down_proj.max_weight_position"": 31.002229609718214, ""mlp.down_proj.min_weight"": 0.8836282415397444, ""mlp.down_proj.min_weight_distance"": 5.157938515594083}","{""attn.o_proj"": {""max_weight"": 1.1596435395178182, ""max_weight_position"": 37.001544310281716, ""min_weight"": 0.6883871836952755, ""min_weight_distance"": 24.971202538573625}, ""mlp.down_proj"": {""max_weight"": 0.7501686670348249, ""max_weight_position"": 31.002229609718214, ""min_weight"": 0.6628702201101964, ""min_weight_distance"": 5.157938515594083}}"
gams,5,startup,97,0.0034280407708138227,per layer,,"{""attn.o_proj.max_weight"": 1.4601656453219194, ""attn.o_proj.max_weight_position"": 33.82298020957671, ""attn.o_proj.min_weight"": 0.4071242335307148, ""attn.o_proj.min_weight_distance"": 8.121191221355227, ""direction_index"": 18.863406288820105, ""direction_scope"": ""per layer"", ""mlp.down_proj.max_weight"": -0.19971559904867744, ""mlp.down_proj.max_weight_position"": 38.52685927279809, ""mlp.down_proj.min_weight"": 0.6640400492774723, ""mlp.down_proj.min_weight_distance"": 9.86309545749661}","{""attn.o_proj"": {""max_weight"": 1.4601656453219194, ""max_weight_position"": 33.82298020957671, ""min_weight"": 0.594468819179568, ""min_weight_distance"": 8.121191221355227}, ""mlp.down_proj"": {""max_weight"": 0.0, ""max_weight_position"": 38.52685927279809, ""min_weight"": 0.0, ""min_weight_distance"": 9.86309545749661}}"
gams,6,startup,29,0.02022579498589039,global,29.901351072329795,"{""attn.o_proj.max_weight"": 1.2832623221092714, ""attn.o_proj.max_weight_position"": 34.28813205531377, ""attn.o_proj.min_weight"": 0.6920298921817408, ""attn.o_proj.min_weight_distance"": 19.32885295222423, ""direction_index"": 29.901351072329795, ""direction_scope"": ""global"", ""mlp.down_proj.max_weight"": 0.5596493700635686, ""mlp.down_proj.max_weight_position"": 28.40787547445878, ""mlp.down_proj.min_weight"": 0.7604160891076248, ""mlp.down_proj.min_weight_distance"": 26.952401878822062}","{""attn.o_proj"": {""max_weight"": 1.2832623221092714, ""max_weight_position"": 34.28813205531377, ""min_weight"": 0.8880558864101694, ""min_weight_distance"": 19.32885295222423}, ""mlp.down_proj"": {""max_weight"": 0.5596493700635686, ""max_weight_position"": 28.40787547445878, ""min_weight"": 0.4255663852552847, ""min_weight_distance"": 26.952401878822062}}"
gams,7,startup,31,0.16873842477798462,per layer,,"{""attn.o_proj.max_weight"": 1.3058603245031022, ""attn.o_proj.max_weight_position"": 29.356814435097565, ""attn.o_proj.min_weight"": 0.4259316201493918, ""attn.o_proj.min_weight_distance"": 18.9284332033305, ""direction_index"": 20.998510387591697, ""direction_scope"": ""per layer"", ""mlp.down_proj.max_weight"": 1.2306890494321627, ""mlp.down_proj.max_weight_position"": 31.39010548214005, ""mlp.down_proj.min_weight"": 0.4726418364688967, ""mlp.down_proj.min_weight_distance"": 16.34098984990031}","{""attn.o_proj"": {""max_weight"": 1.3058603245031022, ""max_weight_position"": 29.356814435097565, ""min_weight"": 0.5562072037044168, ""min_weight_distance"": 18.9284332033305}, ""mlp.down_proj"": {""max_weight"": 1.2306890494321627, ""max_weight_position"": 31.39010548214005, ""min_weight"": 0.5816751324457782, ""min_weight_distance"": 16.34098984990031}}"
gams,8,startup,84,0.004137443378567696,per layer,,"{""attn.o_proj.max_weight"": 1.0409743294973834, ""attn.o_proj.max_weight_position"": 43.93091813775781, ""attn.o_proj.min_weight"": 0.8389928586602876, ""attn.o_proj.min_weight_distance"": 1.2604236952408097, ""direction_index"": 30.39539790086107, ""direction_scope"": ""per layer"", ""mlp.down_proj.max_weight"": 1.0276447640986017, ""mlp.down_proj.max_weight_position"": 44.8299102869405, ""mlp.down_proj.min_weight"": 0.3670353389460309, ""mlp.down_proj.min_weight_distance"": 10.863314402762901}","{""attn.o_proj"": {""max_weight"": 1.0409743294973834, ""max_weight_position"": 43.93091813775781, ""min_weight"": 0.8733700284969859, ""min_weight_distance"": 1.2604236952408097}, ""mlp.down_proj"": {""max_weight"": 1.0276447640986017, ""max_weight_position"": 44.8299102869405, ""min_weight"": 0.37718194430704427, ""min_weight_distance"": 10.863314402762901}}"
gams,9,startup,90,0.004156257025897503,per layer,,"{""attn.o_proj.max_weight"": 0.974699802673833, ""attn.o_proj.max_weight_position"": 32.78000784494932, ""attn.o_proj.min_weight"": 0.07874977488223855, ""attn.o_proj.min_weight_distance"": 3.9242191064593097, ""direction_index"": 26.039046006841954, ""direction_scope"": ""per layer"", ""mlp.down_proj.max_weight"": 0.4307450670267685, ""mlp.down_proj.max_weight_position"": 39.25037951458715, ""mlp.down_proj.min_weight"": 0.48952950933232975, ""mlp.down_proj.min_weight_distance"": 11.632205261315393}","{""attn.o_proj"": {""max_weight"": 0.974699802673833, ""max_weight_position"": 32.78000784494932, ""min_weight"": 0.0767573900383267, ""min_weight_distance"": 3.9242191064593097}, ""mlp.down_proj"": {""max_weight"": 0.4307450670267685, ""max_weight_position"": 39.25037951458715, ""min_weight"": 0.21086242130893548, ""min_weight_distance"": 11.632205261315393}}"
gams,10,startup,92,0.003226533532142639,per layer,,"{""attn.o_proj.max_weight"": 1.1535209660475816, ""attn.o_proj.max_weight_position"": 36.405084252854266, ""attn.o_proj.min_weight"": 0.5045441725825995, ""attn.o_proj.min_weight_distance"": 7.2465938310708236, ""direction_index"": 33.80360645824462, ""direction_scope"": ""per layer"", ""mlp.down_proj.max_weight"": 0.1420199015897604, ""mlp.down_proj.max_weight_position"": 44.30818832919783, ""mlp.down_proj.min_weight"": 0.599468715310531, ""mlp.down_proj.min_weight_distance"": 19.678844000856213}","{""attn.o_proj"": {""max_weight"": 1.1535209660475816, ""max_weight_position"": 36.405084252854266, ""min_weight"": 0.582002281371158, ""min_weight_distance"": 7.2465938310708236}, ""mlp.down_proj"": {""max_weight"": 0.1420199015897604, ""max_weight_position"": 44.30818832919783, ""min_weight"": 0.08513648795454172, ""min_weight_distance"": 19.678844000856213}}"
gams,11,startup,98,0.002667895518243313,per layer,,"{""attn.o_proj.max_weight"": 0.9302495731712805, ""attn.o_proj.max_weight_position"": 32.17963361875723, ""attn.o_proj.min_weight"": 0.43707090665945725, ""attn.o_proj.min_weight_distance"": 5.5636172733736355, ""direction_index"": 27.749509133815764, ""direction_scope"": ""per layer"", ""mlp.down_proj.max_weight"": 1.2888098647606268, ""mlp.down_proj.max_weight_position"": 39.28875554069061, ""mlp.down_proj.min_weight"": 0.2920482015124508, ""mlp.down_proj.min_weight_distance"": 2.5170793011560244}","{""attn.o_proj"": {""max_weight"": 0.9302495731712805, ""max_weight_position"": 32.17963361875723, ""min_weight"": 0.4065850243655447, ""min_weight_distance"": 5.5636172733736355}, ""mlp.down_proj"": {""max_weight"": 1.2888098647606268, ""max_weight_position"": 39.28875554069061, ""min_weight"": 0.376394603094846, ""min_weight_distance"": 2.5170793011560244}}"
gams,12,startup,37,0.12338127195835114,per layer,,"{""attn.o_proj.max_weight"": 0.8332876454127116, ""attn.o_proj.max_weight_position"": 39.76311779302705, ""attn.o_proj.min_weight"": 0.990646778214411, ""attn.o_proj.min_weight_distance"": 26.154464997110523, ""direction_index"": 32.39548365430694, ""direction_scope"": ""per layer"", ""mlp.down_proj.max_weight"": 0.8967944773623366, ""mlp.down_proj.max_weight_position"": 33.356490818881134, ""mlp.down_proj.min_weight"": 0.38644126852553917, ""mlp.down_proj.min_weight_distance"": 24.23166313152547}","{""attn.o_proj"": {""max_weight"": 0.8332876454127116, ""max_weight_position"": 39.76311779302705, ""min_weight"": 0.8254937212539754, ""min_weight_distance"": 26.154464997110523}, ""mlp.down_proj"": {""max_weight"": 0.8967944773623366, ""max_weight_position"": 33.356490818881134, ""min_weight"": 0.3465583954385993, ""min_weight_distance"": 24.23166313152547}}"
gams,13,startup,40,0.129289910197258,per layer,,"{""attn.o_proj.max_weight"": 0.9363783810360451, ""attn.o_proj.max_weight_position"": 41.56471237332608, ""attn.o_proj.min_weight"": 0.4562498346577709, ""attn.o_proj.min_weight_distance"": 21.938357853094445, ""direction_index"": 26.61376943579272, ""direction_scope"": ""per layer"", ""mlp.down_proj.max_weight"": 1.0268663580579784, ""mlp.down_proj.max_weight_position"": 29.973757281833382, ""mlp.down_proj.min_weight"": 0.20594758811356462, ""mlp.down_proj.min_weight_distance"": 26.445093082979383}","{""attn.o_proj"": {""max_weight"": 0.9363783810360451, ""max_weight_position"": 41.56471237332608, ""min_weight"": 0.4272224815248068, ""min_weight_distance"": 21.938357853094445}, ""mlp.down_proj"": {""max_weight"": 1.0268663580579784, ""max_weight_position"": 29.973757281833382, ""min_weight"": 0.2114806497570007, ""min_weight_distance"": 26.445093082979383}}"
gams,14,startup,43,0.02044781669974327,global,39.943257682984225,"{""attn.o_proj.max_weight"": 0.835885835595857, ""attn.o_proj.max_weight_position"": 37.89984032276931, ""attn.o_proj.min_weight"": 0.8163433096299509, ""attn.o_proj.min_weight_distance"": 25.944772312759888, ""direction_index"": 39.943257682984225, ""direction_scope"": ""global"", ""mlp.down_proj.max_weight"": 1.3525950736771932, ""mlp.down_proj.max_weight_position"": 40.64798337499344, ""mlp.down_proj.min_weight"": 0.2406625355262717, ""mlp.down_proj.min_weight_distance"": 25.27903618893159}","{""attn.o_proj"": {""max_weight"": 0.835885835595857, ""max_weight_position"": 37.89984032276931, ""min_weight"": 0.682369809503119, ""min_weight_distance"": 25.944772312759888}, ""mlp.down_proj"": {""max_weight"": 1.3525950736771932, ""max_weight_position"": 40.64798337499344, ""min_weight"": 0.3255189599714976, ""min_weight_distance"": 25.27903618893159}}"
gams,15,startup,38,0.10323606431484222,per layer,,"{""attn.o_proj.max_weight"": 0.8964048973096775, ""attn.o_proj.max_weight_position"": 31.05792147852202, ""attn.o_proj.min_weight"": 0.8520826582144962, ""attn.o_proj.min_weight_distance"": 2.3455480307323677, ""direction_index"": 29.424054714437975, ""direction_scope"": ""per layer"", ""mlp.down_proj.max_weight"": 1.0991098142655695, ""mlp.down_proj.max_weight_position"": 30.691762425024322, ""mlp.down_proj.min_weight"": 0.17895748144278678, ""mlp.down_proj.min_weight_distance"": 19.028140495524873}","{""attn.o_proj"": {""max_weight"": 0.8964048973096775, ""max_weight_position"": 31.05792147852202, ""min_weight"": 0.7638110677361226, ""min_weight_distance"": 2.3455480307323677}, ""mlp.down_proj"": {""max_weight"": 1.0991098142655695, ""max_weight_position"": 30.691762425024322, ""min_weight"": 0.1966939241900155, ""min_weight_distance"": 19.028140495524873}}"
gams,16,startup,48,0.017741773277521133,per layer,,"{""attn.o_proj.max_weight"": 1.0680706940417368, ""attn.o_proj.max_weight_position"": 41.50794319650778, ""attn.o_proj.min_weight"": 0.3200605367444218, ""attn.o_proj.min_weight_distance"": 13.682071495133789, ""direction_index"": 36.5128017103479, ""direction_scope"": ""per layer"", ""mlp.down_proj.max_weight"": 1.4729156469167977, ""mlp.down_proj.max_weight_position"": 34.638401305588324, ""mlp.down_proj.min_weight"": 0.8308376794396154, ""mlp.down_proj.min_weight_distance"": 6.4386081250546505}","{""attn.o_proj"": {""max_weight"": 1.0680706940417368, ""max_weight_position"": 41.50794319650778, ""min_weight"": 0.34184727961598543, ""min_weight_distance"": 13.682071495133789}, ""mlp.down_proj"": {""max_weight"": 1.4729156469167977, ""max_weight_position"": 34.638401305588324, ""min_weight"": 1.2237538180946521, ""min_weight_distance"": 6.4386081250546505}}"
gams,17,startup,29,0.13268724083900452,per layer,,"{""attn.o_proj.max_weight"": 1.357875759158727, ""attn.o_proj.max_weight_position"": 40.34015137299733, ""attn.o_proj.min_weight"": 0.7852726966760378, ""attn.o_proj.min_weight_distance"": 17.95377962723959, ""direction_index"": 41.73418954369566, ""direction_scope"": ""per layer"", ""mlp.down_proj.max_weight"": 1.1033095976232539, ""mlp.down_proj.max_weight_position"": 29.7607390164875, ""mlp.down_proj.min_weight"": 0.2733348089322023, ""mlp.down_proj.min_weight_distance"": 20.952519265995765}","{""attn.o_proj"": {""max_weight"": 1.357875759158727, ""max_weight_position"": 40.34015137299733, ""min_weight"": 1.0663027591455956, ""min_weight_distance"": 17.95377962723959}, ""mlp.down_proj"": {""max_weight"": 1.1033095976232539, ""max_weight_position"": 29.7607390164875, ""min_weight"": 0.3015729180594171, ""min_weight_distance"": 20.952519265995765}}"
gams,18,startup,41,0.03700786828994751,per layer,,"{""attn.o_proj.max_weight"": 1.4600845769373272, ""attn.o_proj.max_weight_position"": 33.52774624456928, ""attn.o_proj.min_weight"": 0.17645082631373987, ""attn.o_proj.min_weight_distance"": 2.6756619473540098, ""direction_index"": 41.696778913113974, ""direction_scope"": ""per layer"", ""mlp.down_proj.max_weight"": 1.0094260421633905, ""mlp.down_proj.max_weight_position"": 37.549418241265904, ""mlp.down_proj.min_weight"": 0.030912815971094743, ""mlp.down_proj.min_weight_distance"": 21.724298238503227}","{""attn.o_proj"": {""max_weight"": 1.4600845769373272, ""max_weight_position"": 33.52774624456928, ""min_weight"": 0.25763313008853866, ""min_weight_distance"": 2.6756619473540098}, ""mlp.down_proj"": {""max_weight"": 1.0094260421633905, ""max_weight_position"": 37.549418241265904, ""min_weight"": 0.031204201477827414, ""min_weight_distance"": 21.724298238503227}}"
gams,19,startup,53,0.026471225544810295,per layer,,"{""attn.o_proj.max_weight"": 1.0561482615563043, ""attn.o_proj.max_weight_position"": 38.67596705702728, ""attn.o_proj.min_weight"": 0.3865526361074135, ""attn.o_proj.min_weight_distance"": 7.083439272377054, ""direction_index"": 39.2749781381899, ""direction_scope"": ""per layer"", ""mlp.down_proj.max_weight"": 0.4170801968458937, ""mlp.down_proj.max_weight_position"": 35.16049684344917, ""mlp.down_proj.min_weight"": 0.5087476340557078, ""mlp.down_proj.min_weight_distance"": 21.90193227494506}","{""attn.o_proj"": {""max_weight"": 1.0561482615563043, ""max_weight_position"": 38.67596705702728, ""min_weight"": 0.4082568946248515, ""min_weight_distance"": 7.083439272377054}, ""mlp.down_proj"": {""max_weight"": 0.4170801968458937, ""max_weight_position"": 35.16049684344917, ""min_weight"": 0.2121885633568373, ""min_weight_distance"": 21.90193227494506}}"
gams,20,startup,94,0.0032461946830153465,per layer,,"{""attn.o_proj.max_weight"": 1.1320628827291712, ""attn.o_proj.max_weight_position"": 43.06944420155723, ""attn.o_proj.min_weight"": 0.2969240942165984, ""attn.o_proj.min_weight_distance"": 13.772615878159286, ""direction_index"": 31.75517326576601, ""direction_scope"": ""per layer"", ""mlp.down_proj.max_weight"": -0.03885969144083759, ""mlp.down_proj.max_weight_position"": 35.886245912624645, ""mlp.down_proj.min_weight"": 0.9511417312161701, ""mlp.down_proj.min_weight_distance"": 10.434823064679618}","{""attn.o_proj"": {""max_weight"": 1.1320628827291712, ""max_weight_position"": 43.06944420155723, ""min_weight"": 0.3361367460505904, ""min_weight_distance"": 13.772615878159286}, ""mlp.down_proj"": {""max_weight"": 0.0, ""max_weight_position"": 35.886245912624645, ""min_weight"": 0.0, ""min_weight_distance"": 10.434823064679618}}"
gams,21,startup,76,0.006926752161234617,global,39.6387281607985,"{""attn.o_proj.max_weight"": 1.4301949665423357, ""attn.o_proj.max_weight_position"": 36.392552533792326, ""attn.o_proj.min_weight"": 0.9810916982268031, ""attn.o_proj.min_weight_distance"": 17.49396062880361, ""direction_index"": 39.6387281607985, ""direction_scope"": ""global"", ""mlp.down_proj.max_weight"": 0.08698658194620307, ""mlp.down_proj.max_weight_position"": 39.93273278992113, ""mlp.down_proj.min_weight"": 0.013363461805310672, ""mlp.down_proj.min_weight_distance"": 24.63249457778986}","{""attn.o_proj"": {""max_weight"": 1.4301949665423357, ""max_weight_position"": 36.392552533792326, ""min_weight"": 1.4031524085204459, ""min_weight_distance"": 17.49396062880361}, ""mlp.down_proj"": {""max_weight"": 0.08698658194620307, ""max_weight_position"": 39.93273278992113, ""min_weight"": 0.0011624418654126115, ""min_weight_distance"": 24.63249457778986}}"
gams,22,startup,98,0.0023509168531745672,global,35.24217725632163,"{""attn.o_proj.max_weight"": 1.2974141969457884, ""attn.o_proj.max_weight_position"": 35.201739466843364, ""attn.o_proj.min_weight"": 0.6040786281758774, ""attn.o_proj.min_weight_distance"": 8.36714298013477, ""direction_index"": 35.24217725632163, ""direction_scope"": ""global"", ""mlp.down_proj.max_weight"": 0.6095923779483639, ""mlp.down_proj.max_weight_position"": 41.99575096402623, ""mlp.down_proj.min_weight"": 0.20133045996383636, ""mlp.down_proj.min_weight_distance"": 2.575567862052804}","{""attn.o_proj"": {""max_weight"": 1.2974141969457884, ""max_weight_position"": 35.201739466843364, ""min_weight"": 0.7837401882669195, ""min_weight_distance"": 8.36714298013477}, ""mlp.down_proj"": {""max_weight"": 0.6095923779483639, ""max_weight_position"": 41.99575096402623, ""min_weight"": 0.12272951384279288, ""min_weight_distance"": 2.575567862052804}}"
gams,23,startup,75,0.007668725214898586,per layer,,"{""attn.o_proj.max_weight"": 1.2695143510990616, ""attn.o_proj.max_weight_position"": 46.323568474295556, ""attn.o_proj.min_weight"": 0.90235766846125, ""attn.o_proj.min_weight_distance"": 5.115577405065065, ""direction_index"": 30.283982495084192, ""direction_scope"": ""per layer"", ""mlp.down_proj.max_weight"": 0.9524147209894394, ""mlp.down_proj.max_weight_position"": 39.06705437907602, ""mlp.down_proj.min_weight"": 0.8243785882114625, ""mlp.down_proj.min_weight_distance"": 6.790762780069242}","{""attn.o_proj"": {""max_weight"": 1.2695143510990616, ""max_weight_position"": 46.323568474295556, ""min_weight"": 1.145556009935846, ""min_weight_distance"": 5.115577405065065}, ""mlp.down_proj"": {""max_weight"": 0.9524147209894394, ""max_weight_position"": 39.06705437907602, ""min_weight"": 0.7851503030810879, ""min_weight_distance"": 6.790762780069242}}"
gams,24,startup,97,0.003826121799647808,global,26.55538795597595,"{""attn.o_proj.max_weight"": 1.0653373327811184, ""attn.o_proj.max_weight_position"": 39.62961230431494, ""attn.o_proj.min_weight"": 0.42216158144331806, ""attn.o_proj.min_weight_distance"": 5.990235170259625, ""direction_index"": 26.55538795597595, ""direction_scope"": ""global"", ""mlp.down_proj.max_weight"": 0.2706335441484039, ""mlp.down_proj.max_weight_position"": 28.630584969863552, ""mlp.down_proj.min_weight"": 0.3125834217850647, ""mlp.down_proj.min_weight_distance"": 24.032689582597857}","{""attn.o_proj"": {""max_weight"": 1.0653373327811184, ""max_weight_position"": 39.62961230431494, ""min_weight"": 0.44974449317748333, ""min_weight_distance"": 5.990235170259625}, ""mlp.down_proj"": {""max_weight"": 0.2706335441484039, ""max_weight_position"": 28.630584969863552, ""min_weight"": 0.08459555927972746, ""min_weight_distance"": 24.032689582597857}}"
gams,25,startup,90,0.004916857462376356,per layer,,"{""attn.o_proj.max_weight"": 1.2247167280938642, ""attn.o_proj.max_weight_position"": 35.26442724278242, ""attn.o_proj.min_weight"": 0.15826000240125515, ""attn.o_proj.min_weight_distance"": 12.831610330048825, ""direction_index"": 40.36854733102791, ""direction_scope"": ""per layer"", ""mlp.down_proj.max_weight"": 1.2800055138030604, ""mlp.down_proj.max_weight_position"": 31.291068057743274, ""mlp.down_proj.min_weight"": 0.7633169188677613, ""mlp.down_proj.min_weight_distance"": 1.161761637891793}","{""attn.o_proj"": {""max_weight"": 1.2247167280938642, ""max_weight_position"": 35.26442724278242, ""min_weight"": 0.1938236723289923, ""min_weight_distance"": 12.831610330048825}, ""mlp.down_proj"": {""max_weight"": 1.2800055138030604, ""max_weight_position"": 31.291068057743274, ""min_weight"": 0.9770498649298978, ""min_weight_distance"": 1.161761637891793}}"
gams,26,startup,41,0.021743278950452805,per layer,,"{""attn.o_proj.max_weight"": 1.4798153967528422, ""attn.o_proj.max_weight_position"": 45.4801264601527, ""attn.o_proj.min_weight"": 0.9004760203170599, ""attn.o_proj.min_weight_distance"": 14.877065247721916, ""direction_index"": 27.896474918780825, ""direction_scope"": ""per layer"", ""mlp.down_proj.max_weight"": 0.4038972763468962, ""mlp.down_proj.max_weight_position"": 36.11460301543343, ""mlp.down_proj.min_weight"": 0.3617287958676807, ""mlp.down_proj.min_weight_distance"": 21.835880810362525}","{""attn.o_proj"": {""max_weight"": 1.4798153967528422, ""max_weight_position"": 45.4801264601527, ""min_weight"": 1.3325382792719103, ""min_weight_distance"": 14.877065247721916}, ""mlp.down_proj"": {""max_weight"": 0.4038972763468962, ""max_weight_position"": 36.11460301543343, ""min_weight"": 0.14610127542719864, ""min_weight_distance"": 21.835880810362525}}"
gams,27,startup,55,0.018946880474686623,per layer,,"{""attn.o_proj.max_weight"": 0.8841911092814221, ""attn.o_proj.max_weight_position"": 44.7696738560775, ""attn.o_proj.min_weight"": 0.9826922047808109, ""attn.o_proj.min_weight_distance"": 1.9872512057422949, ""direction_index"": 30.696732416876323, ""direction_scope"": ""per layer"", ""mlp.down_proj.max_weight"": 1.1158612901502984, ""mlp.down_proj.max_weight_position"": 31.680250051903112, ""mlp.down_proj.min_weight"": 0.36061925630007785, ""mlp.down_proj.min_weight_distance"": 6.525592109183158}","{""attn.o_proj"": {""max_weight"": 0.8841911092814221, ""max_weight_position"": 44.7696738560775, ""min_weight"": 0.8688877106273516, ""min_weight_distance"": 1.9872512057422949}, ""mlp.down_proj"": {""max_weight"": 1.1158612901502984, ""max_weight_position"": 31.680250051903112, ""min_weight"": 0.40240106858804603, ""min_weight_distance"": 6.525592109183158}}"
gams,28,startup,97,0.0038126420695334673,global,20.233554755242718,"{""attn.o_proj.max_weight"": 1.216354793845631, ""attn.o_proj.max_weight_position"": 30.446878814462707, ""attn.o_proj.min_weight"": 0.4682292310071259, ""attn.o_proj.min_weight_distance"": 13.113413698291042, ""direction_index"": 20.233554755242718, ""direction_scope"": ""global"", ""mlp.down_proj.max_weight"": 0.7445587739129004, ""mlp.down_proj.max_weight_position"": 42.91065678546928, ""mlp.down_proj.min_weight"": 0.343805421517836, ""mlp.down_proj.min_weight_distance"": 14.842234172539836}","{""attn.o_proj"": {""max_weight"": 1.216354793845631, ""max_weight_position"": 30.446878814462707, ""min_weight"": 0.569532869754171, ""min_weight_distance"": 13.113413698291042}, ""mlp.down_proj"": {""max_weight"": 0.7445587739129004, ""max_weight_position"": 42.91065678546928, ""min_weight"": 0.2559833431099279, ""min_weight_distance"": 14.842234172539836}}"
gams,29,startup,43,0.09113169461488724,per layer,,"{""attn.o_proj.max_weight"": 1.4238371390366562, ""attn.o_proj.max_weight_position"": 44.74611312183379, ""attn.o_proj.min_weight"": 0.24959163603575696, ""attn.o_proj.min_weight_distance"": 1.6579998014257415, ""direction_index"": 31.287786757631586, ""direction_scope"": ""per layer"", ""mlp.down_proj.max_weight"": 1.377852220659138, ""mlp.down_proj.max_weight_position"": 35.5717159307472, ""mlp.down_proj.min_weight"": 0.11608579037255062, ""mlp.down_proj.min_weight_distance"": 21.648546259249777}","{""attn.o_proj"": {""max_weight"": 1.4238371390366562, ""max_weight_position"": 44.74611312183379, ""min_weight"": 0.3553778409806306, ""min_weight_distance"": 1.6579998014257415}, ""mlp.down_proj"": {""max_weight"": 1.377852220659138, ""max_weight_position"": 35.5717159307472, ""min_weight"": 0.15994906405179005, ""min_weight_distance"": 21.648546259249777}}"
gams,30,startup,41,0.044304247945547104,per layer,,"{""attn.o_proj.max_weight"": 1.205553186549131, ""attn.o_proj.max_weight_position"": 42.42374802702001, ""attn.o_proj.min_weight"": 0.8435246021918145, ""attn.o_proj.min_weight_distance"": 14.775927106813615, ""direction_index"": 42.265452583991916, ""direction_scope"": ""per layer"", ""mlp.down_proj.max_weight"": 0.6496884129223428, ""mlp.down_proj.max_weight_position"": 37.66474526610823, ""mlp.down_proj.min_weight"": 0.31628727225808084, ""mlp.down_proj.min_weight_distance"": 27.76658687183276}","{""attn.o_proj"": {""max_weight"": 1.205553186549131, ""max_weight_position"": 42.42374802702001, ""min_weight"": 1.01691377210493, ""min_weight_distance"": 14.775927106813615}, ""mlp.down_proj"": {""max_weight"": 0.6496884129223428, ""max_weight_position"": 37.66474526610823, ""min_weight"": 0.2054881759408895, ""min_weight_distance"": 27.76658687183276}}"
gams,31,startup,74,0.006799537688493729,per layer,,"{""attn.o_proj.max_weight"": 1.0422139367745518, ""attn.o_proj.max_weight_position"": 42.92311883441165, ""attn.o_proj.min_weight"": 0.04921718906405981, ""attn.o_proj.min_weight_distance"": 14.225669015521136, ""direction_index"": 36.55668868290575, ""direction_scope"": ""per layer"", ""mlp.down_proj.max_weight"": 0.6083769059297524, ""mlp.down_proj.max_weight_position"": 39.83799847414714, ""mlp.down_proj.min_weight"": 0.27974831235866426, ""mlp.down_proj.min_weight_distance"": 12.979372799424482}","{""attn.o_proj"": {""max_weight"": 1.0422139367745518, ""max_weight_position"": 42.92311883441165, ""min_weight"": 0.051294840371431186, ""min_weight_distance"": 14.225669015521136}, ""mlp.down_proj"": {""max_weight"": 0.6083769059297524, ""max_weight_position"": 39.83799847414714, ""min_weight"": 0.17019241271183408, ""min_weight_distance"": 12.979372799424482}}"
gams,32,startup,97,0.0026303089689463377,global,32.170342623064876,"{""attn.o_proj.max_weight"": 1.3226487694360323, ""attn.o_proj.max_weight_position"": 45.917182160245495, ""attn.o_proj.min_weight"": 0.9242628826344974, ""attn.o_proj.min_weight_distance"": 12.302249497785255, ""direction_index"": 32.170342623064876, ""direction_scope"": ""global"", ""mlp.down_proj.max_weight"": 1.1845694654086356, ""mlp.down_proj.max_weight_position"": 37.52305131397136, ""mlp.down_proj.min_weight"": 0.13274378159987776, ""mlp.down_proj.min_weight_distance"": 7.629444801626338}","{""attn.o_proj"": {""max_weight"": 1.3226487694360323, ""max_weight_position"": 45.917182160245495, ""min_weight"": 1.2224751643519178, ""min_weight_distance"": 12.302249497785255}, ""mlp.down_proj"": {""max_weight"": 1.1845694654086356, ""max_weight_position"": 37.52305131397136, ""min_weight"": 0.15724423040608787, ""min_weight_distance"": 7.629444801626338}}"
gams,33,startup,96,0.0026944782584905624,per layer,,"{""attn.o_proj.max_weight"": 1.3419170450155935, ""attn.o_proj.max_weight_position"": 45.83435158370315, ""attn.o_proj.min_weight"": 0.3460871558694677, ""attn.o_proj.min_weight_distance"": 8.643169640079961, ""direction_index"": 19.69205981300913, ""direction_scope"": ""per layer"", ""mlp.down_proj.max_weight"": -0.21511041227033506, ""mlp.down_proj.max_weight_position"": 44.97622696266346, ""mlp.down_proj.min_weight"": 0.012479316662447282, ""mlp.down_proj.min_weight_distance"": 25.723908048530696}","{""attn.o_proj"": {""max_weight"": 1.3419170450155935, ""max_weight_position"": 45.83435158370315, ""min_weight"": 0.4644202535222072, ""min_weight_distance"": 8.643169640079961}, ""mlp.down_proj"": {""max_weight"": 0.0, ""max_weight_position"": 44.97622696266346, ""min_weight"": 0.0, ""min_weight_distance"": 25.723908048530696}}"
gams,34,startup,98,0.0010700109414756298,global,33.008329845916094,"{""attn.o_proj.max_weight"": 1.2068047908482846, ""attn.o_proj.max_weight_position"": 38.9877846162864, ""attn.o_proj.min_weight"": 0.1868274362903105, ""attn.o_proj.min_weight_distance"": 4.454890468639801, ""direction_index"": 33.008329845916094, ""direction_scope"": ""global"", ""mlp.down_proj.max_weight"": -0.058858661218297775, ""mlp.down_proj.max_weight_position"": 33.131881972437114, ""mlp.down_proj.min_weight"": 0.6163035772874993, ""mlp.down_proj.min_weight_distance"": 1.6639960337874107}","{""attn.o_proj"": {""max_weight"": 1.2068047908482846, ""max_weight_position"": 38.9877846162864, ""min_weight"": 0.2254642451770494, ""min_weight_distance"": 4.454890468639801}, ""mlp.down_proj"": {""max_weight"": 0.0, ""max_weight_position"": 33.131881972437114, ""min_weight"": 0.0, ""min_weight_distance"": 1.6639960337874107}}"
gams,35,startup,44,0.013635966926813126,per layer,,"{""attn.o_proj.max_weight"": 1.457141455353892, ""attn.o_proj.max_weight_position"": 32.50819544471224, ""attn.o_proj.min_weight"": 0.034197903779960015, ""attn.o_proj.min_weight_distance"": 23.82266282462345, ""direction_index"": 37.712910759954994, ""direction_scope"": ""per layer"", ""mlp.down_proj.max_weight"": 0.14951531086397102, ""mlp.down_proj.max_weight_position"": 31.84905989809772, ""mlp.down_proj.min_weight"": 0.3636019500909804, ""mlp.down_proj.min_weight_distance"": 1.8299550871517556}","{""attn.o_proj"": {""max_weight"": 1.457141455353892, ""max_weight_position"": 32.50819544471224, ""min_weight"": 0.049831183283983296, ""min_weight_distance"": 23.82266282462345}, ""mlp.down_proj"": {""max_weight"": 0.14951531086397102, ""max_weight_position"": 31.84905989809772, ""min_weight"": 0.05436405859859901, ""min_weight_distance"": 1.8299550871517556}}"
gams,36,startup,40,0.026667842641472816,global,40.92608766475045,"{""attn.o_proj.max_weight"": 0.8805866320659838, ""attn.o_proj.max_weight_position"": 42.76856180894208, ""attn.o_proj.min_weight"": 0.9779337072418082, ""attn.o_proj.min_weight_distance"": 14.288024182734462, ""direction_index"": 40.92608766475045, ""direction_scope"": ""global"", ""mlp.down_proj.max_weight"": 1.2052854364245358, ""mlp.down_proj.max_weight_position"": 34.86792532843242, ""mlp.down_proj.min_weight"": 0.7589161983100051, ""mlp.down_proj.min_weight_distance"": 26.632785863219492}","{""attn.o_proj"": {""max_weight"": 0.8805866320659838, ""max_weight_position"": 42.76856180894208, ""min_weight"": 0.8611553496438656, ""min_weight_distance"": 14.288024182734462}, ""mlp.down_proj"": {""max_weight"": 1.2052854364245358, ""max_weight_position"": 34.86792532843242, ""min_weight"": 0.914710641289724, ""min_weight_distance"": 26.632785863219492}}"
gams,37,startup,97,0.006987635511904955,global,25.62812741013691,"{""attn.o_proj.max_weight"": 0.8634650166196551, ""attn.o_proj.max_weight_position"": 35.00604838143942, ""attn.o_proj.min_weight"": 0.8145166082909967, ""attn.o_proj.min_weight_distance"": 1.9935889089158465, ""direction_index"": 25.62812741013691, ""direction_scope"": ""global"", ""mlp.down_proj.max_weight"": 1.3248362709407664, ""mlp.down_proj.max_weight_position"": 37.16360888284453, ""mlp.down_proj.min_weight"": 0.16095080919104532, ""mlp.down_proj.min_weight_distance"": 15.065154838734076}","{""attn.o_proj"": {""max_weight"": 0.8634650166196551, ""max_weight_position"": 35.00604838143942, ""min_weight"": 0.7033065967149706, ""min_weight_distance"": 1.9935889089158465}, ""mlp.down_proj"": {""max_weight"": 1.3248362709407664, ""max_weight_position"": 37.16360888284453, ""min_weight"": 0.2132334698535633, ""min_weight_distance"": 15.065154838734076}}"
gams,38,startup,98,0.001457433681935072,global,28.726301985396887,"{""attn.o_proj.max_weight"": 1.1245198985960119, ""attn.o_proj.max_weight_position"": 40.54072679299568, ""attn.o_proj.min_weight"": 0.13525010165780937, ""attn.o_proj.min_weight_distance"": 11.300147867429402, ""direction_index"": 28.726301985396887, ""direction_scope"": ""global"", ""mlp.down_proj.max_weight"": -0.21954369142123015, ""mlp.down_proj.max_weight_position"": 45.36964388891234, ""mlp.down_proj.min_weight"": 0.3711928459617799, ""mlp.down_proj.min_weight_distance"": 6.249751959549539}","{""attn.o_proj"": {""max_weight"": 1.1245198985960119, ""max_weight_position"": 40.54072679299568, ""min_weight"": 0.1520914306013401, ""min_weight_distance"": 11.300147867429402}, ""mlp.down_proj"": {""max_weight"": 0.0, ""max_weight_position"": 45.36964388891234, ""min_weight"": 0.0, ""min_weight_distance"": 6.249751959549539}}"
gams,39,startup,91,0.004189885687083006,per layer,,"{""attn.o_proj.max_weight"": 0.821136473740773, ""attn.o_proj.max_weight_position"": 32.894097945113245, ""attn.o_proj.min_weight"": 0.6017175868107278, ""attn.o_proj.min_weight_distance"": 11.045423350330022, ""direction_index"": 27.972161766147913, ""direction_scope"": ""per layer"", ""mlp.down_proj.max_weight"": 0.2456345928381416, ""mlp.down_proj.max_weight_position"": 42.87884706793598, ""mlp.down_proj.min_weight"": 0.98480204415062, ""mlp.down_proj.min_weight_distance"": 5.610813857207085}","{""attn.o_proj"": {""max_weight"": 0.821136473740773, ""max_weight_position"": 32.894097945113245, ""min_weight"": 0.49409225742156854, ""min_weight_distance"": 11.045423350330022}, ""mlp.down_proj"": {""max_weight"": 0.2456345928381416, ""max_weight_position"": 42.87884706793598, ""min_weight"": 0.2419014491411071, ""min_weight_distance"": 5.610813857207085}}"
gams,40,startup,38,0.014699605293571949,global,32.04187289094359,"{""attn.o_proj.max_weight"": 1.1192766655794548, ""attn.o_proj.max_weight_position"": 31.082562757892905, ""attn.o_proj.min_weight"": 0.04007411920348303, ""attn.o_proj.min_weight_distance"": 20.179642521408283, ""direction_index"": 32.04187289094359, ""direction_scope"": ""global"", ""mlp.down_proj.max_weight"": 1.330161076552074, ""mlp.down_proj.max_weight_position"": 43.20461336154763, ""mlp.down_proj.min_weight"": 0.6771435097209595, ""mlp.down_proj.min_weight_distance"": 16.663112646301364}","{""attn.o_proj"": {""max_weight"": 1.1192766655794548, ""max_weight_position"": 31.082562757892905, ""min_weight"": 0.04485402651810808, ""min_weight_distance"": 20.179642521408283}, ""mlp.down_proj"": {""max_weight"": 1.330161076552074, ""max_weight_position"": 43.20461336154763, ""min_weight"": 0.9007099398706813, ""min_weight_distance"": 16.663112646301364}}"
gams,41,startup,43,0.02767256647348404,per layer,,"{""attn.o_proj.max_weight"": 0.8871654713186036, ""attn.o_proj.max_weight_position"": 35.573859739228766, ""attn.o_proj.min_weight"": 0.7466298988106123, ""attn.o_proj.min_weight_distance"": 25.90939340356853, ""direction_index"": 27.916640144412895, ""direction_scope"": ""per layer"", ""mlp.down_proj.max_weight"": 0.3946349771781381, ""mlp.down_proj.max_weight_position"": 45.09693840725191, ""mlp.down_proj.min_weight"": 0.23150000564704665, ""mlp.down_proj.min_weight_distance"": 27.094467043557504}","{""attn.o_proj"": {""max_weight"": 0.8871654713186036, ""max_weight_position"": 35.573859739228766, ""min_weight"": 0.6623842660788781, ""min_weight_distance"": 25.90939340356853}, ""mlp.down_proj"": {""max_weight"": 0.3946349771781381, ""max_weight_position"": 45.09693840725191, ""min_weight"": 0.0913579994452611, ""min_weight_distance"": 27.094467043557504}}"
gams,42,startup,49,0.012131468392908573,per layer,,"{""attn.o_proj.max_weight"": 0.9914719132125418, ""attn.o_proj.max_weight_position"": 46.81057253187694, ""attn.o_proj.min_weight"": 0.6956487695918402, ""attn.o_proj.min_weight_distance"": 16.90554481002505, ""direction_index"": 20.707173880117146, ""direction_scope"": ""per layer"", ""mlp.down_proj.max_weight"": 1.0927104465907158, ""mlp.down_proj.max_weight_position"": 35.522484050808224, ""mlp.down_proj.min_weight"": 0.08952500356210458, ""mlp.down_proj.min_weight_distance"": 10.280412108698776}","{""attn.o_proj"": {""max_weight"": 0.9914719132125418, ""max_weight_position"": 46.81057253187694, ""min_weight"": 0.6897162165111724, ""min_weight_distance"": 16.90554481002505}, ""mlp.down_proj"": {""max_weight"": 1.0927104465907158, ""max_weight_position"": 35.522484050808224, ""min_weight"": 0.09782490662338271, ""min_weight_distance"": 10.280412108698776}}"
gams,43,startup,43,0.017827561125159264,per layer,,"{""attn.o_proj.max_weight"": 1.3001684248538212, ""attn.o_proj.max_weight_position"": 32.08985260021106, ""attn.o_proj.min_weight"": 0.25262995261362176, ""attn.o_proj.min_weight_distance"": 21.93028725527035, ""direction_index"": 19.74196437508657, ""direction_scope"": ""per layer"", ""mlp.down_proj.max_weight"": 0.04773746643899546, ""mlp.down_proj.max_weight_position"": 31.856750941965675, ""mlp.down_proj.min_weight"": 0.715795166288015, ""mlp.down_proj.min_weight_distance"": 21.851661425348215}","{""attn.o_proj"": {""max_weight"": 1.3001684248538212, ""max_weight_position"": 32.08985260021106, ""min_weight"": 0.3284614875605481, ""min_weight_distance"": 21.93028725527035}, ""mlp.down_proj"": {""max_weight"": 0.04773746643899546, ""max_weight_position"": 31.856750941965675, ""min_weight"": 0.034170247727869286, ""min_weight_distance"": 21.851661425348215}}"
gams,44,startup,97,0.0016358256107196212,per layer,,"{""attn.o_proj.max_weight"": 0.8608309420938871, ""attn.o_proj.max_weight_position"": 46.3735620403464, ""attn.o_proj.min_weight"": 0.502590991896195, ""attn.o_proj.min_weight_distance"": 8.658475800852349, ""direction_index"": 39.7690645250466, ""direction_scope"": ""per layer"", ""mlp.down_proj.max_weight"": -0.092752712610608, ""mlp.down_proj.max_weight_position"": 29.63871079480795, ""mlp.down_proj.min_weight"": 0.9992755258816318, ""mlp.down_proj.min_weight_distance"": 3.1835017901662406}","{""attn.o_proj"": {""max_weight"": 0.8608309420938871, ""max_weight_position"": 46.3735620403464, ""min_weight"": 0.43264587704190277, ""min_weight_distance"": 8.658475800852349}, ""mlp.down_proj"": {""max_weight"": 0.0, ""max_weight_position"": 29.63871079480795, ""min_weight"": 0.0, ""min_weight_distance"": 3.1835017901662406}}"
gams,45,startup,87,0.008104189299046993,global,33.691115749168816,"{""attn.o_proj.max_weight"": 1.421942562175185, ""attn.o_proj.max_weight_position"": 31.527901420390748, ""attn.o_proj.min_weight"": 0.6502695878566195, ""attn.o_proj.min_weight_distance"": 25.246664793542234, ""direction_index"": 33.691115749168816, ""direction_scope"": ""global"", ""mlp.down_proj.max_weight"": -0.14674264560933245, ""mlp.down_proj.max_weight_position"": 30.914000792448224, ""mlp.down_proj.min_weight"": 0.36151160508403934, ""mlp.down_proj.min_weight_distance"": 12.747432535979712}","{""attn.o_proj"": {""max_weight"": 1.421942562175185, ""max_weight_position"": 31.527901420390748, ""min_weight"": 0.9246460038614431, ""min_weight_distance"": 25.246664793542234}, ""mlp.down_proj"": {""max_weight"": 0.0, ""max_weight_position"": 30.914000792448224, ""min_weight"": 0.0, ""min_weight_distance"": 12.747432535979712}}"
gams,46,startup,98,0.0017511872574687004,global,25.20970557411984,"{""attn.o_proj.max_weight"": 1.0364867415484358, ""attn.o_proj.max_weight_position"": 38.53861980666168, ""attn.o_proj.min_weight"": 0.8368933166547248, ""attn.o_proj.min_weight_distance"": 9.969385806794154, ""direction_index"": 25.20970557411984, ""direction_scope"": ""global"", ""mlp.down_proj.max_weight"": 1.4151029466167038, ""mlp.down_proj.max_weight_position"": 35.45490983602075, ""mlp.down_proj.min_weight"": 0.39116532363649714, ""mlp.down_proj.min_weight_distance"": 1.431900881182661}","{""attn.o_proj"": {""max_weight"": 1.0364867415484358, ""max_weight_position"": 38.53861980666168, ""min_weight"": 0.867428826803119, ""min_weight_distance"": 9.969385806794154}, ""mlp.down_proj"": {""max_weight"": 1.4151029466167038, ""max_weight_position"": 35.45490983602075, ""min_weight"": 0.5535392020922837, ""min_weight_distance"": 1.431900881182661}}"
gams,47,startup,90,0.006140532437711954,global,38.28327271371856,"{""attn.o_proj.max_weight"": 1.3952361406377172, ""attn.o_proj.max_weight_position"": 33.90596335448413, ""attn.o_proj.min_weight"": 0.629061209478275, ""attn.o_proj.min_weight_distance"": 14.98287012005069, ""direction_index"": 38.28327271371856, ""direction_scope"": ""global"", ""mlp.down_proj.max_weight"": 0.29428359153216843, ""mlp.down_proj.max_weight_position"": 41.18497188653289, ""mlp.down_proj.min_weight"": 0.3351470873157041, ""mlp.down_proj.min_weight_distance"": 1.3224300221628427}","{""attn.o_proj"": {""max_weight"": 1.3952361406377172, ""max_weight_position"": 33.90596335448413, ""min_weight"": 0.877688934137363, ""min_weight_distance"": 14.98287012005069}, ""mlp.down_proj"": {""max_weight"": 0.29428359153216843, ""max_weight_position"": 41.18497188653289, ""min_weight"": 0.09862828854681065, ""min_weight_distance"": 1.3224300221628427}}"
gams,48,startup,91,0.00519563676789403,global,40.87239608615868,"{""attn.o_proj.max_weight"": 1.2525927062772837, ""attn.o_proj.max_weight_position"": 33.15227622365866, ""attn.o_proj.min_weight"": 0.7168953208903243, ""attn.o_proj.min_weight_distance"": 9.098398231975944, ""direction_index"": 40.87239608615868, ""direction_scope"": ""global"", ""mlp.down_proj.max_weight"": 1.1778839766101659, ""mlp.down_proj.max_weight_position"": 43.15584027763268, ""mlp.down_proj.min_weight"": 0.05089421168977348, ""mlp.down_proj.min_weight_distance"": 12.622494084876362}","{""attn.o_proj"": {""max_weight"": 1.2525927062772837, ""max_weight_position"": 33.15227622365866, ""min_weight"": 0.897977850111533, ""min_weight_distance"": 9.098398231975944}, ""mlp.down_proj"": {""max_weight"": 1.1778839766101659, ""max_weight_position"": 43.15584027763268, ""min_weight"": 0.05994747645158998, ""min_weight_distance"": 12.622494084876362}}"
gams,49,startup,98,0.001347831217572093,per layer,,"{""attn.o_proj.max_weight"": 1.1453616302799037, ""attn.o_proj.max_weight_position"": 29.61234963453288, ""attn.o_proj.min_weight"": 0.20936944959777493, ""attn.o_proj.min_weight_distance"": 2.9007037550866377, ""direction_index"": 38.38447664938904, ""direction_scope"": ""per layer"", ""mlp.down_proj.max_weight"": -0.18380213233627782, ""mlp.down_proj.max_weight_position"": 30.58960805518623, ""mlp.down_proj.min_weight"": 0.09779690989022694, ""mlp.down_proj.min_weight_distance"": 18.954780972809075}","{""attn.o_proj"": {""max_weight"": 1.1453616302799037, ""max_weight_position"": 29.61234963453288, ""min_weight"": 0.23980373412211362, ""min_weight_distance"": 2.9007037550866377}, ""mlp.down_proj"": {""max_weight"": 0.0, ""max_weight_position"": 30.58960805518623, ""min_weight"": 0.0, ""min_weight_distance"": 18.954780972809075}}"
gams,50,startup,25,0.19096918404102325,per layer,,"{""attn.o_proj.max_weight"": 1.0078580294611137, ""attn.o_proj.max_weight_position"": 42.215291959073284, ""attn.o_proj.min_weight"": 0.6205395940163719, ""attn.o_proj.min_weight_distance"": 26.528766456157843, ""direction_index"": 41.53789786362955, ""direction_scope"": ""per layer"", ""mlp.down_proj.max_weight"": 1.2772427646426443, ""mlp.down_proj.max_weight_position"": 33.132717104414816, ""mlp.down_proj.min_weight"": 0.8326683261031333, ""mlp.down_proj.min_weight_distance"": 16.548577386211065}","{""attn.o_proj"": {""max_weight"": 1.0078580294611137, ""max_weight_position"": 42.215291959073284, ""min_weight"": 0.6254158124279401, ""min_weight_distance"": 26.528766456157843}, ""mlp.down_proj"": {""max_weight"": 1.2772427646426443, ""max_weight_position"": 33.132717104414816, ""min_weight"": 1.063519594862329, ""min_weight_distance"": 16.548577386211065}}"
gams,51,startup,49,0.023980798199772835,per layer,,"{""attn.o_proj.max_weight"": 1.2112696711202506, ""attn.o_proj.max_weight_position"": 44.85399627216432, ""attn.o_proj.min_weight"": 0.294173885432223, ""attn.o_proj.min_weight_distance"": 12.49704783904286, ""direction_index"": 34.93754595670812, ""direction_scope"": ""per layer"", ""mlp.down_proj.max_weight"": 0.7490654216316108, ""mlp.down_proj.max_weight_position"": 41.82885184296859, ""mlp.down_proj.min_weight"": 0.9051468488813411, ""mlp.down_proj.min_weight_distance"": 17.02543531597856}","{""attn.o_proj"": {""max_weight"": 1.2112696711202506, ""max_weight_position"": 44.85399627216432, ""min_weight"": 0.35632390545965503, ""min_weight_distance"": 12.49704783904286}, ""mlp.down_proj"": {""max_weight"": 0.7490654216316108, ""max_weight_position"": 41.82885184296859, ""min_weight"": 0.6780142059958257, ""min_weight_distance"": 17.02543531597856}}"
gams,52,startup,98,0.002875973004847765,global,21.0882679696928,"{""attn.o_proj.max_weight"": 0.9993916880290334, ""attn.o_proj.max_weight_position"": 39.83371638729182, ""attn.o_proj.min_weight"": 0.29754617346961454, ""attn.o_proj.min_weight_distance"": 8.86790022261646, ""direction_index"": 21.0882679696928, ""direction_scope"": ""global"", ""mlp.down_proj.max_weight"": 1.069815189119748, ""mlp.down_proj.max_weight_position"": 43.02715069627446, ""mlp.down_proj.min_weight"": 0.6067421633079724, ""mlp.down_proj.min_weight_distance"": 13.357930683821355}","{""attn.o_proj"": {""max_weight"": 0.9993916880290334, ""max_weight_position"": 39.83371638729182, ""min_weight"": 0.2973651725703777, ""min_weight_distance"": 8.86790022261646}, ""mlp.down_proj"": {""max_weight"": 1.069815189119748, ""max_weight_position"": 43.02715069627446, ""min_weight"": 0.6491019821862435, ""min_weight_distance"": 13.357930683821355}}"
gams,53,startup,99,0.004129964858293533,global,19.376469531956555,"{""attn.o_proj.max_weight"": 1.1066104074661325, ""attn.o_proj.max_weight_position"": 39.65487292814977, ""attn.o_proj.min_weight"": 0.4641550699508056, ""attn.o_proj.min_weight_distance"": 14.375881850200637, ""direction_index"": 19.376469531956555, ""direction_scope"": ""global"", ""mlp.down_proj.max_weight"": 0.38488689737004567, ""mlp.down_proj.max_weight_position"": 34.33851287705576, ""mlp.down_proj.min_weight"": 0.32122363530065223, ""mlp.down_proj.min_weight_distance"": 26.15991619599247}","{""attn.o_proj"": {""max_weight"": 1.1066104074661325, ""max_weight_position"": 39.65487292814977, ""min_weight"": 0.5136388310857322, ""min_weight_distance"": 14.375881850200637}, ""mlp.down_proj"": {""max_weight"": 0.38488689737004567, ""max_weight_position"": 34.33851287705576, ""min_weight"": 0.12363476835279512, ""min_weight_distance"": 26.15991619599247}}"
gams,54,startup,75,0.008159291930496693,global,41.75213960302098,"{""attn.o_proj.max_weight"": 0.8658403007871216, ""attn.o_proj.max_weight_position"": 34.80381393405317, ""attn.o_proj.min_weight"": 0.06958978432555363, ""attn.o_proj.min_weight_distance"": 25.6367267302216, ""direction_index"": 41.75213960302098, ""direction_scope"": ""global"", ""mlp.down_proj.max_weight"": 0.5076479582671709, ""mlp.down_proj.max_weight_position"": 43.03233793037233, ""mlp.down_proj.min_weight"": 0.9999344804266129, ""mlp.down_proj.min_weight_distance"": 19.786651245255584}","{""attn.o_proj"": {""max_weight"": 0.8658403007871216, ""max_weight_position"": 34.80381393405317, ""min_weight"": 0.060253639792148275, ""min_weight_distance"": 25.6367267302216}, ""mlp.down_proj"": {""max_weight"": 0.5076479582671709, ""max_weight_position"": 43.03233793037233, ""min_weight"": 0.5076146973895144, ""min_weight_distance"": 19.786651245255584}}"
gams,55,startup,73,0.006073635071516037,per layer,,"{""attn.o_proj.max_weight"": 1.2265553005430525, ""attn.o_proj.max_weight_position"": 37.3087895676923, ""attn.o_proj.min_weight"": 0.3847640933914611, ""attn.o_proj.min_weight_distance"": 14.399946856284853, ""direction_index"": 29.546022982570697, ""direction_scope"": ""per layer"", ""mlp.down_proj.max_weight"": 1.3499833148979605, ""mlp.down_proj.max_weight_position"": 39.44023395533196, ""mlp.down_proj.min_weight"": 0.5516684673786048, ""mlp.down_proj.min_weight_distance"": 1.4194550679695772}","{""attn.o_proj"": {""max_weight"": 1.2265553005430525, ""max_weight_position"": 37.3087895676923, ""min_weight"": 0.47193443820793873, ""min_weight_distance"": 14.399946856284853}, ""mlp.down_proj"": {""max_weight"": 1.3499833148979605, ""max_weight_position"": 39.44023395533196, ""min_weight"": 0.7447432263164463, ""min_weight_distance"": 1.4194550679695772}}"
gams,56,startup,97,0.0015815484803169966,global,38.14275740584639,"{""attn.o_proj.max_weight"": 1.4688189561885374, ""attn.o_proj.max_weight_position"": 45.921792152519146, ""attn.o_proj.min_weight"": 0.30988888991363694, ""attn.o_proj.min_weight_distance"": 6.255437806117127, ""direction_index"": 38.14275740584639, ""direction_scope"": ""global"", ""mlp.down_proj.max_weight"": 1.1651524774595807, ""mlp.down_proj.max_weight_position"": 41.36636763795114, ""mlp.down_proj.min_weight"": 0.35463413404787414, ""mlp.down_proj.min_weight_distance"": 5.886798062346417}","{""attn.o_proj"": {""max_weight"": 1.4688189561885374, ""max_weight_position"": 45.921792152519146, ""min_weight"": 0.4551706758173728, ""min_weight_distance"": 6.255437806117127}, ""mlp.down_proj"": {""max_weight"": 1.1651524774595807, ""max_weight_position"": 41.36636763795114, ""min_weight"": 0.4132028398776136, ""min_weight_distance"": 5.886798062346417}}"
gams,57,startup,54,0.011719870381057262,per layer,,"{""attn.o_proj.max_weight"": 1.3749544886389322, ""attn.o_proj.max_weight_position"": 44.100777532485104, ""attn.o_proj.min_weight"": 0.17231372804156564, ""attn.o_proj.min_weight_distance"": 21.543362271039832, ""direction_index"": 30.586423263772943, ""direction_scope"": ""per layer"", ""mlp.down_proj.max_weight"": 0.19345080063046738, ""mlp.down_proj.max_weight_position"": 31.740337131841493, ""mlp.down_proj.min_weight"": 0.41679066507472884, ""mlp.down_proj.min_weight_distance"": 13.88134967660555}","{""attn.o_proj"": {""max_weight"": 1.3749544886389322, ""max_weight_position"": 44.100777532485104, ""min_weight"": 0.23692353382485892, ""min_weight_distance"": 21.543362271039832}, ""mlp.down_proj"": {""max_weight"": 0.19345080063046738, ""max_weight_position"": 31.740337131841493, ""min_weight"": 0.08062848785401128, ""min_weight_distance"": 13.88134967660555}}"
gams,58,startup,29,0.147615447640419,per layer,,"{""attn.o_proj.max_weight"": 0.9822008771775055, ""attn.o_proj.max_weight_position"": 29.039957049912342, ""attn.o_proj.min_weight"": 0.6786047308856499, ""attn.o_proj.min_weight_distance"": 4.809321506641856, ""direction_index"": 40.152229809377644, ""direction_scope"": ""per layer"", ""mlp.down_proj.max_weight"": 1.3051969775316312, ""mlp.down_proj.max_weight_position"": 31.682130278182054, ""mlp.down_proj.min_weight"": 0.615137672033594, ""mlp.down_proj.min_weight_distance"": 14.165996240019785}","{""attn.o_proj"": {""max_weight"": 0.9822008771775055, ""max_weight_position"": 29.039957049912342, ""min_weight"": 0.6665261619326903, ""min_weight_distance"": 4.809321506641856}, ""mlp.down_proj"": {""max_weight"": 1.3051969775316312, ""max_weight_position"": 31.682130278182054, ""min_weight"": 0.8028758303040908, ""min_weight_distance"": 14.165996240019785}}"
gams,59,startup,70,0.010180058889091015,per layer,,"{""attn.o_proj.max_weight"": 0.9140407262271384, ""attn.o_proj.max_weight_position"": 37.234499068830424, ""attn.o_proj.min_weight"": 0.19806400799400048, ""attn.o_proj.min_weight_distance"": 27.7249000183254, ""direction_index"": 23.44505402202606, ""direction_scope"": ""per layer"", ""mlp.down_proj.max_weight"": 0.13853397475972695, ""mlp.down_proj.max_weight_position"": 33.614878898431776, ""mlp.down_proj.min_weight"": 0.7051025221187837, ""mlp.down_proj.min_weight_distance"": 9.57752301962177}","{""attn.o_proj"": {""max_weight"": 0.9140407262271384, ""max_weight_position"": 37.234499068830424, ""min_weight"": 0.18103856970629395, ""min_weight_distance"": 27.7249000183254}, ""mlp.down_proj"": {""max_weight"": 0.13853397475972695, ""max_weight_position"": 33.614878898431776, ""min_weight"": 0.0976806550022234, ""min_weight_distance"": 9.57752301962177}}"
gams,60,tpe,31,0.017964279279112816,global,32.04133892260182,"{""attn.o_proj.max_weight"": 1.2865233921152455, ""attn.o_proj.max_weight_position"": 35.907144749803244, ""attn.o_proj.min_weight"": 0.5924089514998193, ""attn.o_proj.min_weight_distance"": 22.675863678501404, ""direction_index"": 32.04133892260182, ""direction_scope"": ""global"", ""mlp.down_proj.max_weight"": 0.576538198859111, ""mlp.down_proj.max_weight_position"": 28.204509325998888, ""mlp.down_proj.min_weight"": 0.5968862800156369, ""mlp.down_proj.min_weight_distance"": 26.51100204134654}","{""attn.o_proj"": {""max_weight"": 1.2865233921152455, ""max_weight_position"": 35.907144749803244, ""min_weight"": 0.7621479738029835, ""min_weight_distance"": 22.675863678501404}, ""mlp.down_proj"": {""max_weight"": 0.576538198859111, ""max_weight_position"": 28.204509325998888, ""min_weight"": 0.34412774080393027, ""min_weight_distance"": 26.51100204134654}}"
gams,61,tpe,27,0.09815122932195663,global,27.71635242094774,"{""attn.o_proj.max_weight"": 1.1407049591610943, ""attn.o_proj.max_weight_position"": 33.08591747490373, ""attn.o_proj.min_weight"": 0.8812401767941305, ""attn.o_proj.min_weight_distance"": 15.855713867472325, ""direction_index"": 27.71635242094774, ""direction_scope"": ""global"", ""mlp.down_proj.max_weight"": 0.9525036688761532, ""mlp.down_proj.max_weight_position"": 31.61072666877471, ""mlp.down_proj.min_weight"": 0.9584986636473846, ""mlp.down_proj.min_weight_distance"": 21.368244994450407}","{""attn.o_proj"": {""max_weight"": 1.1407049591610943, ""max_weight_position"": 33.08591747490373, ""min_weight"": 1.005235039881064, ""min_weight_distance"": 15.855713867472325}, ""mlp.down_proj"": {""max_weight"": 0.9525036688761532, ""max_weight_position"": 31.61072666877471, ""min_weight"": 0.9129734937370237, ""min_weight_distance"": 21.368244994450407}}"
gams,62,tpe,69,0.006084001157432795,per layer,,"{""attn.o_proj.max_weight"": 1.093511514792143, ""attn.o_proj.max_weight_position"": 35.887553867265126, ""attn.o_proj.min_weight"": 0.6718374060628826, ""attn.o_proj.min_weight_distance"": 11.021368837455125, ""direction_index"": 29.764921723033027, ""direction_scope"": ""per layer"", ""mlp.down_proj.max_weight"": 0.4545428017909351, ""mlp.down_proj.max_weight_position"": 42.06348907412926, ""mlp.down_proj.min_weight"": 0.0685312300611612, ""mlp.down_proj.min_weight_distance"": 12.527961711495909}","{""attn.o_proj"": {""max_weight"": 1.093511514792143, ""max_weight_position"": 35.887553867265126, ""min_weight"": 0.7346619395978468, ""min_weight_distance"": 11.021368837455125}, ""mlp.down_proj"": {""max_weight"": 0.4545428017909351, ""max_weight_position"": 42.06348907412926, ""min_weight"": 0.031150377322179366, ""min_weight_distance"": 12.527961711495909}}"
gams,63,tpe,41,0.019442066550254822,per layer,,"{""attn.o_proj.max_weight"": 1.1871930022953738, ""attn.o_proj.max_weight_position"": 31.825260049518956, ""attn.o_proj.min_weight"": 0.6999250855415722, ""attn.o_proj.min_weight_distance"": 16.622310096727425, ""direction_index"": 29.06967053274347, ""direction_scope"": ""per layer"", ""mlp.down_proj.max_weight"": 0.40497195509525113, ""mlp.down_proj.max_weight_position"": 42.459317835940816, ""mlp.down_proj.min_weight"": 0.019621696036595165, ""mlp.down_proj.min_weight_distance"": 15.570176216484004}","{""attn.o_proj"": {""max_weight"": 1.1871930022953738, ""max_weight_position"": 31.825260049518956, ""min_weight"": 0.8309461636859454, ""min_weight_distance"": 16.622310096727425}, ""mlp.down_proj"": {""max_weight"": 0.40497195509525113, ""max_weight_position"": 42.459317835940816, ""min_weight"": 0.007946236606224684, ""min_weight_distance"": 15.570176216484004}}"
gams,64,tpe,26,0.1315203160047531,global,25.24673579854318,"{""attn.o_proj.max_weight"": 1.1718833149678818, ""attn.o_proj.max_weight_position"": 36.456863401082146, ""attn.o_proj.min_weight"": 0.9048682144287199, ""attn.o_proj.min_weight_distance"": 18.669475635800993, ""direction_index"": 25.24673579854318, ""direction_scope"": ""global"", ""mlp.down_proj.max_weight"": 0.835061338571167, ""mlp.down_proj.max_weight_position"": 34.680231367059804, ""mlp.down_proj.min_weight"": 0.9249060131381087, ""mlp.down_proj.min_weight_distance"": 23.588493088572577}","{""attn.o_proj"": {""max_weight"": 1.1718833149678818, ""max_weight_position"": 36.456863401082146, ""min_weight"": 1.0603999627337963, ""min_weight_distance"": 18.669475635800993}, ""mlp.down_proj"": {""max_weight"": 0.835061338571167, ""max_weight_position"": 34.680231367059804, ""min_weight"": 0.7723532533836305, ""min_weight_distance"": 23.588493088572577}}"
gams,65,tpe,27,0.058806851506233215,global,25.545576477312203,"{""attn.o_proj.max_weight"": 1.3156908441742408, ""attn.o_proj.max_weight_position"": 32.187411727806904, ""attn.o_proj.min_weight"": 0.9112050174269143, ""attn.o_proj.min_weight_distance"": 15.907142629782873, ""direction_index"": 25.545576477312203, ""direction_scope"": ""global"", ""mlp.down_proj.max_weight"": 0.6340614954062251, ""mlp.down_proj.max_weight_position"": 31.539678019993, ""mlp.down_proj.min_weight"": 0.8671122029129363, ""mlp.down_proj.min_weight_distance"": 22.086817285262853}","{""attn.o_proj"": {""max_weight"": 1.3156908441742408, ""max_weight_position"": 32.187411727806904, ""min_weight"": 1.1988640985942207, ""min_weight_distance"": 15.907142629782873}, ""mlp.down_proj"": {""max_weight"": 0.6340614954062251, ""max_weight_position"": 31.539678019993, ""min_weight"": 0.5498024600639625, ""min_weight_distance"": 22.086817285262853}}"
gams,66,tpe,89,0.006287092342972755,global,22.49563507509158,"{""attn.o_proj.max_weight"": 1.4590444708335593, ""attn.o_proj.max_weight_position"": 33.56680603126871, ""attn.o_proj.min_weight"": 0.897634922585918, ""attn.o_proj.min_weight_distance"": 12.627110391128326, ""direction_index"": 22.49563507509158, ""direction_scope"": ""global"", ""mlp.down_proj.max_weight"": 0.09070617963631444, ""mlp.down_proj.max_weight_position"": 33.23228269604805, ""mlp.down_proj.min_weight"": 0.9333902125619157, ""mlp.down_proj.min_weight_distance"": 27.211231694076485}","{""attn.o_proj"": {""max_weight"": 1.4590444708335593, ""max_weight_position"": 33.56680603126871, ""min_weight"": 1.3096892706260936, ""min_weight_distance"": 12.627110391128326}, ""mlp.down_proj"": {""max_weight"": 0.09070617963631444, ""max_weight_position"": 33.23228269604805, ""min_weight"": 0.08466426029141885, ""min_weight_distance"": 27.211231694076485}}"
gams,67,tpe,98,0.0009150009718723595,global,37.867596227383345,"{""attn.o_proj.max_weight"": 1.0447867052184077, ""attn.o_proj.max_weight_position"": 40.24209188049715, ""attn.o_proj.min_weight"": 0.09389004358679003, ""attn.o_proj.min_weight_distance"": 2.092590542511271, ""direction_index"": 37.867596227383345, ""direction_scope"": ""global"", ""mlp.down_proj.max_weight"": -0.10744255547813736, ""mlp.down_proj.max_weight_position"": 36.653901634341544, ""mlp.down_proj.min_weight"": 0.6237996339166391, ""mlp.down_proj.min_weight_distance"": 1.0158638922423684}","{""attn.o_proj"": {""max_weight"": 1.0447867052184077, ""max_weight_position"": 40.24209188049715, ""min_weight"": 0.09809506929185503, ""min_weight_distance"": 2.092590542511271}, ""mlp.down_proj"": {""max_weight"": 0.0, ""max_weight_position"": 36.653901634341544, ""min_weight"": 0.0, ""min_weight_distance"": 1.0158638922423684}}"
gams,68,tpe,95,0.0027008664328604937,per layer,,"{""attn.o_proj.max_weight"": 0.876980058843116, ""attn.o_proj.max_weight_position"": 44.04002041445002, ""attn.o_proj.min_weight"": 0.8835939368272501, ""attn.o_proj.min_weight_distance"": 2.661397515005847, ""direction_index"": 29.96525472703762, ""direction_scope"": ""per layer"", ""mlp.down_proj.max_weight"": 0.7445949731681206, ""mlp.down_proj.max_weight_position"": 44.96019761862122, ""mlp.down_proj.min_weight"": 0.49991071294427514, ""mlp.down_proj.min_weight_distance"": 6.127311768844733}","{""attn.o_proj"": {""max_weight"": 0.876980058843116, ""max_weight_position"": 44.04002041445002, ""min_weight"": 0.7748942627121823, ""min_weight_distance"": 2.661397515005847}, ""mlp.down_proj"": {""max_weight"": 0.7445949731681206, ""max_weight_position"": 44.96019761862122, ""min_weight"": 0.3722310038911986, ""min_weight_distance"": 6.127311768844733}}"
gams,69,tpe,37,0.009095561690628529,per layer,,"{""attn.o_proj.max_weight"": 1.0700394297630405, ""attn.o_proj.max_weight_position"": 38.049859710496776, ""attn.o_proj.min_weight"": 0.9476402166020039, ""attn.o_proj.min_weight_distance"": 16.123918143027915, ""direction_index"": 32.14897618112367, ""direction_scope"": ""per layer"", ""mlp.down_proj.max_weight"": 0.5241002020579364, ""mlp.down_proj.max_weight_position"": 46.87410696633696, ""mlp.down_proj.min_weight"": 0.10699303166677034, ""mlp.down_proj.min_weight_distance"": 7.535789464650109}","{""attn.o_proj"": {""max_weight"": 1.0700394297630405, ""max_weight_position"": 38.049859710496776, ""min_weight"": 1.0140123969933323, ""min_weight_distance"": 16.123918143027915}, ""mlp.down_proj"": {""max_weight"": 0.5241002020579364, ""max_weight_position"": 46.87410696633696, ""min_weight"": 0.05607506951534552, ""min_weight_distance"": 7.535789464650109}}"
gams,70,tpe,55,0.0075410110875964165,per layer,,"{""attn.o_proj.max_weight"": 1.0874406380258455, ""attn.o_proj.max_weight_position"": 39.046074043345136, ""attn.o_proj.min_weight"": 0.9571033154307494, ""attn.o_proj.min_weight_distance"": 14.161859456933843, ""direction_index"": 35.10199694333517, ""direction_scope"": ""per layer"", ""mlp.down_proj.max_weight"": 0.7062068607350344, ""mlp.down_proj.max_weight_position"": 45.34876141347939, ""mlp.down_proj.min_weight"": 0.23716184044895533, ""mlp.down_proj.min_weight_distance"": 6.153935296252862}","{""attn.o_proj"": {""max_weight"": 1.0874406380258455, ""max_weight_position"": 39.046074043345136, ""min_weight"": 1.0407930399886662, ""min_weight_distance"": 14.161859456933843}, ""mlp.down_proj"": {""max_weight"": 0.7062068607350344, ""max_weight_position"": 45.34876141347939, ""min_weight"": 0.16748531882959983, ""min_weight_distance"": 6.153935296252862}}"
gams,71,tpe,97,0.000842347159050405,global,37.822607648114584,"{""attn.o_proj.max_weight"": 0.9571860731683777, ""attn.o_proj.max_weight_position"": 46.020527892725774, ""attn.o_proj.min_weight"": 0.02403258682418692, ""attn.o_proj.min_weight_distance"": 5.7338397508978165, ""direction_index"": 37.822607648114584, ""direction_scope"": ""global"", ""mlp.down_proj.max_weight"": -0.1771693081993121, ""mlp.down_proj.max_weight_position"": 37.60023303676391, ""mlp.down_proj.min_weight"": 0.8607945581012071, ""mlp.down_proj.min_weight_distance"": 4.766511100009815}","{""attn.o_proj"": {""max_weight"": 0.9571860731683777, ""max_weight_position"": 46.020527892725774, ""min_weight"": 0.023003657410321572, ""min_weight_distance"": 5.7338397508978165}, ""mlp.down_proj"": {""max_weight"": 0.0, ""max_weight_position"": 37.60023303676391, ""min_weight"": 0.0, ""min_weight_distance"": 4.766511100009815}}"
gams,72,tpe,29,0.15188339352607727,per layer,,"{""attn.o_proj.max_weight"": 1.3841746024659234, ""attn.o_proj.max_weight_position"": 33.60586093463302, ""attn.o_proj.min_weight"": 0.9675473865281179, ""attn.o_proj.min_weight_distance"": 17.441136057271002, ""direction_index"": 25.406200966061057, ""direction_scope"": ""per layer"", ""mlp.down_proj.max_weight"": 0.8258468112382618, ""mlp.down_proj.max_weight_position"": 35.67214698167511, ""mlp.down_proj.min_weight"": 0.7552741142365152, ""mlp.down_proj.min_weight_distance"": 22.222596952484768}","{""attn.o_proj"": {""max_weight"": 1.3841746024659234, ""max_weight_position"": 33.60586093463302, ""min_weight"": 1.3392545191145007, ""min_weight_distance"": 17.441136057271002}, ""mlp.down_proj"": {""max_weight"": 0.8258468112382618, ""max_weight_position"": 35.67214698167511, ""min_weight"": 0.6237407188530287, ""min_weight_distance"": 22.222596952484768}}"
gams,73,tpe,97,0.0011005733394995332,global,40.43225763412283,"{""attn.o_proj.max_weight"": 0.8522453250725381, ""attn.o_proj.max_weight_position"": 44.90955240571489, ""attn.o_proj.min_weight"": 0.17404894695213752, ""attn.o_proj.min_weight_distance"": 4.855736158830363, ""direction_index"": 40.43225763412283, ""direction_scope"": ""global"", ""mlp.down_proj.max_weight"": -0.00822315557165157, ""mlp.down_proj.max_weight_position"": 41.66446044829044, ""mlp.down_proj.min_weight"": 0.8825056097425305, ""mlp.down_proj.min_weight_distance"": 7.989680375069842}","{""attn.o_proj"": {""max_weight"": 0.8522453250725381, ""max_weight_position"": 44.90955240571489, ""min_weight"": 0.1483324013737574, ""min_weight_distance"": 4.855736158830363}, ""mlp.down_proj"": {""max_weight"": 0.0, ""max_weight_position"": 41.66446044829044, ""min_weight"": 0.0, ""min_weight_distance"": 7.989680375069842}}"
gams,74,tpe,97,0.018345411866903305,global,25.789876242965043,"{""attn.o_proj.max_weight"": 1.3064267193398384, ""attn.o_proj.max_weight_position"": 33.69025040324085, ""attn.o_proj.min_weight"": 0.4256958758658015, ""attn.o_proj.min_weight_distance"": 10.207024980583338, ""direction_index"": 25.789876242965043, ""direction_scope"": ""global"", ""mlp.down_proj.max_weight"": 0.4672881362360331, ""mlp.down_proj.max_weight_position"": 28.294502267732945, ""mlp.down_proj.min_weight"": 0.8814980124043879, ""mlp.down_proj.min_weight_distance"": 23.598459714033716}","{""attn.o_proj"": {""max_weight"": 1.3064267193398384, ""max_weight_position"": 33.69025040324085, ""min_weight"": 0.5561404665438582, ""min_weight_distance"": 10.207024980583338}, ""mlp.down_proj"": {""max_weight"": 0.4672881362360331, ""max_weight_position"": 28.294502267732945, ""min_weight"": 0.411913563312214, ""min_weight_distance"": 23.598459714033716}}"
gams,75,tpe,64,0.04426049813628197,global,18.965991191118817,"{""attn.o_proj.max_weight"": 1.3616588645776788, ""attn.o_proj.max_weight_position"": 28.621826829292303, ""attn.o_proj.min_weight"": 0.9880757761824841, ""attn.o_proj.min_weight_distance"": 13.43304396942803, ""direction_index"": 18.965991191118817, ""direction_scope"": ""global"", ""mlp.down_proj.max_weight"": 0.8006169533803633, ""mlp.down_proj.max_weight_position"": 30.896505680307257, ""mlp.down_proj.min_weight"": 0.842151445917874, ""mlp.down_proj.min_weight_distance"": 21.994273749598293}","{""attn.o_proj"": {""max_weight"": 1.3616588645776788, ""max_weight_position"": 28.621826829292303, ""min_weight"": 1.34542213951335, ""min_weight_distance"": 13.43304396942803}, ""mlp.down_proj"": {""max_weight"": 0.8006169533803633, ""max_weight_position"": 30.896505680307257, ""min_weight"": 0.6742407249156361, ""min_weight_distance"": 21.994273749598293}}"
gams,76,tpe,91,0.0042065205052495,per layer,,"{""attn.o_proj.max_weight"": 1.0223237236155511, ""attn.o_proj.max_weight_position"": 37.33234185934802, ""attn.o_proj.min_weight"": 0.5278514718396978, ""attn.o_proj.min_weight_distance"": 5.3583709269239685, ""direction_index"": 28.64326583426352, ""direction_scope"": ""per layer"", ""mlp.down_proj.max_weight"": 0.8788254822825681, ""mlp.down_proj.max_weight_position"": 45.291863949020026, ""mlp.down_proj.min_weight"": 0.09174230350282407, ""mlp.down_proj.min_weight_distance"": 10.325779370089156}","{""attn.o_proj"": {""max_weight"": 1.0223237236155511, ""max_weight_position"": 37.33234185934802, ""min_weight"": 0.5396350822071091, ""min_weight_distance"": 5.3583709269239685}, ""mlp.down_proj"": {""max_weight"": 0.8788254822825681, ""max_weight_position"": 45.291863949020026, ""min_weight"": 0.0806254741215831, ""min_weight_distance"": 10.325779370089156}}"
gams,77,tpe,64,0.008092316798865795,per layer,,"{""attn.o_proj.max_weight"": 1.1646592293187334, ""attn.o_proj.max_weight_position"": 43.43642875197197, ""attn.o_proj.min_weight"": 0.8745802333370825, ""attn.o_proj.min_weight_distance"": 2.171530472769883, ""direction_index"": 27.00199562432939, ""direction_scope"": ""per layer"", ""mlp.down_proj.max_weight"": 1.1753957530770198, ""mlp.down_proj.max_weight_position"": 45.99522014224898, ""mlp.down_proj.min_weight"": 0.3960500571973759, ""mlp.down_proj.min_weight_distance"": 16.83533919883791}","{""attn.o_proj"": {""max_weight"": 1.1646592293187334, ""max_weight_position"": 43.43642875197197, ""min_weight"": 1.0185879405357645, ""min_weight_distance"": 2.171530472769883}, ""mlp.down_proj"": {""max_weight"": 1.1753957530770198, ""max_weight_position"": 45.99522014224898, ""min_weight"": 0.4655155552357064, ""min_weight_distance"": 16.83533919883791}}"
gams,78,tpe,87,0.008173700422048569,global,30.77866920515,"{""attn.o_proj.max_weight"": 1.1010153013337605, ""attn.o_proj.max_weight_position"": 33.82480398450045, ""attn.o_proj.min_weight"": 0.976626040372263, ""attn.o_proj.min_weight_distance"": 22.658517763397477, ""direction_index"": 30.77866920515, ""direction_scope"": ""global"", ""mlp.down_proj.max_weight"": 0.3271887600434135, ""mlp.down_proj.max_weight_position"": 44.33650064750816, ""mlp.down_proj.min_weight"": 0.14331503316062935, ""mlp.down_proj.min_weight_distance"": 2.328293749221798}","{""attn.o_proj"": {""max_weight"": 1.1010153013337605, ""max_weight_position"": 33.82480398450045, ""min_weight"": 1.0752802141308644, ""min_weight_distance"": 22.658517763397477}, ""mlp.down_proj"": {""max_weight"": 0.3271887600434135, ""max_weight_position"": 44.33650064750816, ""min_weight"": 0.04689106799540701, ""min_weight_distance"": 2.328293749221798}}"
gams,79,tpe,91,0.0033446839079260826,per layer,,"{""attn.o_proj.max_weight"": 0.9364594591533049, ""attn.o_proj.max_weight_position"": 39.99989842749194, ""attn.o_proj.min_weight"": 0.5828147976517472, ""attn.o_proj.min_weight_distance"": 12.545090178540148, ""direction_index"": 34.25183200848351, ""direction_scope"": ""per layer"", ""mlp.down_proj.max_weight"": 0.108070898882338, ""mlp.down_proj.max_weight_position"": 41.453967201204236, ""mlp.down_proj.min_weight"": 0.04314836282210126, ""mlp.down_proj.min_weight_distance"": 16.13774156765184}","{""attn.o_proj"": {""max_weight"": 0.9364594591533049, ""max_weight_position"": 39.99989842749194, ""min_weight"": 0.545782430195498, ""min_weight_distance"": 12.545090178540148}, ""mlp.down_proj"": {""max_weight"": 0.108070898882338, ""max_weight_position"": 41.453967201204236, ""min_weight"": 0.004663082355485738, ""min_weight_distance"": 16.13774156765184}}"
gams,80,tpe,43,0.009855512529611588,global,31.298073180908563,"{""attn.o_proj.max_weight"": 1.1754193720532398, ""attn.o_proj.max_weight_position"": 30.675213184608367, ""attn.o_proj.min_weight"": 0.7979052492607722, ""attn.o_proj.min_weight_distance"": 11.451780950916294, ""direction_index"": 31.298073180908563, ""direction_scope"": ""global"", ""mlp.down_proj.max_weight"": 0.39941756420903474, ""mlp.down_proj.max_weight_position"": 34.99794834769372, ""mlp.down_proj.min_weight"": 0.5332648844659071, ""mlp.down_proj.min_weight_distance"": 27.898788892762916}","{""attn.o_proj"": {""max_weight"": 1.1754193720532398, ""max_weight_position"": 30.675213184608367, ""min_weight"": 0.9378732870440807, ""min_weight_distance"": 11.451780950916294}, ""mlp.down_proj"": {""max_weight"": 0.39941756420903474, ""max_weight_position"": 34.99794834769372, ""min_weight"": 0.21299536123158497, ""min_weight_distance"": 27.898788892762916}}"
gams,81,tpe,77,0.005915949121117592,per layer,,"{""attn.o_proj.max_weight"": 0.9475132691752979, ""attn.o_proj.max_weight_position"": 37.73708952153043, ""attn.o_proj.min_weight"": 0.9604915350160155, ""attn.o_proj.min_weight_distance"": 13.498839575701242, ""direction_index"": 26.68862815701336, ""direction_scope"": ""per layer"", ""mlp.down_proj.max_weight"": 0.17887206071914002, ""mlp.down_proj.max_weight_position"": 44.59822035716188, ""mlp.down_proj.min_weight"": 0.0066545505074376565, ""mlp.down_proj.min_weight_distance"": 1.7492675350093956}","{""attn.o_proj"": {""max_weight"": 0.9475132691752979, ""max_weight_position"": 37.73708952153043, ""min_weight"": 0.9100784743582249, ""min_weight_distance"": 13.498839575701242}, ""mlp.down_proj"": {""max_weight"": 0.17887206071914002, ""max_weight_position"": 44.59822035716188, ""min_weight"": 0.0011903131624249725, ""min_weight_distance"": 1.7492675350093956}}"
gams,82,tpe,45,0.008427725173532963,per layer,,"{""attn.o_proj.max_weight"": 1.0260302921080215, ""attn.o_proj.max_weight_position"": 39.549216461435044, ""attn.o_proj.min_weight"": 0.9775148445106373, ""attn.o_proj.min_weight_distance"": 17.035530563943357, ""direction_index"": 38.9804994999799, ""direction_scope"": ""per layer"", ""mlp.down_proj.max_weight"": 0.4919732716799098, ""mlp.down_proj.max_weight_position"": 42.573384697950395, ""mlp.down_proj.min_weight"": 0.3608425851375082, ""mlp.down_proj.min_weight_distance"": 5.994962316600371}","{""attn.o_proj"": {""max_weight"": 1.0260302921080215, ""max_weight_position"": 39.549216461435044, ""min_weight"": 1.0029598414531764, ""min_weight_distance"": 17.035530563943357}, ""mlp.down_proj"": {""max_weight"": 0.4919732716799098, ""max_weight_position"": 42.573384697950395, ""min_weight"": 0.1775249071715363, ""min_weight_distance"": 5.994962316600371}}"
gams,83,tpe,36,0.011403638869524002,global,37.86713470358992,"{""attn.o_proj.max_weight"": 1.4010686840593338, ""attn.o_proj.max_weight_position"": 32.04903192873276, ""attn.o_proj.min_weight"": 0.8577484060802245, ""attn.o_proj.min_weight_distance"": 20.96057375350027, ""direction_index"": 37.86713470358992, ""direction_scope"": ""global"", ""mlp.down_proj.max_weight"": 0.4128293036363867, ""mlp.down_proj.max_weight_position"": 29.290277188216564, ""mlp.down_proj.min_weight"": 0.9957616016253549, ""mlp.down_proj.min_weight_distance"": 23.040527476841646}","{""attn.o_proj"": {""max_weight"": 1.4010686840593338, ""max_weight_position"": 32.04903192873276, ""min_weight"": 1.2017644305608113, ""min_weight_distance"": 20.96057375350027}, ""mlp.down_proj"": {""max_weight"": 0.4128293036363867, ""max_weight_position"": 29.290277188216564, ""min_weight"": 0.41107956858684835, ""min_weight_distance"": 23.040527476841646}}"
gams,84,tpe,38,0.1308792531490326,per layer,,"{""attn.o_proj.max_weight"": 1.080764095225543, ""attn.o_proj.max_weight_position"": 30.798502900343824, ""attn.o_proj.min_weight"": 0.4641773122945773, ""attn.o_proj.min_weight_distance"": 19.94074543833488, ""direction_index"": 26.098537212813916, ""direction_scope"": ""per layer"", ""mlp.down_proj.max_weight"": 0.7692890902125851, ""mlp.down_proj.max_weight_position"": 28.889453733951587, ""mlp.down_proj.min_weight"": 0.6716948604167085, ""mlp.down_proj.min_weight_distance"": 27.475373883728338}","{""attn.o_proj"": {""max_weight"": 1.080764095225543, ""max_weight_position"": 30.798502900343824, ""min_weight"": 0.5016661729462732, ""min_weight_distance"": 19.94074543833488}, ""mlp.down_proj"": {""max_weight"": 0.7692890902125851, ""max_weight_position"": 28.889453733951587, ""min_weight"": 0.516727528070439, ""min_weight_distance"": 27.475373883728338}}"
gams,85,tpe,35,0.015458090230822563,per layer,,"{""attn.o_proj.max_weight"": 1.1738565470638225, ""attn.o_proj.max_weight_position"": 36.42450902848518, ""attn.o_proj.min_weight"": 0.9696039175868322, ""attn.o_proj.min_weight_distance"": 16.892680645733808, ""direction_index"": 27.230888416431053, ""direction_scope"": ""per layer"", ""mlp.down_proj.max_weight"": 0.93019307846987, ""mlp.down_proj.max_weight_position"": 44.79260236817496, ""mlp.down_proj.min_weight"": 0.03033733549939116, ""mlp.down_proj.min_weight_distance"": 7.532425405727153}","{""attn.o_proj"": {""max_weight"": 1.1738565470638225, ""max_weight_position"": 36.42450902848518, ""min_weight"": 1.138175906718034, ""min_weight_distance"": 16.892680645733808}, ""mlp.down_proj"": {""max_weight"": 0.93019307846987, ""max_weight_position"": 44.79260236817496, ""min_weight"": 0.028219579500751935, ""min_weight_distance"": 7.532425405727153}}"
gams,86,tpe,60,0.054977789521217346,global,27.375809749156833,"{""attn.o_proj.max_weight"": 1.1523535875536617, ""attn.o_proj.max_weight_position"": 41.396998441064504, ""attn.o_proj.min_weight"": 0.7105897164107555, ""attn.o_proj.min_weight_distance"": 16.35056950313115, ""direction_index"": 27.375809749156833, ""direction_scope"": ""global"", ""mlp.down_proj.max_weight"": 0.9787796565585716, ""mlp.down_proj.max_weight_position"": 39.205733302377254, ""mlp.down_proj.min_weight"": 0.7547229615444353, ""mlp.down_proj.min_weight_distance"": 23.63499731848268}","{""attn.o_proj"": {""max_weight"": 1.1523535875536617, ""max_weight_position"": 41.396998441064504, ""min_weight"": 0.8188506089846732, ""min_weight_distance"": 16.35056950313115}, ""mlp.down_proj"": {""max_weight"": 0.9787796565585716, ""max_weight_position"": 39.205733302377254, ""min_weight"": 0.7387074810973304, ""min_weight_distance"": 23.63499731848268}}"
gams,87,tpe,22,0.1302226483821869,global,26.318635805793463,"{""attn.o_proj.max_weight"": 1.4172086928017371, ""attn.o_proj.max_weight_position"": 33.20555767250594, ""attn.o_proj.min_weight"": 0.9206955379776921, ""attn.o_proj.min_weight_distance"": 23.976278651429993, ""direction_index"": 26.318635805793463, ""direction_scope"": ""global"", ""mlp.down_proj.max_weight"": 1.075014958107268, ""mlp.down_proj.max_weight_position"": 28.253129322410594, ""mlp.down_proj.min_weight"": 0.8910504851661226, ""mlp.down_proj.min_weight_distance"": 27.105930610376735}","{""attn.o_proj"": {""max_weight"": 1.4172086928017371, ""max_weight_position"": 33.20555767250594, ""min_weight"": 1.3048177198457571, ""min_weight_distance"": 23.976278651429993}, ""mlp.down_proj"": {""max_weight"": 1.075014958107268, ""max_weight_position"": 28.253129322410594, ""min_weight"": 0.9578925999823202, ""min_weight_distance"": 27.105930610376735}}"
gams,88,tpe,16,0.17493541538715363,global,22.303238934783742,"{""attn.o_proj.max_weight"": 1.3822688097043079, ""attn.o_proj.max_weight_position"": 32.33680882259359, ""attn.o_proj.min_weight"": 0.628390724800135, ""attn.o_proj.min_weight_distance"": 22.339042167113348, ""direction_index"": 22.303238934783742, ""direction_scope"": ""global"", ""mlp.down_proj.max_weight"": 1.3503011653737298, ""mlp.down_proj.max_weight_position"": 29.629692445168732, ""mlp.down_proj.min_weight"": 0.8496601642391542, ""mlp.down_proj.min_weight_distance"": 27.056216185114664}","{""attn.o_proj"": {""max_weight"": 1.3822688097043079, ""max_weight_position"": 32.33680882259359, ""min_weight"": 0.86860489919871, ""min_weight_distance"": 22.339042167113348}, ""mlp.down_proj"": {""max_weight"": 1.3503011653737298, ""max_weight_position"": 29.629692445168732, ""min_weight"": 1.1472971099437645, ""min_weight_distance"": 27.056216185114664}}"
gams,89,tpe,16,0.5154604315757751,global,25.210421991558704,"{""attn.o_proj.max_weight"": 1.420920953133819, ""attn.o_proj.max_weight_position"": 34.32596977770893, ""attn.o_proj.min_weight"": 0.5145697715598838, ""attn.o_proj.min_weight_distance"": 19.46777975210137, ""direction_index"": 25.210421991558704, ""direction_scope"": ""global"", ""mlp.down_proj.max_weight"": 1.4009777098516016, ""mlp.down_proj.max_weight_position"": 32.031932391560744, ""mlp.down_proj.min_weight"": 0.9550846051507329, ""mlp.down_proj.min_weight_distance"": 26.088857647254727}","{""attn.o_proj"": {""max_weight"": 1.420920953133819, ""max_weight_position"": 34.32596977770893, ""min_weight"": 0.7311629702587216, ""min_weight_distance"": 19.46777975210137}, ""mlp.down_proj"": {""max_weight"": 1.4009777098516016, ""max_weight_position"": 32.031932391560744, ""min_weight"": 1.338052242838595, ""min_weight_distance"": 26.088857647254727}}"
gams,90,tpe,26,0.15220926702022552,global,28.922657448349597,"{""attn.o_proj.max_weight"": 1.4042197478696778, ""attn.o_proj.max_weight_position"": 29.400365970519655, ""attn.o_proj.min_weight"": 0.8920121082399396, ""attn.o_proj.min_weight_distance"": 25.24521669479895, ""direction_index"": 28.922657448349597, ""direction_scope"": ""global"", ""mlp.down_proj.max_weight"": 1.0912990826300915, ""mlp.down_proj.max_weight_position"": 28.78852579683894, ""mlp.down_proj.min_weight"": 0.8686051153279422, ""mlp.down_proj.min_weight_distance"": 26.739290093332055}","{""attn.o_proj"": {""max_weight"": 1.4042197478696778, ""max_weight_position"": 29.400365970519655, ""min_weight"": 1.2525810177293877, ""min_weight_distance"": 25.24521669479895}, ""mlp.down_proj"": {""max_weight"": 1.0912990826300915, ""max_weight_position"": 28.78852579683894, ""min_weight"": 0.9479079655251881, ""min_weight_distance"": 26.739290093332055}}"
gams,91,tpe,25,0.2622140645980835,global,25.11279086512675,"{""attn.o_proj.max_weight"": 1.4048503927401204, ""attn.o_proj.max_weight_position"": 30.81535996986439, ""attn.o_proj.min_weight"": 0.3895379992828678, ""attn.o_proj.min_weight_distance"": 23.759044001357804, ""direction_index"": 25.11279086512675, ""direction_scope"": ""global"", ""mlp.down_proj.max_weight"": 1.3978901736947564, ""mlp.down_proj.max_weight_position"": 33.36732313373174, ""mlp.down_proj.min_weight"": 0.3546755689686199, ""mlp.down_proj.min_weight_distance"": 26.99739661660555}","{""attn.o_proj"": {""max_weight"": 1.4048503927401204, ""max_weight_position"": 30.81535996986439, ""min_weight"": 0.5472426112797376, ""min_weight_distance"": 23.759044001357804}, ""mlp.down_proj"": {""max_weight"": 1.3978901736947564, ""max_weight_position"": 33.36732313373174, ""min_weight"": 0.4957974927108306, ""min_weight_distance"": 26.99739661660555}}"
gams,92,tpe,18,0.22133409976959229,global,26.078709800915487,"{""attn.o_proj.max_weight"": 1.472922272943088, ""attn.o_proj.max_weight_position"": 38.30623225150359, ""attn.o_proj.min_weight"": 0.7822219974947329, ""attn.o_proj.min_weight_distance"": 25.849192059692275, ""direction_index"": 26.078709800915487, ""direction_scope"": ""global"", ""mlp.down_proj.max_weight"": 1.3920901361497722, ""mlp.down_proj.max_weight_position"": 28.84825389695956, ""mlp.down_proj.min_weight"": 0.7734147999759848, ""mlp.down_proj.min_weight_distance"": 19.097724467507778}","{""attn.o_proj"": {""max_weight"": 1.472922272943088, ""max_weight_position"": 38.30623225150359, ""min_weight"": 1.1521522024960245, ""min_weight_distance"": 25.849192059692275}, ""mlp.down_proj"": {""max_weight"": 1.3920901361497722, ""max_weight_position"": 28.84825389695956, ""min_weight"": 1.0766631141988174, ""min_weight_distance"": 19.097724467507778}}"
gams,93,tpe,33,0.047863733023405075,global,22.40144805610399,"{""attn.o_proj.max_weight"": 1.4287961108977545, ""attn.o_proj.max_weight_position"": 37.2815235429685, ""attn.o_proj.min_weight"": 0.8115073326030959, ""attn.o_proj.min_weight_distance"": 27.443452766612154, ""direction_index"": 22.40144805610399, ""direction_scope"": ""global"", ""mlp.down_proj.max_weight"": 0.7884747830242098, ""mlp.down_proj.max_weight_position"": 30.50088215869645, ""mlp.down_proj.min_weight"": 0.8878435559061468, ""mlp.down_proj.min_weight_distance"": 26.358874871098337}","{""attn.o_proj"": {""max_weight"": 1.4287961108977545, ""max_weight_position"": 37.2815235429685, ""min_weight"": 1.159478520788314, ""min_weight_distance"": 27.443452766612154}, ""mlp.down_proj"": {""max_weight"": 0.7884747830242098, ""max_weight_position"": 30.50088215869645, ""min_weight"": 0.700042255102542, ""min_weight_distance"": 26.358874871098337}}"
gams,94,tpe,87,0.004470902029424906,per layer,,"{""attn.o_proj.max_weight"": 1.1456325991052045, ""attn.o_proj.max_weight_position"": 39.79993785618711, ""attn.o_proj.min_weight"": 0.9951859057771705, ""attn.o_proj.min_weight_distance"": 8.739649732805695, ""direction_index"": 35.30196085147567, ""direction_scope"": ""per layer"", ""mlp.down_proj.max_weight"": 0.48415490647603865, ""mlp.down_proj.max_weight_position"": 46.40208932307859, ""mlp.down_proj.min_weight"": 0.03741385223828912, ""mlp.down_proj.min_weight_distance"": 8.232674831691488}","{""attn.o_proj"": {""max_weight"": 1.1456325991052045, ""max_weight_position"": 39.79993785618711, ""min_weight"": 1.140117415828367, ""min_weight_distance"": 8.739649732805695}, ""mlp.down_proj"": {""max_weight"": 0.48415490647603865, ""max_weight_position"": 46.40208932307859, ""min_weight"": 0.0181141001313372, ""min_weight_distance"": 8.232674831691488}}"
gams,95,tpe,34,0.024760371074080467,global,28.55460674193555,"{""attn.o_proj.max_weight"": 1.3268438028934435, ""attn.o_proj.max_weight_position"": 32.85703573787501, ""attn.o_proj.min_weight"": 0.900436063653543, ""attn.o_proj.min_weight_distance"": 22.005213400650778, ""direction_index"": 28.55460674193555, ""direction_scope"": ""global"", ""mlp.down_proj.max_weight"": 0.4182319704987627, ""mlp.down_proj.max_weight_position"": 31.8763614303349, ""mlp.down_proj.min_weight"": 0.6153667454434723, ""mlp.down_proj.min_weight_distance"": 17.921140309146733}","{""attn.o_proj"": {""max_weight"": 1.3268438028934435, ""max_weight_position"": 32.85703573787501, ""min_weight"": 1.1947380109604697, ""min_weight_distance"": 22.005213400650778}, ""mlp.down_proj"": {""max_weight"": 0.4182319704987627, ""max_weight_position"": 31.8763614303349, ""min_weight"": 0.2573660465262339, ""min_weight_distance"": 17.921140309146733}}"
gams,96,tpe,20,0.22736625373363495,per layer,,"{""attn.o_proj.max_weight"": 1.3168683027925137, ""attn.o_proj.max_weight_position"": 31.514738684188284, ""attn.o_proj.min_weight"": 0.7152254616100996, ""attn.o_proj.min_weight_distance"": 26.69256633663935, ""direction_index"": 23.38709063858726, ""direction_scope"": ""per layer"", ""mlp.down_proj.max_weight"": 1.365234360332852, ""mlp.down_proj.max_weight_position"": 30.275610281318997, ""mlp.down_proj.min_weight"": 0.6456395590164159, ""mlp.down_proj.min_weight_distance"": 24.611596445025235}","{""attn.o_proj"": {""max_weight"": 1.3168683027925137, ""max_weight_position"": 31.514738684188284, ""min_weight"": 0.941857739744484, ""min_weight_distance"": 26.69256633663935}, ""mlp.down_proj"": {""max_weight"": 1.365234360332852, ""max_weight_position"": 30.275610281318997, ""min_weight"": 0.8814493103593612, ""min_weight_distance"": 24.611596445025235}}"
gams,97,tpe,30,0.03477829694747925,global,31.202185431684494,"{""attn.o_proj.max_weight"": 1.3239551519585275, ""attn.o_proj.max_weight_position"": 33.62944625310155, ""attn.o_proj.min_weight"": 0.6966854537673028, ""attn.o_proj.min_weight_distance"": 13.15211835713937, ""direction_index"": 31.202185431684494, ""direction_scope"": ""global"", ""mlp.down_proj.max_weight"": 0.8448606956131426, ""mlp.down_proj.max_weight_position"": 28.30770786839934, ""mlp.down_proj.min_weight"": 0.8332534317970799, ""mlp.down_proj.min_weight_distance"": 27.494594478879865}","{""attn.o_proj"": {""max_weight"": 1.3239551519585275, ""max_weight_position"": 33.62944625310155, ""min_weight"": 0.9223802958097851, ""min_weight_distance"": 13.15211835713937}, ""mlp.down_proj"": {""max_weight"": 0.8448606956131426, ""max_weight_position"": 28.30770786839934, ""min_weight"": 0.7039830740101192, ""min_weight_distance"": 27.494594478879865}}"
gams,98,tpe,98,0.0015058465069159865,global,27.09440386028143,"{""attn.o_proj.max_weight"": 0.950097280578216, ""attn.o_proj.max_weight_position"": 42.42208940603193, ""attn.o_proj.min_weight"": 0.04078766263514863, ""attn.o_proj.min_weight_distance"": 14.991175084552768, ""direction_index"": 27.09440386028143, ""direction_scope"": ""global"", ""mlp.down_proj.max_weight"": -0.08246339938286733, ""mlp.down_proj.max_weight_position"": 35.72846384087997, ""mlp.down_proj.min_weight"": 0.8996322553940138, ""mlp.down_proj.min_weight_distance"": 6.729666755772472}","{""attn.o_proj"": {""max_weight"": 0.950097280578216, ""max_weight_position"": 42.42208940603193, ""min_weight"": 0.03875224735079642, ""min_weight_distance"": 14.991175084552768}, ""mlp.down_proj"": {""max_weight"": 0.0, ""max_weight_position"": 35.72846384087997, ""min_weight"": 0.0, ""min_weight_distance"": 6.729666755772472}}"
gams,99,tpe,88,0.012370729818940163,global,24.567278276268055,"{""attn.o_proj.max_weight"": 1.1899299934546226, ""attn.o_proj.max_weight_position"": 31.95165434635181, ""attn.o_proj.min_weight"": 0.8239399373050733, ""attn.o_proj.min_weight_distance"": 19.069337310205768, ""direction_index"": 24.567278276268055, ""direction_scope"": ""global"", ""mlp.down_proj.max_weight"": 0.15925663521358696, ""mlp.down_proj.max_weight_position"": 28.460855348358123, ""mlp.down_proj.min_weight"": 0.8650900724879048, ""mlp.down_proj.min_weight_distance"": 23.347473896353534}","{""attn.o_proj"": {""max_weight"": 1.1899299934546226, ""max_weight_position"": 31.95165434635181, ""min_weight"": 0.980430844204428, ""min_weight_distance"": 19.069337310205768}, ""mlp.down_proj"": {""max_weight"": 0.15925663521358696, ""max_weight_position"": 28.460855348358123, ""min_weight"": 0.13777133410110176, ""min_weight_distance"": 23.347473896353534}}"
gams,100,tpe,19,0.21042197942733765,per layer,,"{""attn.o_proj.max_weight"": 1.3579340940739775, ""attn.o_proj.max_weight_position"": 35.65855958077577, ""attn.o_proj.min_weight"": 0.9483213398135927, ""attn.o_proj.min_weight_distance"": 19.59828740263327, ""direction_index"": 26.67315471739924, ""direction_scope"": ""per layer"", ""mlp.down_proj.max_weight"": 1.0872971769868982, ""mlp.down_proj.max_weight_position"": 28.731399503254604, ""mlp.down_proj.min_weight"": 0.9453115900517864, ""mlp.down_proj.min_weight_distance"": 26.48450202628352}","{""attn.o_proj"": {""max_weight"": 1.3579340940739775, ""max_weight_position"": 35.65855958077577, ""min_weight"": 1.2877578794707916, ""min_weight_distance"": 19.59828740263327}, ""mlp.down_proj"": {""max_weight"": 1.0872971769868982, ""max_weight_position"": 28.731399503254604, ""min_weight"": 1.0278346232363034, ""min_weight_distance"": 26.48450202628352}}"
gams,101,tpe,39,0.05584912747144699,per layer,,"{""attn.o_proj.max_weight"": 1.3954655579152395, ""attn.o_proj.max_weight_position"": 36.53845162750564, ""attn.o_proj.min_weight"": 0.5618224781348895, ""attn.o_proj.min_weight_distance"": 19.069932324611692, ""direction_index"": 28.261441964833615, ""direction_scope"": ""per layer"", ""mlp.down_proj.max_weight"": 0.38947713413566754, ""mlp.down_proj.max_weight_position"": 30.221922912975625, ""mlp.down_proj.min_weight"": 0.53133445834141, ""mlp.down_proj.min_weight_distance"": 23.323460956013633}","{""attn.o_proj"": {""max_weight"": 1.3954655579152395, ""max_weight_position"": 36.53845162750564, ""min_weight"": 0.784003917899826, ""min_weight_distance"": 19.069932324611692}, ""mlp.down_proj"": {""max_weight"": 0.38947713413566754, ""max_weight_position"": 30.221922912975625, ""min_weight"": 0.2069426221023396, ""min_weight_distance"": 23.323460956013633}}"
gams,102,tpe,72,0.020158836618065834,global,27.047955079429315,"{""attn.o_proj.max_weight"": 1.1951190521275785, ""attn.o_proj.max_weight_position"": 35.06106276052247, ""attn.o_proj.min_weight"": 0.48409822545830017, ""attn.o_proj.min_weight_distance"": 27.833679547735933, ""direction_index"": 27.047955079429315, ""direction_scope"": ""global"", ""mlp.down_proj.max_weight"": 0.46576258567106554, ""mlp.down_proj.max_weight_position"": 28.84956630551286, ""mlp.down_proj.min_weight"": 0.4779703083083264, ""mlp.down_proj.min_weight_distance"": 21.91633840605954}","{""attn.o_proj"": {""max_weight"": 1.1951190521275785, ""max_weight_position"": 35.06106276052247, ""min_weight"": 0.5785550123463665, ""min_weight_distance"": 27.833679547735933}, ""mlp.down_proj"": {""max_weight"": 0.46576258567106554, ""max_weight_position"": 28.84956630551286, ""min_weight"": 0.22262068667168247, ""min_weight_distance"": 21.91633840605954}}"
gams,103,tpe,26,0.11018545180559158,global,19.530029414548487,"{""attn.o_proj.max_weight"": 1.3887612984886546, ""attn.o_proj.max_weight_position"": 28.957299416402037, ""attn.o_proj.min_weight"": 0.582555280238098, ""attn.o_proj.min_weight_distance"": 23.781844311541633, ""direction_index"": 19.530029414548487, ""direction_scope"": ""global"", ""mlp.down_proj.max_weight"": 1.0976324322328586, ""mlp.down_proj.max_weight_position"": 29.773825681804926, ""mlp.down_proj.min_weight"": 0.6870421451333821, ""mlp.down_proj.min_weight_distance"": 27.793874464233934}","{""attn.o_proj"": {""max_weight"": 1.3887612984886546, ""max_weight_position"": 28.957299416402037, ""min_weight"": 0.8090302274248831, ""min_weight_distance"": 23.781844311541633}, ""mlp.down_proj"": {""max_weight"": 1.0976324322328586, ""max_weight_position"": 29.773825681804926, ""min_weight"": 0.7541197408092348, ""min_weight_distance"": 27.793874464233934}}"
gams,104,tpe,59,0.012023307383060455,per layer,,"{""attn.o_proj.max_weight"": 1.1033661140426811, ""attn.o_proj.max_weight_position"": 42.29318215681139, ""attn.o_proj.min_weight"": 0.6143500246023679, ""attn.o_proj.min_weight_distance"": 25.900552848531497, ""direction_index"": 31.47234977075091, ""direction_scope"": ""per layer"", ""mlp.down_proj.max_weight"": 0.2942614331786383, ""mlp.down_proj.max_weight_position"": 46.080460584094084, ""mlp.down_proj.min_weight"": 0.18686612322006518, ""mlp.down_proj.min_weight_distance"": 9.168589447890536}","{""attn.o_proj"": {""max_weight"": 1.1033661140426811, ""max_weight_position"": 42.29318215681139, ""min_weight"": 0.6778529993075402, ""min_weight_distance"": 25.900552848531497}, ""mlp.down_proj"": {""max_weight"": 0.2942614331786383, ""max_weight_position"": 46.080460584094084, ""min_weight"": 0.0549874932312724, ""min_weight_distance"": 9.168589447890536}}"
gams,105,tpe,36,0.1282995045185089,global,20.003370475950028,"{""attn.o_proj.max_weight"": 1.1073814419539219, ""attn.o_proj.max_weight_position"": 31.760151102421354, ""attn.o_proj.min_weight"": 0.47413636220594985, ""attn.o_proj.min_weight_distance"": 28.180301193603206, ""direction_index"": 20.003370475950028, ""direction_scope"": ""global"", ""mlp.down_proj.max_weight"": 1.3343263912517735, ""mlp.down_proj.max_weight_position"": 32.883183706022805, ""mlp.down_proj.min_weight"": 0.687305588868492, ""mlp.down_proj.min_weight_distance"": 24.209543652982465}","{""attn.o_proj"": {""max_weight"": 1.1073814419539219, ""max_weight_position"": 31.760151102421354, ""min_weight"": 0.5250498084624117, ""min_weight_distance"": 28.180301193603206}, ""mlp.down_proj"": {""max_weight"": 1.3343263912517735, ""max_weight_position"": 32.883183706022805, ""min_weight"": 0.9170899860820702, ""min_weight_distance"": 24.209543652982465}}"
gams,106,tpe,17,0.13604921102523804,global,19.465265812330856,"{""attn.o_proj.max_weight"": 1.4456589350338176, ""attn.o_proj.max_weight_position"": 30.092798236147615, ""attn.o_proj.min_weight"": 0.6615390296843933, ""attn.o_proj.min_weight_distance"": 26.006865076610897, ""direction_index"": 19.465265812330856, ""direction_scope"": ""global"", ""mlp.down_proj.max_weight"": 1.2637406441725414, ""mlp.down_proj.max_weight_position"": 28.863909138130726, ""mlp.down_proj.min_weight"": 0.5899136867184315, ""mlp.down_proj.min_weight_distance"": 26.667008642826456}","{""attn.o_proj"": {""max_weight"": 1.4456589350338176, ""max_weight_position"": 30.092798236147615, ""min_weight"": 0.956359809136845, ""min_weight_distance"": 26.006865076610897}, ""mlp.down_proj"": {""max_weight"": 1.2637406441725414, ""max_weight_position"": 28.863909138130726, ""min_weight"": 0.7454979024597493, ""min_weight_distance"": 26.667008642826456}}"
gams,107,tpe,48,0.04498365893959999,global,18.884544328438125,"{""attn.o_proj.max_weight"": 1.3866720767005571, ""attn.o_proj.max_weight_position"": 28.54399838718559, ""attn.o_proj.min_weight"": 0.7642243416094618, ""attn.o_proj.min_weight_distance"": 26.043373958003418, ""direction_index"": 18.884544328438125, ""direction_scope"": ""global"", ""mlp.down_proj.max_weight"": 1.1156027924357286, ""mlp.down_proj.max_weight_position"": 30.639846466738955, ""mlp.down_proj.min_weight"": 0.5262499843304999, ""mlp.down_proj.min_weight_distance"": 17.617917820698825}","{""attn.o_proj"": {""max_weight"": 1.3866720767005571, ""max_weight_position"": 28.54399838718559, ""min_weight"": 1.0597285548447084, ""min_weight_distance"": 26.043373958003418}, ""mlp.down_proj"": {""max_weight"": 1.1156027924357286, ""max_weight_position"": 30.639846466738955, ""min_weight"": 0.587085952038364, ""min_weight_distance"": 17.617917820698825}}"
gams,108,tpe,97,0.0012558061862364411,global,33.59871107661692,"{""attn.o_proj.max_weight"": 1.0205881549859082, ""attn.o_proj.max_weight_position"": 46.06609041713773, ""attn.o_proj.min_weight"": 0.022790945593997348, ""attn.o_proj.min_weight_distance"": 6.183379798128742, ""direction_index"": 33.59871107661692, ""direction_scope"": ""global"", ""mlp.down_proj.max_weight"": -0.20253642224752863, ""mlp.down_proj.max_weight_position"": 34.12709573142495, ""mlp.down_proj.min_weight"": 0.9167586654815992, ""mlp.down_proj.min_weight_distance"": 6.284943559440117}","{""attn.o_proj"": {""max_weight"": 1.0205881549859082, ""max_weight_position"": 46.06609041713773, ""min_weight"": 0.023260169114161965, ""min_weight_distance"": 6.183379798128742}, ""mlp.down_proj"": {""max_weight"": 0.0, ""max_weight_position"": 34.12709573142495, ""min_weight"": 0.0, ""min_weight_distance"": 6.284943559440117}}"
gams,109,tpe,18,0.1075933650135994,global,20.753242855440963,"{""attn.o_proj.max_weight"": 1.3368618666260343, ""attn.o_proj.max_weight_position"": 30.21450942348039, ""attn.o_proj.min_weight"": 0.6914943697867048, ""attn.o_proj.min_weight_distance"": 25.99144938140911, ""direction_index"": 20.753242855440963, ""direction_scope"": ""global"", ""mlp.down_proj.max_weight"": 1.2845544434927954, ""mlp.down_proj.max_weight_position"": 28.547817703987654, ""mlp.down_proj.min_weight"": 0.3985657516079524, ""mlp.down_proj.min_weight_distance"": 27.87672389213479}","{""attn.o_proj"": {""max_weight"": 1.3368618666260343, ""max_weight_position"": 30.21450942348039, ""min_weight"": 0.9244324539544474, ""min_weight_distance"": 25.99144938140911}, ""mlp.down_proj"": {""max_weight"": 1.2845544434927954, ""max_weight_position"": 28.547817703987654, ""min_weight"": 0.5119794072520409, ""min_weight_distance"": 27.87672389213479}}"
gams,110,tpe,62,0.0687018558382988,global,19.978359216637443,"{""attn.o_proj.max_weight"": 1.1458728315919684, ""attn.o_proj.max_weight_position"": 30.44997305896887, ""attn.o_proj.min_weight"": 0.5553935379765583, ""attn.o_proj.min_weight_distance"": 24.019613497882546, ""direction_index"": 19.978359216637443, ""direction_scope"": ""global"", ""mlp.down_proj.max_weight"": 1.1750420479397532, ""mlp.down_proj.max_weight_position"": 29.881863799635187, ""mlp.down_proj.min_weight"": 0.23084571651809127, ""mlp.down_proj.min_weight_distance"": 26.996614238905455}","{""attn.o_proj"": {""max_weight"": 1.1458728315919684, ""max_weight_position"": 30.44997305896887, ""min_weight"": 0.6364103660090803, ""min_weight_distance"": 24.019613497882546}, ""mlp.down_proj"": {""max_weight"": 1.1750420479397532, ""max_weight_position"": 29.881863799635187, ""min_weight"": 0.27125342349553766, ""min_weight_distance"": 26.996614238905455}}"
gams,111,tpe,17,0.17426158487796783,global,26.049337614213403,"{""attn.o_proj.max_weight"": 1.302777210208722, ""attn.o_proj.max_weight_position"": 34.34646139006491, ""attn.o_proj.min_weight"": 0.7615606590314539, ""attn.o_proj.min_weight_distance"": 26.269763378897025, ""direction_index"": 26.049337614213403, ""direction_scope"": ""global"", ""mlp.down_proj.max_weight"": 1.388875155228765, ""mlp.down_proj.max_weight_position"": 28.45850709784764, ""mlp.down_proj.min_weight"": 0.3176291201207197, ""mlp.down_proj.min_weight_distance"": 28.008570716569068}","{""attn.o_proj"": {""max_weight"": 1.302777210208722, ""max_weight_position"": 34.34646139006491, ""min_weight"": 0.9921438707777133, ""min_weight_distance"": 26.269763378897025}, ""mlp.down_proj"": {""max_weight"": 1.388875155228765, ""max_weight_position"": 28.45850709784764, ""min_weight"": 0.44114719351284065, ""min_weight_distance"": 28.008570716569068}}"
gams,112,tpe,17,0.09297648072242737,global,21.992618235705276,"{""attn.o_proj.max_weight"": 1.4176128853734693, ""attn.o_proj.max_weight_position"": 29.220798345598496, ""attn.o_proj.min_weight"": 0.9561368531083683, ""attn.o_proj.min_weight_distance"": 24.455228712598178, ""direction_index"": 21.992618235705276, ""direction_scope"": ""global"", ""mlp.down_proj.max_weight"": 1.2815425337814026, ""mlp.down_proj.max_weight_position"": 29.018239604345425, ""mlp.down_proj.min_weight"": 0.4794552481232118, ""mlp.down_proj.min_weight_distance"": 27.902193933724504}","{""attn.o_proj"": {""max_weight"": 1.4176128853734693, ""max_weight_position"": 29.220798345598496, ""min_weight"": 1.355431923146863, ""min_weight_distance"": 24.455228712598178}, ""mlp.down_proj"": {""max_weight"": 1.2815425337814026, ""max_weight_position"": 29.018239604345425, ""min_weight"": 0.6144422935146119, ""min_weight_distance"": 27.902193933724504}}"
gams,113,tpe,17,0.12171657383441925,global,29.245014697833053,"{""attn.o_proj.max_weight"": 1.4713682751998711, ""attn.o_proj.max_weight_position"": 29.14955023098513, ""attn.o_proj.min_weight"": 0.9875622339023228, ""attn.o_proj.min_weight_distance"": 16.866687294360407, ""direction_index"": 29.245014697833053, ""direction_scope"": ""global"", ""mlp.down_proj.max_weight"": 1.1736938695287764, ""mlp.down_proj.max_weight_position"": 28.356070243961103, ""mlp.down_proj.min_weight"": 0.3932805175020692, ""mlp.down_proj.min_weight_distance"": 21.35193194748459}","{""attn.o_proj"": {""max_weight"": 1.4713682751998711, ""max_weight_position"": 29.14955023098513, ""min_weight"": 1.4530677407493924, ""min_weight_distance"": 16.866687294360407}, ""mlp.down_proj"": {""max_weight"": 1.1736938695287764, ""max_weight_position"": 28.356070243961103, ""min_weight"": 0.46159093239728327, ""min_weight_distance"": 21.35193194748459}}"
gams,114,tpe,24,0.11895056813955307,global,18.801056572495643,"{""attn.o_proj.max_weight"": 1.3609866636657448, ""attn.o_proj.max_weight_position"": 28.275560960090317, ""attn.o_proj.min_weight"": 0.9792107015161923, ""attn.o_proj.min_weight_distance"": 17.029934473233553, ""direction_index"": 18.801056572495643, ""direction_scope"": ""global"", ""mlp.down_proj.max_weight"": 1.4896140738599326, ""mlp.down_proj.max_weight_position"": 29.9735684572248, ""mlp.down_proj.min_weight"": 0.44687927076173595, ""mlp.down_proj.min_weight_distance"": 22.920324939966363}","{""attn.o_proj"": {""max_weight"": 1.3609866636657448, ""max_weight_position"": 28.275560960090317, ""min_weight"": 1.3326927056823161, ""min_weight_distance"": 17.029934473233553}, ""mlp.down_proj"": {""max_weight"": 1.4896140738599326, ""max_weight_position"": 29.9735684572248, ""min_weight"": 0.6656776510429454, ""min_weight_distance"": 22.920324939966363}}"
gams,115,tpe,30,0.059985172003507614,global,22.72473993376889,"{""attn.o_proj.max_weight"": 1.439510406111143, ""attn.o_proj.max_weight_position"": 29.282678263051825, ""attn.o_proj.min_weight"": 0.9629383986962716, ""attn.o_proj.min_weight_distance"": 28.190447854695744, ""direction_index"": 22.72473993376889, ""direction_scope"": ""global"", ""mlp.down_proj.max_weight"": 1.1015236785150866, ""mlp.down_proj.max_weight_position"": 36.514991481626126, ""mlp.down_proj.min_weight"": 0.4652536453231445, ""mlp.down_proj.min_weight_distance"": 27.399899258996545}","{""attn.o_proj"": {""max_weight"": 1.439510406111143, ""max_weight_position"": 29.282678263051825, ""min_weight"": 1.3861598453672836, ""min_weight_distance"": 28.190447854695744}, ""mlp.down_proj"": {""max_weight"": 1.1015236785150866, ""max_weight_position"": 36.514991481626126, ""min_weight"": 0.5124879068389036, ""min_weight_distance"": 27.399899258996545}}"
gemma,0,startup,99,0.003885915968567133,global,35.28625933815789,"{""attn.o_proj.max_weight"": 1.335652908640471, ""attn.o_proj.max_weight_position"": 37.69651585109827, ""attn.o_proj.min_weight"": 0.7109502662442033, ""attn.o_proj.min_weight_distance"": 9.111903269991311, ""direction_index"": 35.28625933815789, ""direction_scope"": ""global"", ""mlp.down_proj.max_weight"": 0.7424929048243758, ""mlp.down_proj.max_weight_position"": 28.434746118394052, ""mlp.down_proj.min_weight"": 0.07349923770273847, ""mlp.down_proj.min_weight_distance"": 3.964808604651576}","{""attn.o_proj"": {""max_weight"": 1.335652908640471, ""max_weight_position"": 37.69651585109827, ""min_weight"": 0.9495827910077874, ""min_weight_distance"": 9.111903269991311}, ""mlp.down_proj"": {""max_weight"": 0.7424929048243758, ""max_weight_position"": 28.434746118394052, ""min_weight"": 0.054572662504283574, ""min_weight_distance"": 3.964808604651576}}"
gemma,1,startup,89,0.005705973133444786,per layer,,"{""attn.o_proj.max_weight"": 1.1354815621704315, ""attn.o_proj.max_weight_position"": 34.62115535320629, ""attn.o_proj.min_weight"": 0.764242165311383, ""attn.o_proj.min_weight_distance"": 16.41921946254915, ""direction_index"": 28.453405052387367, ""direction_scope"": ""per layer"", ""mlp.down_proj.max_weight"": 0.3653741755405121, ""mlp.down_proj.max_weight_position"": 45.03475834526613, ""mlp.down_proj.min_weight"": 0.09070927458977673, ""mlp.down_proj.min_weight_distance"": 12.902326746679812}","{""attn.o_proj"": {""max_weight"": 1.1354815621704315, ""max_weight_position"": 34.62115535320629, ""min_weight"": 0.8677828877442824, ""min_weight_distance"": 16.41921946254915}, ""mlp.down_proj"": {""max_weight"": 0.3653741755405121, ""max_weight_position"": 45.03475834526613, ""min_weight"": 0.0331428264171176, ""min_weight_distance"": 12.902326746679812}}"
gemma,2,startup,80,0.04353095218539238,per layer,,"{""attn.o_proj.max_weight"": 1.4775578331732049, ""attn.o_proj.max_weight_position"": 34.884543380195495, ""attn.o_proj.min_weight"": 0.6969754975189398, ""attn.o_proj.min_weight_distance"": 24.37281080763281, ""direction_index"": 34.71555615856434, ""direction_scope"": ""per layer"", ""mlp.down_proj.max_weight"": 0.006565274291605916, ""mlp.down_proj.max_weight_position"": 39.729108589729364, ""mlp.down_proj.min_weight"": 0.844673207795607, ""mlp.down_proj.min_weight_distance"": 27.95498704977974}","{""attn.o_proj"": {""max_weight"": 1.4775578331732049, ""max_weight_position"": 34.884543380195495, ""min_weight"": 1.0298216058889011, ""min_weight_distance"": 24.37281080763281}, ""mlp.down_proj"": {""max_weight"": 0.006565274291605916, ""max_weight_position"": 39.729108589729364, ""min_weight"": 0.0055455112959488, ""min_weight_distance"": 27.95498704977974}}"
gemma,3,startup,99,0.00618432741612196,global,26.71310013858545,"{""attn.o_proj.max_weight"": 1.0453603630149255, ""attn.o_proj.max_weight_position"": 43.08811714273638, ""attn.o_proj.min_weight"": 0.025295045763543023, ""attn.o_proj.min_weight_distance"": 7.208090165205651, ""direction_index"": 26.71310013858545, ""direction_scope"": ""global"", ""mlp.down_proj.max_weight"": 0.4420294874368681, ""mlp.down_proj.max_weight_position"": 45.939562830681275, ""mlp.down_proj.min_weight"": 0.8599730716237928, ""mlp.down_proj.min_weight_distance"": 25.95947442584456}","{""attn.o_proj"": {""max_weight"": 1.0453603630149255, ""max_weight_position"": 43.08811714273638, ""min_weight"": 0.026442438221856487, ""min_weight_distance"": 7.208090165205651}, ""mlp.down_proj"": {""max_weight"": 0.4420294874368681, ""max_weight_position"": 45.939562830681275, ""min_weight"": 0.38013345605937415, ""min_weight_distance"": 25.95947442584456}}"
gemma,4,startup,87,0.023213202133774757,per layer,,"{""attn.o_proj.max_weight"": 1.1596435395178182, ""attn.o_proj.max_weight_position"": 37.001544310281716, ""attn.o_proj.min_weight"": 0.5936196427925672, ""attn.o_proj.min_weight_distance"": 24.971202538573625, ""direction_index"": 23.64189846648339, ""direction_scope"": ""per layer"", ""mlp.down_proj.max_weight"": 0.7501686670348249, ""mlp.down_proj.max_weight_position"": 31.002229609718214, ""mlp.down_proj.min_weight"": 0.8836282415397444, ""mlp.down_proj.min_weight_distance"": 5.157938515594083}","{""attn.o_proj"": {""max_weight"": 1.1596435395178182, ""max_weight_position"": 37.001544310281716, ""min_weight"": 0.6883871836952755, ""min_weight_distance"": 24.971202538573625}, ""mlp.down_proj"": {""max_weight"": 0.7501686670348249, ""max_weight_position"": 31.002229609718214, ""min_weight"": 0.6628702201101964, ""min_weight_distance"": 5.157938515594083}}"
gemma,5,startup,100,0.0017024590633809566,per layer,,"{""attn.o_proj.max_weight"": 1.4601656453219194, ""attn.o_proj.max_weight_position"": 33.82298020957671, ""attn.o_proj.min_weight"": 0.4071242335307148, ""attn.o_proj.min_weight_distance"": 8.121191221355227, ""direction_index"": 18.863406288820105, ""direction_scope"": ""per layer"", ""mlp.down_proj.max_weight"": -0.19971559904867744, ""mlp.down_proj.max_weight_position"": 38.52685927279809, ""mlp.down_proj.min_weight"": 0.6640400492774723, ""mlp.down_proj.min_weight_distance"": 9.86309545749661}","{""attn.o_proj"": {""max_weight"": 1.4601656453219194, ""max_weight_position"": 33.82298020957671, ""min_weight"": 0.594468819179568, ""min_weight_distance"": 8.121191221355227}, ""mlp.down_proj"": {""max_weight"": 0.0, ""max_weight_position"": 38.52685927279809, ""min_weight"": 0.0, ""min_weight_distance"": 9.86309545749661}}"
gemma,6,startup,91,0.016061611473560333,global,29.901351072329795,"{""attn.o_proj.max_weight"": 1.2832623221092714, ""attn.o_proj.max_weight_position"": 34.28813205531377, ""attn.o_proj.min_weight"": 0.6920298921817408, ""attn.o_proj.min_weight_distance"": 19.32885295222423, ""direction_index"": 29.901351072329795, ""direction_scope"": ""global"", ""mlp.down_proj.max_weight"": 0.5596493700635686, ""mlp.down_proj.max_weight_position"": 28.40787547445878, ""mlp.down_proj.min_weight"": 0.7604160891076248, ""mlp.down_proj.min_weight_distance"": 26.952401878822062}","{""attn.o_proj"": {""max_weight"": 1.2832623221092714, ""max_weight_position"": 34.28813205531377, ""min_weight"": 0.8880558864101694, ""min_weight_distance"": 19.32885295222423}, ""mlp.down_proj"": {""max_weight"": 0.5596493700635686, ""max_weight_position"": 28.40787547445878, ""min_weight"": 0.4255663852552847, ""min_weight_distance"": 26.952401878822062}}"
gemma,7,startup,71,0.26082149147987366,per layer,,"{""attn.o_proj.max_weight"": 1.3058603245031022, ""attn.o_proj.max_weight_position"": 29.356814435097565, ""attn.o_proj.min_weight"": 0.4259316201493918, ""attn.o_proj.min_weight_distance"": 18.9284332033305, ""direction_index"": 20.998510387591697, ""direction_scope"": ""per layer"", ""mlp.down_proj.max_weight"": 1.2306890494321627, ""mlp.down_proj.max_weight_position"": 31.39010548214005, ""mlp.down_proj.min_weight"": 0.4726418364688967, ""mlp.down_proj.min_weight_distance"": 16.34098984990031}","{""attn.o_proj"": {""max_weight"": 1.3058603245031022, ""max_weight_position"": 29.356814435097565, ""min_weight"": 0.5562072037044168, ""min_weight_distance"": 18.9284332033305}, ""mlp.down_proj"": {""max_weight"": 1.2306890494321627, ""max_weight_position"": 31.39010548214005, ""min_weight"": 0.5816751324457782, ""min_weight_distance"": 16.34098984990031}}"
gemma,8,startup,99,0.0029953604098409414,per layer,,"{""attn.o_proj.max_weight"": 1.0409743294973834, ""attn.o_proj.max_weight_position"": 43.93091813775781, ""attn.o_proj.min_weight"": 0.8389928586602876, ""attn.o_proj.min_weight_distance"": 1.2604236952408097, ""direction_index"": 30.39539790086107, ""direction_scope"": ""per layer"", ""mlp.down_proj.max_weight"": 1.0276447640986017, ""mlp.down_proj.max_weight_position"": 44.8299102869405, ""mlp.down_proj.min_weight"": 0.3670353389460309, ""mlp.down_proj.min_weight_distance"": 10.863314402762901}","{""attn.o_proj"": {""max_weight"": 1.0409743294973834, ""max_weight_position"": 43.93091813775781, ""min_weight"": 0.8733700284969859, ""min_weight_distance"": 1.2604236952408097}, ""mlp.down_proj"": {""max_weight"": 1.0276447640986017, ""max_weight_position"": 44.8299102869405, ""min_weight"": 0.37718194430704427, ""min_weight_distance"": 10.863314402762901}}"
gemma,9,startup,100,0.0035488177090883255,per layer,,"{""attn.o_proj.max_weight"": 0.974699802673833, ""attn.o_proj.max_weight_position"": 32.78000784494932, ""attn.o_proj.min_weight"": 0.07874977488223855, ""attn.o_proj.min_weight_distance"": 3.9242191064593097, ""direction_index"": 26.039046006841954, ""direction_scope"": ""per layer"", ""mlp.down_proj.max_weight"": 0.4307450670267685, ""mlp.down_proj.max_weight_position"": 39.25037951458715, ""mlp.down_proj.min_weight"": 0.48952950933232975, ""mlp.down_proj.min_weight_distance"": 11.632205261315393}","{""attn.o_proj"": {""max_weight"": 0.974699802673833, ""max_weight_position"": 32.78000784494932, ""min_weight"": 0.0767573900383267, ""min_weight_distance"": 3.9242191064593097}, ""mlp.down_proj"": {""max_weight"": 0.4307450670267685, ""max_weight_position"": 39.25037951458715, ""min_weight"": 0.21086242130893548, ""min_weight_distance"": 11.632205261315393}}"
gemma,10,startup,100,0.001722805667668581,per layer,,"{""attn.o_proj.max_weight"": 1.1535209660475816, ""attn.o_proj.max_weight_position"": 36.405084252854266, ""attn.o_proj.min_weight"": 0.5045441725825995, ""attn.o_proj.min_weight_distance"": 7.2465938310708236, ""direction_index"": 33.80360645824462, ""direction_scope"": ""per layer"", ""mlp.down_proj.max_weight"": 0.1420199015897604, ""mlp.down_proj.max_weight_position"": 44.30818832919783, ""mlp.down_proj.min_weight"": 0.599468715310531, ""mlp.down_proj.min_weight_distance"": 19.678844000856213}","{""attn.o_proj"": {""max_weight"": 1.1535209660475816, ""max_weight_position"": 36.405084252854266, ""min_weight"": 0.582002281371158, ""min_weight_distance"": 7.2465938310708236}, ""mlp.down_proj"": {""max_weight"": 0.1420199015897604, ""max_weight_position"": 44.30818832919783, ""min_weight"": 0.08513648795454172, ""min_weight_distance"": 19.678844000856213}}"
gemma,11,startup,100,0.001842648722231388,per layer,,"{""attn.o_proj.max_weight"": 0.9302495731712805, ""attn.o_proj.max_weight_position"": 32.17963361875723, ""attn.o_proj.min_weight"": 0.43707090665945725, ""attn.o_proj.min_weight_distance"": 5.5636172733736355, ""direction_index"": 27.749509133815764, ""direction_scope"": ""per layer"", ""mlp.down_proj.max_weight"": 1.2888098647606268, ""mlp.down_proj.max_weight_position"": 39.28875554069061, ""mlp.down_proj.min_weight"": 0.2920482015124508, ""mlp.down_proj.min_weight_distance"": 2.5170793011560244}","{""attn.o_proj"": {""max_weight"": 0.9302495731712805, ""max_weight_position"": 32.17963361875723, ""min_weight"": 0.4065850243655447, ""min_weight_distance"": 5.5636172733736355}, ""mlp.down_proj"": {""max_weight"": 1.2888098647606268, ""max_weight_position"": 39.28875554069061, ""min_weight"": 0.376394603094846, ""min_weight_distance"": 2.5170793011560244}}"
gemma,12,startup,79,0.2390509992837906,per layer,,"{""attn.o_proj.max_weight"": 0.8332876454127116, ""attn.o_proj.max_weight_position"": 39.76311779302705, ""attn.o_proj.min_weight"": 0.990646778214411, ""attn.o_proj.min_weight_distance"": 26.154464997110523, ""direction_index"": 32.39548365430694, ""direction_scope"": ""per layer"", ""mlp.down_proj.max_weight"": 0.8967944773623366, ""mlp.down_proj.max_weight_position"": 33.356490818881134, ""mlp.down_proj.min_weight"": 0.38644126852553917, ""mlp.down_proj.min_weight_distance"": 24.23166313152547}","{""attn.o_proj"": {""max_weight"": 0.8332876454127116, ""max_weight_position"": 39.76311779302705, ""min_weight"": 0.8254937212539754, ""min_weight_distance"": 26.154464997110523}, ""mlp.down_proj"": {""max_weight"": 0.8967944773623366, ""max_weight_position"": 33.356490818881134, ""min_weight"": 0.3465583954385993, ""min_weight_distance"": 24.23166313152547}}"
gemma,13,startup,79,0.20131631195545197,per layer,,"{""attn.o_proj.max_weight"": 0.9363783810360451, ""attn.o_proj.max_weight_position"": 41.56471237332608, ""attn.o_proj.min_weight"": 0.4562498346577709, ""attn.o_proj.min_weight_distance"": 21.938357853094445, ""direction_index"": 26.61376943579272, ""direction_scope"": ""per layer"", ""mlp.down_proj.max_weight"": 1.0268663580579784, ""mlp.down_proj.max_weight_position"": 29.973757281833382, ""mlp.down_proj.min_weight"": 0.20594758811356462, ""mlp.down_proj.min_weight_distance"": 26.445093082979383}","{""attn.o_proj"": {""max_weight"": 0.9363783810360451, ""max_weight_position"": 41.56471237332608, ""min_weight"": 0.4272224815248068, ""min_weight_distance"": 21.938357853094445}, ""mlp.down_proj"": {""max_weight"": 1.0268663580579784, ""max_weight_position"": 29.973757281833382, ""min_weight"": 0.2114806497570007, ""min_weight_distance"": 26.445093082979383}}"
gemma,14,startup,100,0.007187902927398682,global,39.943257682984225,"{""attn.o_proj.max_weight"": 0.835885835595857, ""attn.o_proj.max_weight_position"": 37.89984032276931, ""attn.o_proj.min_weight"": 0.8163433096299509, ""attn.o_proj.min_weight_distance"": 25.944772312759888, ""direction_index"": 39.943257682984225, ""direction_scope"": ""global"", ""mlp.down_proj.max_weight"": 1.3525950736771932, ""mlp.down_proj.max_weight_position"": 40.64798337499344, ""mlp.down_proj.min_weight"": 0.2406625355262717, ""mlp.down_proj.min_weight_distance"": 25.27903618893159}","{""attn.o_proj"": {""max_weight"": 0.835885835595857, ""max_weight_position"": 37.89984032276931, ""min_weight"": 0.682369809503119, ""min_weight_distance"": 25.944772312759888}, ""mlp.down_proj"": {""max_weight"": 1.3525950736771932, ""max_weight_position"": 40.64798337499344, ""min_weight"": 0.3255189599714976, ""min_weight_distance"": 25.27903618893159}}"
gemma,15,startup,94,0.10586347430944443,per layer,,"{""attn.o_proj.max_weight"": 0.8964048973096775, ""attn.o_proj.max_weight_position"": 31.05792147852202, ""attn.o_proj.min_weight"": 0.8520826582144962, ""attn.o_proj.min_weight_distance"": 2.3455480307323677, ""direction_index"": 29.424054714437975, ""direction_scope"": ""per layer"", ""mlp.down_proj.max_weight"": 1.0991098142655695, ""mlp.down_proj.max_weight_position"": 30.691762425024322, ""mlp.down_proj.min_weight"": 0.17895748144278678, ""mlp.down_proj.min_weight_distance"": 19.028140495524873}","{""attn.o_proj"": {""max_weight"": 0.8964048973096775, ""max_weight_position"": 31.05792147852202, ""min_weight"": 0.7638110677361226, ""min_weight_distance"": 2.3455480307323677}, ""mlp.down_proj"": {""max_weight"": 1.0991098142655695, ""max_weight_position"": 30.691762425024322, ""min_weight"": 0.1966939241900155, ""min_weight_distance"": 19.028140495524873}}"
gemma,16,startup,99,0.019721053540706635,per layer,,"{""attn.o_proj.max_weight"": 1.0680706940417368, ""attn.o_proj.max_weight_position"": 41.50794319650778, ""attn.o_proj.min_weight"": 0.3200605367444218, ""attn.o_proj.min_weight_distance"": 13.682071495133789, ""direction_index"": 36.5128017103479, ""direction_scope"": ""per layer"", ""mlp.down_proj.max_weight"": 1.4729156469167977, ""mlp.down_proj.max_weight_position"": 34.638401305588324, ""mlp.down_proj.min_weight"": 0.8308376794396154, ""mlp.down_proj.min_weight_distance"": 6.4386081250546505}","{""attn.o_proj"": {""max_weight"": 1.0680706940417368, ""max_weight_position"": 41.50794319650778, ""min_weight"": 0.34184727961598543, ""min_weight_distance"": 13.682071495133789}, ""mlp.down_proj"": {""max_weight"": 1.4729156469167977, ""max_weight_position"": 34.638401305588324, ""min_weight"": 1.2237538180946521, ""min_weight_distance"": 6.4386081250546505}}"
gemma,17,startup,76,0.18892566859722137,per layer,,"{""attn.o_proj.max_weight"": 1.357875759158727, ""attn.o_proj.max_weight_position"": 40.34015137299733, ""attn.o_proj.min_weight"": 0.7852726966760378, ""attn.o_proj.min_weight_distance"": 17.95377962723959, ""direction_index"": 41.73418954369566, ""direction_scope"": ""per layer"", ""mlp.down_proj.max_weight"": 1.1033095976232539, ""mlp.down_proj.max_weight_position"": 29.7607390164875, ""mlp.down_proj.min_weight"": 0.2733348089322023, ""mlp.down_proj.min_weight_distance"": 20.952519265995765}","{""attn.o_proj"": {""max_weight"": 1.357875759158727, ""max_weight_position"": 40.34015137299733, ""min_weight"": 1.0663027591455956, ""min_weight_distance"": 17.95377962723959}, ""mlp.down_proj"": {""max_weight"": 1.1033095976232539, ""max_weight_position"": 29.7607390164875, ""min_weight"": 0.3015729180594171, ""min_weight_distance"": 20.952519265995765}}"
gemma,18,startup,99,0.019950611516833305,per layer,,"{""attn.o_proj.max_weight"": 1.4600845769373272, ""attn.o_proj.max_weight_position"": 33.52774624456928, ""attn.o_proj.min_weight"": 0.17645082631373987, ""attn.o_proj.min_weight_distance"": 2.6756619473540098, ""direction_index"": 41.696778913113974, ""direction_scope"": ""per layer"", ""mlp.down_proj.max_weight"": 1.0094260421633905, ""mlp.down_proj.max_weight_position"": 37.549418241265904, ""mlp.down_proj.min_weight"": 0.030912815971094743, ""mlp.down_proj.min_weight_distance"": 21.724298238503227}","{""attn.o_proj"": {""max_weight"": 1.4600845769373272, ""max_weight_position"": 33.52774624456928, ""min_weight"": 0.25763313008853866, ""min_weight_distance"": 2.6756619473540098}, ""mlp.down_proj"": {""max_weight"": 1.0094260421633905, ""max_weight_position"": 37.549418241265904, ""min_weight"": 0.031204201477827414, ""min_weight_distance"": 21.724298238503227}}"
gemma,19,startup,98,0.01668616570532322,per layer,,"{""attn.o_proj.max_weight"": 1.0561482615563043, ""attn.o_proj.max_weight_position"": 38.67596705702728, ""attn.o_proj.min_weight"": 0.3865526361074135, ""attn.o_proj.min_weight_distance"": 7.083439272377054, ""direction_index"": 39.2749781381899, ""direction_scope"": ""per layer"", ""mlp.down_proj.max_weight"": 0.4170801968458937, ""mlp.down_proj.max_weight_position"": 35.16049684344917, ""mlp.down_proj.min_weight"": 0.5087476340557078, ""mlp.down_proj.min_weight_distance"": 21.90193227494506}","{""attn.o_proj"": {""max_weight"": 1.0561482615563043, ""max_weight_position"": 38.67596705702728, ""min_weight"": 0.4082568946248515, ""min_weight_distance"": 7.083439272377054}, ""mlp.down_proj"": {""max_weight"": 0.4170801968458937, ""max_weight_position"": 35.16049684344917, ""min_weight"": 0.2121885633568373, ""min_weight_distance"": 21.90193227494506}}"
gemma,20,startup,100,0.001928277313709259,per layer,,"{""attn.o_proj.max_weight"": 1.1320628827291712, ""attn.o_proj.max_weight_position"": 43.06944420155723, ""attn.o_proj.min_weight"": 0.2969240942165984, ""attn.o_proj.min_weight_distance"": 13.772615878159286, ""direction_index"": 31.75517326576601, ""direction_scope"": ""per layer"", ""mlp.down_proj.max_weight"": -0.03885969144083759, ""mlp.down_proj.max_weight_position"": 35.886245912624645, ""mlp.down_proj.min_weight"": 0.9511417312161701, ""mlp.down_proj.min_weight_distance"": 10.434823064679618}","{""attn.o_proj"": {""max_weight"": 1.1320628827291712, ""max_weight_position"": 43.06944420155723, ""min_weight"": 0.3361367460505904, ""min_weight_distance"": 13.772615878159286}, ""mlp.down_proj"": {""max_weight"": 0.0, ""max_weight_position"": 35.886245912624645, ""min_weight"": 0.0, ""min_weight_distance"": 10.434823064679618}}"
gemma,21,startup,99,0.005726309027522802,global,39.6387281607985,"{""attn.o_proj.max_weight"": 1.4301949665423357, ""attn.o_proj.max_weight_position"": 36.392552533792326, ""attn.o_proj.min_weight"": 0.9810916982268031, ""attn.o_proj.min_weight_distance"": 17.49396062880361, ""direction_index"": 39.6387281607985, ""direction_scope"": ""global"", ""mlp.down_proj.max_weight"": 0.08698658194620307, ""mlp.down_proj.max_weight_position"": 39.93273278992113, ""mlp.down_proj.min_weight"": 0.013363461805310672, ""mlp.down_proj.min_weight_distance"": 24.63249457778986}","{""attn.o_proj"": {""max_weight"": 1.4301949665423357, ""max_weight_position"": 36.392552533792326, ""min_weight"": 1.4031524085204459, ""min_weight_distance"": 17.49396062880361}, ""mlp.down_proj"": {""max_weight"": 0.08698658194620307, ""max_weight_position"": 39.93273278992113, ""min_weight"": 0.0011624418654126115, ""min_weight_distance"": 24.63249457778986}}"
gemma,22,startup,100,0.0008227156358771026,global,35.24217725632163,"{""attn.o_proj.max_weight"": 1.2974141969457884, ""attn.o_proj.max_weight_position"": 35.201739466843364, ""attn.o_proj.min_weight"": 0.6040786281758774, ""attn.o_proj.min_weight_distance"": 8.36714298013477, ""direction_index"": 35.24217725632163, ""direction_scope"": ""global"", ""mlp.down_proj.max_weight"": 0.6095923779483639, ""mlp.down_proj.max_weight_position"": 41.99575096402623, ""mlp.down_proj.min_weight"": 0.20133045996383636, ""mlp.down_proj.min_weight_distance"": 2.575567862052804}","{""attn.o_proj"": {""max_weight"": 1.2974141969457884, ""max_weight_position"": 35.201739466843364, ""min_weight"": 0.7837401882669195, ""min_weight_distance"": 8.36714298013477}, ""mlp.down_proj"": {""max_weight"": 0.6095923779483639, ""max_weight_position"": 41.99575096402623, ""min_weight"": 0.12272951384279288, ""min_weight_distance"": 2.575567862052804}}"
gemma,23,startup,100,0.006638025864958763,per layer,,"{""attn.o_proj.max_weight"": 1.2695143510990616, ""attn.o_proj.max_weight_position"": 46.323568474295556, ""attn.o_proj.min_weight"": 0.90235766846125, ""attn.o_proj.min_weight_distance"": 5.115577405065065, ""direction_index"": 30.283982495084192, ""direction_scope"": ""per layer"", ""mlp.down_proj.max_weight"": 0.9524147209894394, ""mlp.down_proj.max_weight_position"": 39.06705437907602, ""mlp.down_proj.min_weight"": 0.8243785882114625, ""mlp.down_proj.min_weight_distance"": 6.790762780069242}","{""attn.o_proj"": {""max_weight"": 1.2695143510990616, ""max_weight_position"": 46.323568474295556, ""min_weight"": 1.145556009935846, ""min_weight_distance"": 5.115577405065065}, ""mlp.down_proj"": {""max_weight"": 0.9524147209894394, ""max_weight_position"": 39.06705437907602, ""min_weight"": 0.7851503030810879, ""min_weight_distance"": 6.790762780069242}}"
gemma,24,startup,100,0.0019290989730507135,global,26.55538795597595,"{""attn.o_proj.max_weight"": 1.0653373327811184, ""attn.o_proj.max_weight_position"": 39.62961230431494, ""attn.o_proj.min_weight"": 0.42216158144331806, ""attn.o_proj.min_weight_distance"": 5.990235170259625, ""direction_index"": 26.55538795597595, ""direction_scope"": ""global"", ""mlp.down_proj.max_weight"": 0.2706335441484039, ""mlp.down_proj.max_weight_position"": 28.630584969863552, ""mlp.down_proj.min_weight"": 0.3125834217850647, ""mlp.down_proj.min_weight_distance"": 24.032689582597857}","{""attn.o_proj"": {""max_weight"": 1.0653373327811184, ""max_weight_position"": 39.62961230431494, ""min_weight"": 0.44974449317748333, ""min_weight_distance"": 5.990235170259625}, ""mlp.down_proj"": {""max_weight"": 0.2706335441484039, ""max_weight_position"": 28.630584969863552, ""min_weight"": 0.08459555927972746, ""min_weight_distance"": 24.032689582597857}}"
gemma,25,startup,97,0.0037621494848281145,per layer,,"{""attn.o_proj.max_weight"": 1.2247167280938642, ""attn.o_proj.max_weight_position"": 35.26442724278242, ""attn.o_proj.min_weight"": 0.15826000240125515, ""attn.o_proj.min_weight_distance"": 12.831610330048825, ""direction_index"": 40.36854733102791, ""direction_scope"": ""per layer"", ""mlp.down_proj.max_weight"": 1.2800055138030604, ""mlp.down_proj.max_weight_position"": 31.291068057743274, ""mlp.down_proj.min_weight"": 0.7633169188677613, ""mlp.down_proj.min_weight_distance"": 1.161761637891793}","{""attn.o_proj"": {""max_weight"": 1.2247167280938642, ""max_weight_position"": 35.26442724278242, ""min_weight"": 0.1938236723289923, ""min_weight_distance"": 12.831610330048825}, ""mlp.down_proj"": {""max_weight"": 1.2800055138030604, ""max_weight_position"": 31.291068057743274, ""min_weight"": 0.9770498649298978, ""min_weight_distance"": 1.161761637891793}}"
gemma,26,startup,99,0.013104944489896297,per layer,,"{""attn.o_proj.max_weight"": 1.4798153967528422, ""attn.o_proj.max_weight_position"": 45.4801264601527, ""attn.o_proj.min_weight"": 0.9004760203170599, ""attn.o_proj.min_weight_distance"": 14.877065247721916, ""direction_index"": 27.896474918780825, ""direction_scope"": ""per layer"", ""mlp.down_proj.max_weight"": 0.4038972763468962, ""mlp.down_proj.max_weight_position"": 36.11460301543343, ""mlp.down_proj.min_weight"": 0.3617287958676807, ""mlp.down_proj.min_weight_distance"": 21.835880810362525}","{""attn.o_proj"": {""max_weight"": 1.4798153967528422, ""max_weight_position"": 45.4801264601527, ""min_weight"": 1.3325382792719103, ""min_weight_distance"": 14.877065247721916}, ""mlp.down_proj"": {""max_weight"": 0.4038972763468962, ""max_weight_position"": 36.11460301543343, ""min_weight"": 0.14610127542719864, ""min_weight_distance"": 21.835880810362525}}"
gemma,27,startup,98,0.016453329473733902,per layer,,"{""attn.o_proj.max_weight"": 0.8841911092814221, ""attn.o_proj.max_weight_position"": 44.7696738560775, ""attn.o_proj.min_weight"": 0.9826922047808109, ""attn.o_proj.min_weight_distance"": 1.9872512057422949, ""direction_index"": 30.696732416876323, ""direction_scope"": ""per layer"", ""mlp.down_proj.max_weight"": 1.1158612901502984, ""mlp.down_proj.max_weight_position"": 31.680250051903112, ""mlp.down_proj.min_weight"": 0.36061925630007785, ""mlp.down_proj.min_weight_distance"": 6.525592109183158}","{""attn.o_proj"": {""max_weight"": 0.8841911092814221, ""max_weight_position"": 44.7696738560775, ""min_weight"": 0.8688877106273516, ""min_weight_distance"": 1.9872512057422949}, ""mlp.down_proj"": {""max_weight"": 1.1158612901502984, ""max_weight_position"": 31.680250051903112, ""min_weight"": 0.40240106858804603, ""min_weight_distance"": 6.525592109183158}}"
gemma,28,startup,99,0.0036170503590255976,global,20.233554755242718,"{""attn.o_proj.max_weight"": 1.216354793845631, ""attn.o_proj.max_weight_position"": 30.446878814462707, ""attn.o_proj.min_weight"": 0.4682292310071259, ""attn.o_proj.min_weight_distance"": 13.113413698291042, ""direction_index"": 20.233554755242718, ""direction_scope"": ""global"", ""mlp.down_proj.max_weight"": 0.7445587739129004, ""mlp.down_proj.max_weight_position"": 42.91065678546928, ""mlp.down_proj.min_weight"": 0.343805421517836, ""mlp.down_proj.min_weight_distance"": 14.842234172539836}","{""attn.o_proj"": {""max_weight"": 1.216354793845631, ""max_weight_position"": 30.446878814462707, ""min_weight"": 0.569532869754171, ""min_weight_distance"": 13.113413698291042}, ""mlp.down_proj"": {""max_weight"": 0.7445587739129004, ""max_weight_position"": 42.91065678546928, ""min_weight"": 0.2559833431099279, ""min_weight_distance"": 14.842234172539836}}"
gemma,29,startup,97,0.07090219855308533,per layer,,"{""attn.o_proj.max_weight"": 1.4238371390366562, ""attn.o_proj.max_weight_position"": 44.74611312183379, ""attn.o_proj.min_weight"": 0.24959163603575696, ""attn.o_proj.min_weight_distance"": 1.6579998014257415, ""direction_index"": 31.287786757631586, ""direction_scope"": ""per layer"", ""mlp.down_proj.max_weight"": 1.377852220659138, ""mlp.down_proj.max_weight_position"": 35.5717159307472, ""mlp.down_proj.min_weight"": 0.11608579037255062, ""mlp.down_proj.min_weight_distance"": 21.648546259249777}","{""attn.o_proj"": {""max_weight"": 1.4238371390366562, ""max_weight_position"": 44.74611312183379, ""min_weight"": 0.3553778409806306, ""min_weight_distance"": 1.6579998014257415}, ""mlp.down_proj"": {""max_weight"": 1.377852220659138, ""max_weight_position"": 35.5717159307472, ""min_weight"": 0.15994906405179005, ""min_weight_distance"": 21.648546259249777}}"
gemma,30,startup,96,0.034644052386283875,per layer,,"{""attn.o_proj.max_weight"": 1.205553186549131, ""attn.o_proj.max_weight_position"": 42.42374802702001, ""attn.o_proj.min_weight"": 0.8435246021918145, ""attn.o_proj.min_weight_distance"": 14.775927106813615, ""direction_index"": 42.265452583991916, ""direction_scope"": ""per layer"", ""mlp.down_proj.max_weight"": 0.6496884129223428, ""mlp.down_proj.max_weight_position"": 37.66474526610823, ""mlp.down_proj.min_weight"": 0.31628727225808084, ""mlp.down_proj.min_weight_distance"": 27.76658687183276}","{""attn.o_proj"": {""max_weight"": 1.205553186549131, ""max_weight_position"": 42.42374802702001, ""min_weight"": 1.01691377210493, ""min_weight_distance"": 14.775927106813615}, ""mlp.down_proj"": {""max_weight"": 0.6496884129223428, ""max_weight_position"": 37.66474526610823, ""min_weight"": 0.2054881759408895, ""min_weight_distance"": 27.76658687183276}}"
gemma,31,startup,99,0.0044582257978618145,per layer,,"{""attn.o_proj.max_weight"": 1.0422139367745518, ""attn.o_proj.max_weight_position"": 42.92311883441165, ""attn.o_proj.min_weight"": 0.04921718906405981, ""attn.o_proj.min_weight_distance"": 14.225669015521136, ""direction_index"": 36.55668868290575, ""direction_scope"": ""per layer"", ""mlp.down_proj.max_weight"": 0.6083769059297524, ""mlp.down_proj.max_weight_position"": 39.83799847414714, ""mlp.down_proj.min_weight"": 0.27974831235866426, ""mlp.down_proj.min_weight_distance"": 12.979372799424482}","{""attn.o_proj"": {""max_weight"": 1.0422139367745518, ""max_weight_position"": 42.92311883441165, ""min_weight"": 0.051294840371431186, ""min_weight_distance"": 14.225669015521136}, ""mlp.down_proj"": {""max_weight"": 0.6083769059297524, ""max_weight_position"": 39.83799847414714, ""min_weight"": 0.17019241271183408, ""min_weight_distance"": 12.979372799424482}}"
gemma,32,startup,100,0.0011960474075749516,global,32.170342623064876,"{""attn.o_proj.max_weight"": 1.3226487694360323, ""attn.o_proj.max_weight_position"": 45.917182160245495, ""attn.o_proj.min_weight"": 0.9242628826344974, ""attn.o_proj.min_weight_distance"": 12.302249497785255, ""direction_index"": 32.170342623064876, ""direction_scope"": ""global"", ""mlp.down_proj.max_weight"": 1.1845694654086356, ""mlp.down_proj.max_weight_position"": 37.52305131397136, ""mlp.down_proj.min_weight"": 0.13274378159987776, ""mlp.down_proj.min_weight_distance"": 7.629444801626338}","{""attn.o_proj"": {""max_weight"": 1.3226487694360323, ""max_weight_position"": 45.917182160245495, ""min_weight"": 1.2224751643519178, ""min_weight_distance"": 12.302249497785255}, ""mlp.down_proj"": {""max_weight"": 1.1845694654086356, ""max_weight_position"": 37.52305131397136, ""min_weight"": 0.15724423040608787, ""min_weight_distance"": 7.629444801626338}}"
gemma,33,startup,100,0.001578274997882545,per layer,,"{""attn.o_proj.max_weight"": 1.3419170450155935, ""attn.o_proj.max_weight_position"": 45.83435158370315, ""attn.o_proj.min_weight"": 0.3460871558694677, ""attn.o_proj.min_weight_distance"": 8.643169640079961, ""direction_index"": 19.69205981300913, ""direction_scope"": ""per layer"", ""mlp.down_proj.max_weight"": -0.21511041227033506, ""mlp.down_proj.max_weight_position"": 44.97622696266346, ""mlp.down_proj.min_weight"": 0.012479316662447282, ""mlp.down_proj.min_weight_distance"": 25.723908048530696}","{""attn.o_proj"": {""max_weight"": 1.3419170450155935, ""max_weight_position"": 45.83435158370315, ""min_weight"": 0.4644202535222072, ""min_weight_distance"": 8.643169640079961}, ""mlp.down_proj"": {""max_weight"": 0.0, ""max_weight_position"": 44.97622696266346, ""min_weight"": 0.0, ""min_weight_distance"": 25.723908048530696}}"
gemma,34,startup,100,0.0008611937519162893,global,33.008329845916094,"{""attn.o_proj.max_weight"": 1.2068047908482846, ""attn.o_proj.max_weight_position"": 38.9877846162864, ""attn.o_proj.min_weight"": 0.1868274362903105, ""attn.o_proj.min_weight_distance"": 4.454890468639801, ""direction_index"": 33.008329845916094, ""direction_scope"": ""global"", ""mlp.down_proj.max_weight"": -0.058858661218297775, ""mlp.down_proj.max_weight_position"": 33.131881972437114, ""mlp.down_proj.min_weight"": 0.6163035772874993, ""mlp.down_proj.min_weight_distance"": 1.6639960337874107}","{""attn.o_proj"": {""max_weight"": 1.2068047908482846, ""max_weight_position"": 38.9877846162864, ""min_weight"": 0.2254642451770494, ""min_weight_distance"": 4.454890468639801}, ""mlp.down_proj"": {""max_weight"": 0.0, ""max_weight_position"": 33.131881972437114, ""min_weight"": 0.0, ""min_weight_distance"": 1.6639960337874107}}"
gemma,35,startup,91,0.008421523496508598,per layer,,"{""attn.o_proj.max_weight"": 1.457141455353892, ""attn.o_proj.max_weight_position"": 32.50819544471224, ""attn.o_proj.min_weight"": 0.034197903779960015, ""attn.o_proj.min_weight_distance"": 23.82266282462345, ""direction_index"": 37.712910759954994, ""direction_scope"": ""per layer"", ""mlp.down_proj.max_weight"": 0.14951531086397102, ""mlp.down_proj.max_weight_position"": 31.84905989809772, ""mlp.down_proj.min_weight"": 0.3636019500909804, ""mlp.down_proj.min_weight_distance"": 1.8299550871517556}","{""attn.o_proj"": {""max_weight"": 1.457141455353892, ""max_weight_position"": 32.50819544471224, ""min_weight"": 0.049831183283983296, ""min_weight_distance"": 23.82266282462345}, ""mlp.down_proj"": {""max_weight"": 0.14951531086397102, ""max_weight_position"": 31.84905989809772, ""min_weight"": 0.05436405859859901, ""min_weight_distance"": 1.8299550871517556}}"
gemma,36,startup,100,0.009038123302161694,global,40.92608766475045,"{""attn.o_proj.max_weight"": 0.8805866320659838, ""attn.o_proj.max_weight_position"": 42.76856180894208, ""attn.o_proj.min_weight"": 0.9779337072418082, ""attn.o_proj.min_weight_distance"": 14.288024182734462, ""direction_index"": 40.92608766475045, ""direction_scope"": ""global"", ""mlp.down_proj.max_weight"": 1.2052854364245358, ""mlp.down_proj.max_weight_position"": 34.86792532843242, ""mlp.down_proj.min_weight"": 0.7589161983100051, ""mlp.down_proj.min_weight_distance"": 26.632785863219492}","{""attn.o_proj"": {""max_weight"": 0.8805866320659838, ""max_weight_position"": 42.76856180894208, ""min_weight"": 0.8611553496438656, ""min_weight_distance"": 14.288024182734462}, ""mlp.down_proj"": {""max_weight"": 1.2052854364245358, ""max_weight_position"": 34.86792532843242, ""min_weight"": 0.914710641289724, ""min_weight_distance"": 26.632785863219492}}"
gemma,37,startup,100,0.003627568716183305,global,25.62812741013691,"{""attn.o_proj.max_weight"": 0.8634650166196551, ""attn.o_proj.max_weight_position"": 35.00604838143942, ""attn.o_proj.min_weight"": 0.8145166082909967, ""attn.o_proj.min_weight_distance"": 1.9935889089158465, ""direction_index"": 25.62812741013691, ""direction_scope"": ""global"", ""mlp.down_proj.max_weight"": 1.3248362709407664, ""mlp.down_proj.max_weight_position"": 37.16360888284453, ""mlp.down_proj.min_weight"": 0.16095080919104532, ""mlp.down_proj.min_weight_distance"": 15.065154838734076}","{""attn.o_proj"": {""max_weight"": 0.8634650166196551, ""max_weight_position"": 35.00604838143942, ""min_weight"": 0.7033065967149706, ""min_weight_distance"": 1.9935889089158465}, ""mlp.down_proj"": {""max_weight"": 1.3248362709407664, ""max_weight_position"": 37.16360888284453, ""min_weight"": 0.2132334698535633, ""min_weight_distance"": 15.065154838734076}}"
gemma,38,startup,100,0.0011987603502348065,global,28.726301985396887,"{""attn.o_proj.max_weight"": 1.1245198985960119, ""attn.o_proj.max_weight_position"": 40.54072679299568, ""attn.o_proj.min_weight"": 0.13525010165780937, ""attn.o_proj.min_weight_distance"": 11.300147867429402, ""direction_index"": 28.726301985396887, ""direction_scope"": ""global"", ""mlp.down_proj.max_weight"": -0.21954369142123015, ""mlp.down_proj.max_weight_position"": 45.36964388891234, ""mlp.down_proj.min_weight"": 0.3711928459617799, ""mlp.down_proj.min_weight_distance"": 6.249751959549539}","{""attn.o_proj"": {""max_weight"": 1.1245198985960119, ""max_weight_position"": 40.54072679299568, ""min_weight"": 0.1520914306013401, ""min_weight_distance"": 11.300147867429402}, ""mlp.down_proj"": {""max_weight"": 0.0, ""max_weight_position"": 45.36964388891234, ""min_weight"": 0.0, ""min_weight_distance"": 6.249751959549539}}"
gemma,39,startup,98,0.0016559404321014881,per layer,,"{""attn.o_proj.max_weight"": 0.821136473740773, ""attn.o_proj.max_weight_position"": 32.894097945113245, ""attn.o_proj.min_weight"": 0.6017175868107278, ""attn.o_proj.min_weight_distance"": 11.045423350330022, ""direction_index"": 27.972161766147913, ""direction_scope"": ""per layer"", ""mlp.down_proj.max_weight"": 0.2456345928381416, ""mlp.down_proj.max_weight_position"": 42.87884706793598, ""mlp.down_proj.min_weight"": 0.98480204415062, ""mlp.down_proj.min_weight_distance"": 5.610813857207085}","{""attn.o_proj"": {""max_weight"": 0.821136473740773, ""max_weight_position"": 32.894097945113245, ""min_weight"": 0.49409225742156854, ""min_weight_distance"": 11.045423350330022}, ""mlp.down_proj"": {""max_weight"": 0.2456345928381416, ""max_weight_position"": 42.87884706793598, ""min_weight"": 0.2419014491411071, ""min_weight_distance"": 5.610813857207085}}"
gemma,40,startup,98,0.00917152687907219,global,32.04187289094359,"{""attn.o_proj.max_weight"": 1.1192766655794548, ""attn.o_proj.max_weight_position"": 31.082562757892905, ""attn.o_proj.min_weight"": 0.04007411920348303, ""attn.o_proj.min_weight_distance"": 20.179642521408283, ""direction_index"": 32.04187289094359, ""direction_scope"": ""global"", ""mlp.down_proj.max_weight"": 1.330161076552074, ""mlp.down_proj.max_weight_position"": 43.20461336154763, ""mlp.down_proj.min_weight"": 0.6771435097209595, ""mlp.down_proj.min_weight_distance"": 16.663112646301364}","{""attn.o_proj"": {""max_weight"": 1.1192766655794548, ""max_weight_position"": 31.082562757892905, ""min_weight"": 0.04485402651810808, ""min_weight_distance"": 20.179642521408283}, ""mlp.down_proj"": {""max_weight"": 1.330161076552074, ""max_weight_position"": 43.20461336154763, ""min_weight"": 0.9007099398706813, ""min_weight_distance"": 16.663112646301364}}"
gemma,41,startup,92,0.023380078375339508,per layer,,"{""attn.o_proj.max_weight"": 0.8871654713186036, ""attn.o_proj.max_weight_position"": 35.573859739228766, ""attn.o_proj.min_weight"": 0.7466298988106123, ""attn.o_proj.min_weight_distance"": 25.90939340356853, ""direction_index"": 27.916640144412895, ""direction_scope"": ""per layer"", ""mlp.down_proj.max_weight"": 0.3946349771781381, ""mlp.down_proj.max_weight_position"": 45.09693840725191, ""mlp.down_proj.min_weight"": 0.23150000564704665, ""mlp.down_proj.min_weight_distance"": 27.094467043557504}","{""attn.o_proj"": {""max_weight"": 0.8871654713186036, ""max_weight_position"": 35.573859739228766, ""min_weight"": 0.6623842660788781, ""min_weight_distance"": 25.90939340356853}, ""mlp.down_proj"": {""max_weight"": 0.3946349771781381, ""max_weight_position"": 45.09693840725191, ""min_weight"": 0.0913579994452611, ""min_weight_distance"": 27.094467043557504}}"
gemma,42,startup,98,0.012888035736978054,per layer,,"{""attn.o_proj.max_weight"": 0.9914719132125418, ""attn.o_proj.max_weight_position"": 46.81057253187694, ""attn.o_proj.min_weight"": 0.6956487695918402, ""attn.o_proj.min_weight_distance"": 16.90554481002505, ""direction_index"": 20.707173880117146, ""direction_scope"": ""per layer"", ""mlp.down_proj.max_weight"": 1.0927104465907158, ""mlp.down_proj.max_weight_position"": 35.522484050808224, ""mlp.down_proj.min_weight"": 0.08952500356210458, ""mlp.down_proj.min_weight_distance"": 10.280412108698776}","{""attn.o_proj"": {""max_weight"": 0.9914719132125418, ""max_weight_position"": 46.81057253187694, ""min_weight"": 0.6897162165111724, ""min_weight_distance"": 16.90554481002505}, ""mlp.down_proj"": {""max_weight"": 1.0927104465907158, ""max_weight_position"": 35.522484050808224, ""min_weight"": 0.09782490662338271, ""min_weight_distance"": 10.280412108698776}}"
gemma,43,startup,88,0.016584597527980804,per layer,,"{""attn.o_proj.max_weight"": 1.3001684248538212, ""attn.o_proj.max_weight_position"": 32.08985260021106, ""attn.o_proj.min_weight"": 0.25262995261362176, ""attn.o_proj.min_weight_distance"": 21.93028725527035, ""direction_index"": 19.74196437508657, ""direction_scope"": ""per layer"", ""mlp.down_proj.max_weight"": 0.04773746643899546, ""mlp.down_proj.max_weight_position"": 31.856750941965675, ""mlp.down_proj.min_weight"": 0.715795166288015, ""mlp.down_proj.min_weight_distance"": 21.851661425348215}","{""attn.o_proj"": {""max_weight"": 1.3001684248538212, ""max_weight_position"": 32.08985260021106, ""min_weight"": 0.3284614875605481, ""min_weight_distance"": 21.93028725527035}, ""mlp.down_proj"": {""max_weight"": 0.04773746643899546, ""max_weight_position"": 31.856750941965675, ""min_weight"": 0.034170247727869286, ""min_weight_distance"": 21.851661425348215}}"
gemma,44,startup,100,0.0011283347848802805,per layer,,"{""attn.o_proj.max_weight"": 0.8608309420938871, ""attn.o_proj.max_weight_position"": 46.3735620403464, ""attn.o_proj.min_weight"": 0.502590991896195, ""attn.o_proj.min_weight_distance"": 8.658475800852349, ""direction_index"": 39.7690645250466, ""direction_scope"": ""per layer"", ""mlp.down_proj.max_weight"": -0.092752712610608, ""mlp.down_proj.max_weight_position"": 29.63871079480795, ""mlp.down_proj.min_weight"": 0.9992755258816318, ""mlp.down_proj.min_weight_distance"": 3.1835017901662406}","{""attn.o_proj"": {""max_weight"": 0.8608309420938871, ""max_weight_position"": 46.3735620403464, ""min_weight"": 0.43264587704190277, ""min_weight_distance"": 8.658475800852349}, ""mlp.down_proj"": {""max_weight"": 0.0, ""max_weight_position"": 29.63871079480795, ""min_weight"": 0.0, ""min_weight_distance"": 3.1835017901662406}}"
gemma,45,startup,99,0.005370038561522961,global,33.691115749168816,"{""attn.o_proj.max_weight"": 1.421942562175185, ""attn.o_proj.max_weight_position"": 31.527901420390748, ""attn.o_proj.min_weight"": 0.6502695878566195, ""attn.o_proj.min_weight_distance"": 25.246664793542234, ""direction_index"": 33.691115749168816, ""direction_scope"": ""global"", ""mlp.down_proj.max_weight"": -0.14674264560933245, ""mlp.down_proj.max_weight_position"": 30.914000792448224, ""mlp.down_proj.min_weight"": 0.36151160508403934, ""mlp.down_proj.min_weight_distance"": 12.747432535979712}","{""attn.o_proj"": {""max_weight"": 1.421942562175185, ""max_weight_position"": 31.527901420390748, ""min_weight"": 0.9246460038614431, ""min_weight_distance"": 25.246664793542234}, ""mlp.down_proj"": {""max_weight"": 0.0, ""max_weight_position"": 30.914000792448224, ""min_weight"": 0.0, ""min_weight_distance"": 12.747432535979712}}"
gemma,46,startup,100,0.0007921619690023363,global,25.20970557411984,"{""attn.o_proj.max_weight"": 1.0364867415484358, ""attn.o_proj.max_weight_position"": 38.53861980666168, ""attn.o_proj.min_weight"": 0.8368933166547248, ""attn.o_proj.min_weight_distance"": 9.969385806794154, ""direction_index"": 25.20970557411984, ""direction_scope"": ""global"", ""mlp.down_proj.max_weight"": 1.4151029466167038, ""mlp.down_proj.max_weight_position"": 35.45490983602075, ""mlp.down_proj.min_weight"": 0.39116532363649714, ""mlp.down_proj.min_weight_distance"": 1.431900881182661}","{""attn.o_proj"": {""max_weight"": 1.0364867415484358, ""max_weight_position"": 38.53861980666168, ""min_weight"": 0.867428826803119, ""min_weight_distance"": 9.969385806794154}, ""mlp.down_proj"": {""max_weight"": 1.4151029466167038, ""max_weight_position"": 35.45490983602075, ""min_weight"": 0.5535392020922837, ""min_weight_distance"": 1.431900881182661}}"
gemma,47,startup,100,0.002497658831998706,global,38.28327271371856,"{""attn.o_proj.max_weight"": 1.3952361406377172, ""attn.o_proj.max_weight_position"": 33.90596335448413, ""attn.o_proj.min_weight"": 0.629061209478275, ""attn.o_proj.min_weight_distance"": 14.98287012005069, ""direction_index"": 38.28327271371856, ""direction_scope"": ""global"", ""mlp.down_proj.max_weight"": 0.29428359153216843, ""mlp.down_proj.max_weight_position"": 41.18497188653289, ""mlp.down_proj.min_weight"": 0.3351470873157041, ""mlp.down_proj.min_weight_distance"": 1.3224300221628427}","{""attn.o_proj"": {""max_weight"": 1.3952361406377172, ""max_weight_position"": 33.90596335448413, ""min_weight"": 0.877688934137363, ""min_weight_distance"": 14.98287012005069}, ""mlp.down_proj"": {""max_weight"": 0.29428359153216843, ""max_weight_position"": 41.18497188653289, ""min_weight"": 0.09862828854681065, ""min_weight_distance"": 1.3224300221628427}}"
gemma,48,startup,99,0.003079335205256939,global,40.87239608615868,"{""attn.o_proj.max_weight"": 1.2525927062772837, ""attn.o_proj.max_weight_position"": 33.15227622365866, ""attn.o_proj.min_weight"": 0.7168953208903243, ""attn.o_proj.min_weight_distance"": 9.098398231975944, ""direction_index"": 40.87239608615868, ""direction_scope"": ""global"", ""mlp.down_proj.max_weight"": 1.1778839766101659, ""mlp.down_proj.max_weight_position"": 43.15584027763268, ""mlp.down_proj.min_weight"": 0.05089421168977348, ""mlp.down_proj.min_weight_distance"": 12.622494084876362}","{""attn.o_proj"": {""max_weight"": 1.2525927062772837, ""max_weight_position"": 33.15227622365866, ""min_weight"": 0.897977850111533, ""min_weight_distance"": 9.098398231975944}, ""mlp.down_proj"": {""max_weight"": 1.1778839766101659, ""max_weight_position"": 43.15584027763268, ""min_weight"": 0.05994747645158998, ""min_weight_distance"": 12.622494084876362}}"
gemma,49,startup,100,0.0011772813741117716,per layer,,"{""attn.o_proj.max_weight"": 1.1453616302799037, ""attn.o_proj.max_weight_position"": 29.61234963453288, ""attn.o_proj.min_weight"": 0.20936944959777493, ""attn.o_proj.min_weight_distance"": 2.9007037550866377, ""direction_index"": 38.38447664938904, ""direction_scope"": ""per layer"", ""mlp.down_proj.max_weight"": -0.18380213233627782, ""mlp.down_proj.max_weight_position"": 30.58960805518623, ""mlp.down_proj.min_weight"": 0.09779690989022694, ""mlp.down_proj.min_weight_distance"": 18.954780972809075}","{""attn.o_proj"": {""max_weight"": 1.1453616302799037, ""max_weight_position"": 29.61234963453288, ""min_weight"": 0.23980373412211362, ""min_weight_distance"": 2.9007037550866377}, ""mlp.down_proj"": {""max_weight"": 0.0, ""max_weight_position"": 30.58960805518623, ""min_weight"": 0.0, ""min_weight_distance"": 18.954780972809075}}"
gemma,50,startup,81,0.28308582305908203,per layer,,"{""attn.o_proj.max_weight"": 1.0078580294611137, ""attn.o_proj.max_weight_position"": 42.215291959073284, ""attn.o_proj.min_weight"": 0.6205395940163719, ""attn.o_proj.min_weight_distance"": 26.528766456157843, ""direction_index"": 41.53789786362955, ""direction_scope"": ""per layer"", ""mlp.down_proj.max_weight"": 1.2772427646426443, ""mlp.down_proj.max_weight_position"": 33.132717104414816, ""mlp.down_proj.min_weight"": 0.8326683261031333, ""mlp.down_proj.min_weight_distance"": 16.548577386211065}","{""attn.o_proj"": {""max_weight"": 1.0078580294611137, ""max_weight_position"": 42.215291959073284, ""min_weight"": 0.6254158124279401, ""min_weight_distance"": 26.528766456157843}, ""mlp.down_proj"": {""max_weight"": 1.2772427646426443, ""max_weight_position"": 33.132717104414816, ""min_weight"": 1.063519594862329, ""min_weight_distance"": 16.548577386211065}}"
gemma,51,startup,99,0.01975582353770733,per layer,,"{""attn.o_proj.max_weight"": 1.2112696711202506, ""attn.o_proj.max_weight_position"": 44.85399627216432, ""attn.o_proj.min_weight"": 0.294173885432223, ""attn.o_proj.min_weight_distance"": 12.49704783904286, ""direction_index"": 34.93754595670812, ""direction_scope"": ""per layer"", ""mlp.down_proj.max_weight"": 0.7490654216316108, ""mlp.down_proj.max_weight_position"": 41.82885184296859, ""mlp.down_proj.min_weight"": 0.9051468488813411, ""mlp.down_proj.min_weight_distance"": 17.02543531597856}","{""attn.o_proj"": {""max_weight"": 1.2112696711202506, ""max_weight_position"": 44.85399627216432, ""min_weight"": 0.35632390545965503, ""min_weight_distance"": 12.49704783904286}, ""mlp.down_proj"": {""max_weight"": 0.7490654216316108, ""max_weight_position"": 41.82885184296859, ""min_weight"": 0.6780142059958257, ""min_weight_distance"": 17.02543531597856}}"
gemma,52,startup,99,0.00069664535112679,global,21.0882679696928,"{""attn.o_proj.max_weight"": 0.9993916880290334, ""attn.o_proj.max_weight_position"": 39.83371638729182, ""attn.o_proj.min_weight"": 0.29754617346961454, ""attn.o_proj.min_weight_distance"": 8.86790022261646, ""direction_index"": 21.0882679696928, ""direction_scope"": ""global"", ""mlp.down_proj.max_weight"": 1.069815189119748, ""mlp.down_proj.max_weight_position"": 43.02715069627446, ""mlp.down_proj.min_weight"": 0.6067421633079724, ""mlp.down_proj.min_weight_distance"": 13.357930683821355}","{""attn.o_proj"": {""max_weight"": 0.9993916880290334, ""max_weight_position"": 39.83371638729182, ""min_weight"": 0.2973651725703777, ""min_weight_distance"": 8.86790022261646}, ""mlp.down_proj"": {""max_weight"": 1.069815189119748, ""max_weight_position"": 43.02715069627446, ""min_weight"": 0.6491019821862435, ""min_weight_distance"": 13.357930683821355}}"
gemma,53,startup,100,0.004750910215079784,global,19.376469531956555,"{""attn.o_proj.max_weight"": 1.1066104074661325, ""attn.o_proj.max_weight_position"": 39.65487292814977, ""attn.o_proj.min_weight"": 0.4641550699508056, ""attn.o_proj.min_weight_distance"": 14.375881850200637, ""direction_index"": 19.376469531956555, ""direction_scope"": ""global"", ""mlp.down_proj.max_weight"": 0.38488689737004567, ""mlp.down_proj.max_weight_position"": 34.33851287705576, ""mlp.down_proj.min_weight"": 0.32122363530065223, ""mlp.down_proj.min_weight_distance"": 26.15991619599247}","{""attn.o_proj"": {""max_weight"": 1.1066104074661325, ""max_weight_position"": 39.65487292814977, ""min_weight"": 0.5136388310857322, ""min_weight_distance"": 14.375881850200637}, ""mlp.down_proj"": {""max_weight"": 0.38488689737004567, ""max_weight_position"": 34.33851287705576, ""min_weight"": 0.12363476835279512, ""min_weight_distance"": 26.15991619599247}}"
gemma,54,startup,99,0.0021081811282783747,global,41.75213960302098,"{""attn.o_proj.max_weight"": 0.8658403007871216, ""attn.o_proj.max_weight_position"": 34.80381393405317, ""attn.o_proj.min_weight"": 0.06958978432555363, ""attn.o_proj.min_weight_distance"": 25.6367267302216, ""direction_index"": 41.75213960302098, ""direction_scope"": ""global"", ""mlp.down_proj.max_weight"": 0.5076479582671709, ""mlp.down_proj.max_weight_position"": 43.03233793037233, ""mlp.down_proj.min_weight"": 0.9999344804266129, ""mlp.down_proj.min_weight_distance"": 19.786651245255584}","{""attn.o_proj"": {""max_weight"": 0.8658403007871216, ""max_weight_position"": 34.80381393405317, ""min_weight"": 0.060253639792148275, ""min_weight_distance"": 25.6367267302216}, ""mlp.down_proj"": {""max_weight"": 0.5076479582671709, ""max_weight_position"": 43.03233793037233, ""min_weight"": 0.5076146973895144, ""min_weight_distance"": 19.786651245255584}}"
gemma,55,startup,98,0.0033853380009531975,per layer,,"{""attn.o_proj.max_weight"": 1.2265553005430525, ""attn.o_proj.max_weight_position"": 37.3087895676923, ""attn.o_proj.min_weight"": 0.3847640933914611, ""attn.o_proj.min_weight_distance"": 14.399946856284853, ""direction_index"": 29.546022982570697, ""direction_scope"": ""per layer"", ""mlp.down_proj.max_weight"": 1.3499833148979605, ""mlp.down_proj.max_weight_position"": 39.44023395533196, ""mlp.down_proj.min_weight"": 0.5516684673786048, ""mlp.down_proj.min_weight_distance"": 1.4194550679695772}","{""attn.o_proj"": {""max_weight"": 1.2265553005430525, ""max_weight_position"": 37.3087895676923, ""min_weight"": 0.47193443820793873, ""min_weight_distance"": 14.399946856284853}, ""mlp.down_proj"": {""max_weight"": 1.3499833148979605, ""max_weight_position"": 39.44023395533196, ""min_weight"": 0.7447432263164463, ""min_weight_distance"": 1.4194550679695772}}"
gemma,56,startup,100,0.0012175625888630748,global,38.14275740584639,"{""attn.o_proj.max_weight"": 1.4688189561885374, ""attn.o_proj.max_weight_position"": 45.921792152519146, ""attn.o_proj.min_weight"": 0.30988888991363694, ""attn.o_proj.min_weight_distance"": 6.255437806117127, ""direction_index"": 38.14275740584639, ""direction_scope"": ""global"", ""mlp.down_proj.max_weight"": 1.1651524774595807, ""mlp.down_proj.max_weight_position"": 41.36636763795114, ""mlp.down_proj.min_weight"": 0.35463413404787414, ""mlp.down_proj.min_weight_distance"": 5.886798062346417}","{""attn.o_proj"": {""max_weight"": 1.4688189561885374, ""max_weight_position"": 45.921792152519146, ""min_weight"": 0.4551706758173728, ""min_weight_distance"": 6.255437806117127}, ""mlp.down_proj"": {""max_weight"": 1.1651524774595807, ""max_weight_position"": 41.36636763795114, ""min_weight"": 0.4132028398776136, ""min_weight_distance"": 5.886798062346417}}"
gemma,57,startup,99,0.006257530301809311,per layer,,"{""attn.o_proj.max_weight"": 1.3749544886389322, ""attn.o_proj.max_weight_position"": 44.100777532485104, ""attn.o_proj.min_weight"": 0.17231372804156564, ""attn.o_proj.min_weight_distance"": 21.543362271039832, ""direction_index"": 30.586423263772943, ""direction_scope"": ""per layer"", ""mlp.down_proj.max_weight"": 0.19345080063046738, ""mlp.down_proj.max_weight_position"": 31.740337131841493, ""mlp.down_proj.min_weight"": 0.41679066507472884, ""mlp.down_proj.min_weight_distance"": 13.88134967660555}","{""attn.o_proj"": {""max_weight"": 1.3749544886389322, ""max_weight_position"": 44.100777532485104, ""min_weight"": 0.23692353382485892, ""min_weight_distance"": 21.543362271039832}, ""mlp.down_proj"": {""max_weight"": 0.19345080063046738, ""max_weight_position"": 31.740337131841493, ""min_weight"": 0.08062848785401128, ""min_weight_distance"": 13.88134967660555}}"
gemma,58,startup,81,0.12051214277744293,per layer,,"{""attn.o_proj.max_weight"": 0.9822008771775055, ""attn.o_proj.max_weight_position"": 29.039957049912342, ""attn.o_proj.min_weight"": 0.6786047308856499, ""attn.o_proj.min_weight_distance"": 4.809321506641856, ""direction_index"": 40.152229809377644, ""direction_scope"": ""per layer"", ""mlp.down_proj.max_weight"": 1.3051969775316312, ""mlp.down_proj.max_weight_position"": 31.682130278182054, ""mlp.down_proj.min_weight"": 0.615137672033594, ""mlp.down_proj.min_weight_distance"": 14.165996240019785}","{""attn.o_proj"": {""max_weight"": 0.9822008771775055, ""max_weight_position"": 29.039957049912342, ""min_weight"": 0.6665261619326903, ""min_weight_distance"": 4.809321506641856}, ""mlp.down_proj"": {""max_weight"": 1.3051969775316312, ""max_weight_position"": 31.682130278182054, ""min_weight"": 0.8028758303040908, ""min_weight_distance"": 14.165996240019785}}"
gemma,59,startup,96,0.006739324424415827,per layer,,"{""attn.o_proj.max_weight"": 0.9140407262271384, ""attn.o_proj.max_weight_position"": 37.234499068830424, ""attn.o_proj.min_weight"": 0.19806400799400048, ""attn.o_proj.min_weight_distance"": 27.7249000183254, ""direction_index"": 23.44505402202606, ""direction_scope"": ""per layer"", ""mlp.down_proj.max_weight"": 0.13853397475972695, ""mlp.down_proj.max_weight_position"": 33.614878898431776, ""mlp.down_proj.min_weight"": 0.7051025221187837, ""mlp.down_proj.min_weight_distance"": 9.57752301962177}","{""attn.o_proj"": {""max_weight"": 0.9140407262271384, ""max_weight_position"": 37.234499068830424, ""min_weight"": 0.18103856970629395, ""min_weight_distance"": 27.7249000183254}, ""mlp.down_proj"": {""max_weight"": 0.13853397475972695, ""max_weight_position"": 33.614878898431776, ""min_weight"": 0.0976806550022234, ""min_weight_distance"": 9.57752301962177}}"
gemma,60,tpe,80,0.027336833998560905,per layer,,"{""attn.o_proj.max_weight"": 1.422819125358103, ""attn.o_proj.max_weight_position"": 35.941604785695034, ""attn.o_proj.min_weight"": 0.5741802634567652, ""attn.o_proj.min_weight_distance"": 24.196443074995685, ""direction_index"": 35.415687601328514, ""direction_scope"": ""per layer"", ""mlp.down_proj.max_weight"": -0.08712812520317086, ""mlp.down_proj.max_weight_position"": 40.99723130185444, ""mlp.down_proj.min_weight"": 0.9867023446871426, ""mlp.down_proj.min_weight_distance"": 26.98285862518095}","{""attn.o_proj"": {""max_weight"": 1.422819125358103, ""max_weight_position"": 35.941604785695034, ""min_weight"": 0.8169546602494399, ""min_weight_distance"": 24.196443074995685}, ""mlp.down_proj"": {""max_weight"": 0.0, ""max_weight_position"": 40.99723130185444, ""min_weight"": 0.0, ""min_weight_distance"": 26.98285862518095}}"
gemma,61,tpe,93,0.01252662856131792,per layer,,"{""attn.o_proj.max_weight"": 1.2056534337710303, ""attn.o_proj.max_weight_position"": 37.65754512549722, ""attn.o_proj.min_weight"": 0.42461746191281036, ""attn.o_proj.min_weight_distance"": 23.033275014137413, ""direction_index"": 35.2328021138878, ""direction_scope"": ""per layer"", ""mlp.down_proj.max_weight"": 0.06227674937229087, ""mlp.down_proj.max_weight_position"": 46.31410959429307, ""mlp.down_proj.min_weight"": 0.9904640847296078, ""mlp.down_proj.min_weight_distance"": 27.832511612614102}","{""attn.o_proj"": {""max_weight"": 1.2056534337710303, ""max_weight_position"": 37.65754512549722, ""min_weight"": 0.5119415009943195, ""min_weight_distance"": 23.033275014137413}, ""mlp.down_proj"": {""max_weight"": 0.06227674937229087, ""max_weight_position"": 46.31410959429307, ""min_weight"": 0.06168288356696126, ""min_weight_distance"": 27.832511612614102}}"
gemma,62,tpe,83,0.1378389447927475,per layer,,"{""attn.o_proj.max_weight"": 1.4179779005239577, ""attn.o_proj.max_weight_position"": 44.303277073532925, ""attn.o_proj.min_weight"": 0.7724465539789092, ""attn.o_proj.min_weight_distance"": 19.267241479494817, ""direction_index"": 37.81064287496484, ""direction_scope"": ""per layer"", ""mlp.down_proj.max_weight"": 1.2900859060209378, ""mlp.down_proj.max_weight_position"": 29.588073745573027, ""mlp.down_proj.min_weight"": 0.08888509295429053, ""mlp.down_proj.min_weight_distance"": 18.842632272697937}","{""attn.o_proj"": {""max_weight"": 1.4179779005239577, ""max_weight_position"": 44.303277073532925, ""min_weight"": 1.0953121428779795, ""min_weight_distance"": 19.267241479494817}, ""mlp.down_proj"": {""max_weight"": 1.2900859060209378, ""max_weight_position"": 29.588073745573027, ""min_weight"": 0.11466940567569117, ""min_weight_distance"": 18.842632272697937}}"
gemma,63,tpe,87,0.013333753682672977,per layer,,"{""attn.o_proj.max_weight"": 1.1871930022953738, ""attn.o_proj.max_weight_position"": 31.825260049518956, ""attn.o_proj.min_weight"": 0.6999250855415722, ""attn.o_proj.min_weight_distance"": 16.622310096727425, ""direction_index"": 29.06967053274347, ""direction_scope"": ""per layer"", ""mlp.down_proj.max_weight"": 0.40497195509525113, ""mlp.down_proj.max_weight_position"": 42.459317835940816, ""mlp.down_proj.min_weight"": 0.019621696036595165, ""mlp.down_proj.min_weight_distance"": 15.570176216484004}","{""attn.o_proj"": {""max_weight"": 1.1871930022953738, ""max_weight_position"": 31.825260049518956, ""min_weight"": 0.8309461636859454, ""min_weight_distance"": 16.622310096727425}, ""mlp.down_proj"": {""max_weight"": 0.40497195509525113, ""max_weight_position"": 42.459317835940816, ""min_weight"": 0.007946236606224684, ""min_weight_distance"": 15.570176216484004}}"
gemma,64,tpe,72,0.24867300689220428,per layer,,"{""attn.o_proj.max_weight"": 1.2785537899958694, ""attn.o_proj.max_weight_position"": 29.4523198684795, ""attn.o_proj.min_weight"": 0.5718884236847983, ""attn.o_proj.min_weight_distance"": 15.834562010153956, ""direction_index"": 21.518846175750486, ""direction_scope"": ""per layer"", ""mlp.down_proj.max_weight"": 1.2023673134686175, ""mlp.down_proj.max_weight_position"": 35.332006013507396, ""mlp.down_proj.min_weight"": 0.5205400263544885, ""mlp.down_proj.min_weight_distance"": 19.56883801497514}","{""attn.o_proj"": {""max_weight"": 1.2785537899958694, ""max_weight_position"": 29.4523198684795, ""min_weight"": 0.7311901115569625, ""min_weight_distance"": 15.834562010153956}, ""mlp.down_proj"": {""max_weight"": 1.2023673134686175, ""max_weight_position"": 35.332006013507396, ""min_weight"": 0.6258803130407297, ""min_weight_distance"": 19.56883801497514}}"
gemma,65,tpe,94,0.004362805746495724,per layer,,"{""attn.o_proj.max_weight"": 1.3135089098923889, ""attn.o_proj.max_weight_position"": 36.335126871572804, ""attn.o_proj.min_weight"": 0.48351612657236825, ""attn.o_proj.min_weight_distance"": 17.55113148414641, ""direction_index"": 37.581326063949454, ""direction_scope"": ""per layer"", ""mlp.down_proj.max_weight"": -0.06332549765629125, ""mlp.down_proj.max_weight_position"": 36.487879200789806, ""mlp.down_proj.min_weight"": 0.976691678145041, ""mlp.down_proj.min_weight_distance"": 21.4969265032323}","{""attn.o_proj"": {""max_weight"": 1.3135089098923889, ""max_weight_position"": 36.335126871572804, ""min_weight"": 0.6351027403294618, ""min_weight_distance"": 17.55113148414641}, ""mlp.down_proj"": {""max_weight"": 0.0, ""max_weight_position"": 36.487879200789806, ""min_weight"": 0.0, ""min_weight_distance"": 21.4969265032323}}"
gemma,66,tpe,100,0.004900418687611818,global,33.91590960522286,"{""attn.o_proj.max_weight"": 1.4916649885536775, ""attn.o_proj.max_weight_position"": 36.42782162260965, ""attn.o_proj.min_weight"": 0.6520428979455323, ""attn.o_proj.min_weight_distance"": 26.33920962029511, ""direction_index"": 33.91590960522286, ""direction_scope"": ""global"", ""mlp.down_proj.max_weight"": -0.19471615417904975, ""mlp.down_proj.max_weight_position"": 41.59045162994241, ""mlp.down_proj.min_weight"": 0.7207660731831291, ""mlp.down_proj.min_weight_distance"": 23.926340469381454}","{""attn.o_proj"": {""max_weight"": 1.4916649885536775, ""max_weight_position"": 36.42782162260965, ""min_weight"": 0.972629561900429, ""min_weight_distance"": 26.33920962029511}, ""mlp.down_proj"": {""max_weight"": 0.0, ""max_weight_position"": 41.59045162994241, ""min_weight"": 0.0, ""min_weight_distance"": 23.926340469381454}}"
gemma,67,tpe,81,0.010073542594909668,per layer,,"{""attn.o_proj.max_weight"": 1.2271499938719468, ""attn.o_proj.max_weight_position"": 36.35348983311035, ""attn.o_proj.min_weight"": 0.9465015094668734, ""attn.o_proj.min_weight_distance"": 17.937577868742054, ""direction_index"": 30.84519845919318, ""direction_scope"": ""per layer"", ""mlp.down_proj.max_weight"": 0.36730085986921224, ""mlp.down_proj.max_weight_position"": 45.57209853629127, ""mlp.down_proj.min_weight"": 0.20354262902235518, ""mlp.down_proj.min_weight_distance"": 9.347483009411738}","{""attn.o_proj"": {""max_weight"": 1.2271499938719468, ""max_weight_position"": 36.35348983311035, ""min_weight"": 1.1614993215420621, ""min_weight_distance"": 17.937577868742054}, ""mlp.down_proj"": {""max_weight"": 0.36730085986921224, ""max_weight_position"": 45.57209853629127, ""min_weight"": 0.07476138265995114, ""min_weight_distance"": 9.347483009411738}}"
gemma,68,tpe,81,0.024135172367095947,per layer,,"{""attn.o_proj.max_weight"": 1.2718935894462358, ""attn.o_proj.max_weight_position"": 37.950362899928805, ""attn.o_proj.min_weight"": 0.9296071997540961, ""attn.o_proj.min_weight_distance"": 22.18819299936092, ""direction_index"": 33.98506871860813, ""direction_scope"": ""per layer"", ""mlp.down_proj.max_weight"": 0.17830697307756244, ""mlp.down_proj.max_weight_position"": 46.0986244889808, ""mlp.down_proj.min_weight"": 0.29020773022881474, ""mlp.down_proj.min_weight_distance"": 7.282087825745045}","{""attn.o_proj"": {""max_weight"": 1.2718935894462358, ""max_weight_position"": 37.950362899928805, ""min_weight"": 1.1823614380703011, ""min_weight_distance"": 22.18819299936092}, ""mlp.down_proj"": {""max_weight"": 0.17830697307756244, ""max_weight_position"": 46.0986244889808, ""min_weight"": 0.05174606194080977, ""min_weight_distance"": 7.282087825745045}}"
gemma,69,tpe,100,0.0013725593453273177,global,20.603756053825034,"{""attn.o_proj.max_weight"": 0.9587019680188116, ""attn.o_proj.max_weight_position"": 42.23030855917245, ""attn.o_proj.min_weight"": 0.328365657466803, ""attn.o_proj.min_weight_distance"": 7.752507763235474, ""direction_index"": 20.603756053825034, ""direction_scope"": ""global"", ""mlp.down_proj.max_weight"": 1.3315688031428548, ""mlp.down_proj.max_weight_position"": 44.662619756443355, ""mlp.down_proj.min_weight"": 0.6648742479084397, ""mlp.down_proj.min_weight_distance"": 14.027050974280971}","{""attn.o_proj"": {""max_weight"": 0.9587019680188116, ""max_weight_position"": 42.23030855917245, ""min_weight"": 0.31480480204321504, ""min_weight_distance"": 7.752507763235474}, ""mlp.down_proj"": {""max_weight"": 1.3315688031428548, ""max_weight_position"": 44.662619756443355, ""min_weight"": 0.8853258065279468, ""min_weight_distance"": 14.027050974280971}}"
gemma,70,tpe,79,0.17182683944702148,per layer,,"{""attn.o_proj.max_weight"": 1.274966312666775, ""attn.o_proj.max_weight_position"": 30.70261224911329, ""attn.o_proj.min_weight"": 0.5778617236865614, ""attn.o_proj.min_weight_distance"": 14.597553981951137, ""direction_index"": 23.07726896177531, ""direction_scope"": ""per layer"", ""mlp.down_proj.max_weight"": 1.125173504104765, ""mlp.down_proj.max_weight_position"": 34.96037879478519, ""mlp.down_proj.min_weight"": 0.6398173944082507, ""mlp.down_proj.min_weight_distance"": 17.662512128869885}","{""attn.o_proj"": {""max_weight"": 1.274966312666775, ""max_weight_position"": 30.70261224911329, ""min_weight"": 0.736754231079922, ""min_weight_distance"": 14.597553981951137}, ""mlp.down_proj"": {""max_weight"": 1.125173504104765, ""max_weight_position"": 34.96037879478519, ""min_weight"": 0.7199055796535119, ""min_weight_distance"": 17.662512128869885}}"
gemma,71,tpe,79,0.2569824159145355,per layer,,"{""attn.o_proj.max_weight"": 1.2067244910035773, ""attn.o_proj.max_weight_position"": 31.146815011271475, ""attn.o_proj.min_weight"": 0.5153149622278929, ""attn.o_proj.min_weight_distance"": 21.853963807861923, ""direction_index"": 24.0068890910286, ""direction_scope"": ""per layer"", ""mlp.down_proj.max_weight"": 1.2286020469582772, ""mlp.down_proj.max_weight_position"": 32.75760145877791, ""mlp.down_proj.min_weight"": 0.5202937215799603, ""mlp.down_proj.min_weight_distance"": 16.87043550197262}","{""attn.o_proj"": {""max_weight"": 1.2067244910035773, ""max_weight_position"": 31.146815011271475, ""min_weight"": 0.6218431855009816, ""min_weight_distance"": 21.853963807861923}, ""mlp.down_proj"": {""max_weight"": 1.2286020469582772, ""max_weight_position"": 32.75760145877791, ""min_weight"": 0.6392339313526793, ""min_weight_distance"": 16.87043550197262}}"
gemma,72,tpe,78,0.2857322096824646,per layer,,"{""attn.o_proj.max_weight"": 1.289391274595181, ""attn.o_proj.max_weight_position"": 37.62202341385558, ""attn.o_proj.min_weight"": 0.7291100507602241, ""attn.o_proj.min_weight_distance"": 17.802149150852472, ""direction_index"": 36.810057699586835, ""direction_scope"": ""per layer"", ""mlp.down_proj.max_weight"": 1.050451019013229, ""mlp.down_proj.max_weight_position"": 29.72458918798782, ""mlp.down_proj.min_weight"": 0.5761008045890972, ""mlp.down_proj.min_weight_distance"": 22.941190218803257}","{""attn.o_proj"": {""max_weight"": 1.289391274595181, ""max_weight_position"": 37.62202341385558, ""min_weight"": 0.9401081376698824, ""min_weight_distance"": 17.802149150852472}, ""mlp.down_proj"": {""max_weight"": 1.050451019013229, ""max_weight_position"": 29.72458918798782, ""min_weight"": 0.6051656772349583, ""min_weight_distance"": 22.941190218803257}}"
gemma,73,tpe,80,0.03274866193532944,per layer,,"{""attn.o_proj.max_weight"": 1.4790637665144932, ""attn.o_proj.max_weight_position"": 30.844557417120367, ""attn.o_proj.min_weight"": 0.4370291807066057, ""attn.o_proj.min_weight_distance"": 25.27573352242979, ""direction_index"": 39.00254750115067, ""direction_scope"": ""per layer"", ""mlp.down_proj.max_weight"": -0.19654827018303964, ""mlp.down_proj.max_weight_position"": 41.010319588012614, ""mlp.down_proj.min_weight"": 0.9926609563817543, ""mlp.down_proj.min_weight_distance"": 25.72349591633018}","{""attn.o_proj"": {""max_weight"": 1.4790637665144932, ""max_weight_position"": 30.844557417120367, ""min_weight"": 0.6463940260926553, ""min_weight_distance"": 25.27573352242979}, ""mlp.down_proj"": {""max_weight"": 0.0, ""max_weight_position"": 41.010319588012614, ""min_weight"": 0.0, ""min_weight_distance"": 25.72349591633018}}"
gemma,74,tpe,100,0.004391459282487631,global,39.33933268959045,"{""attn.o_proj.max_weight"": 1.358914525422555, ""attn.o_proj.max_weight_position"": 38.7934685451486, ""attn.o_proj.min_weight"": 0.6273999712532339, ""attn.o_proj.min_weight_distance"": 15.700044970702377, ""direction_index"": 39.33933268959045, ""direction_scope"": ""global"", ""mlp.down_proj.max_weight"": 0.6419022400417944, ""mlp.down_proj.max_weight_position"": 30.254228971725443, ""mlp.down_proj.min_weight"": 0.18706925124634174, ""mlp.down_proj.min_weight_distance"": 21.768739147731704}","{""attn.o_proj"": {""max_weight"": 1.358914525422555, ""max_weight_position"": 38.7934685451486, ""min_weight"": 0.852582934185713, ""min_weight_distance"": 15.700044970702377}, ""mlp.down_proj"": {""max_weight"": 0.6419022400417944, ""max_weight_position"": 30.254228971725443, ""min_weight"": 0.120080171417968, ""min_weight_distance"": 21.768739147731704}}"
gemma,75,tpe,83,0.10503125190734863,per layer,,"{""attn.o_proj.max_weight"": 1.1693031283113533, ""attn.o_proj.max_weight_position"": 30.768421831869432, ""attn.o_proj.min_weight"": 0.6545558549969266, ""attn.o_proj.min_weight_distance"": 8.440730739722348, ""direction_index"": 21.512997418831947, ""direction_scope"": ""per layer"", ""mlp.down_proj.max_weight"": 1.4378553108135486, ""mlp.down_proj.max_weight_position"": 38.47306953751669, ""mlp.down_proj.min_weight"": 0.33308792736761683, ""mlp.down_proj.min_weight_distance"": 22.35496747770439}","{""attn.o_proj"": {""max_weight"": 1.1693031283113533, ""max_weight_position"": 30.768421831869432, ""min_weight"": 0.7653742089024188, ""min_weight_distance"": 8.440730739722348}, ""mlp.down_proj"": {""max_weight"": 1.4378553108135486, ""max_weight_position"": 38.47306953751669, ""min_weight"": 0.4789322453334054, ""min_weight_distance"": 22.35496747770439}}"
gemma,76,tpe,81,0.00974207278341055,per layer,,"{""attn.o_proj.max_weight"": 1.3240893500968736, ""attn.o_proj.max_weight_position"": 32.95158255815952, ""attn.o_proj.min_weight"": 0.8548908467946625, ""attn.o_proj.min_weight_distance"": 14.116599434569766, ""direction_index"": 25.752325568315715, ""direction_scope"": ""per layer"", ""mlp.down_proj.max_weight"": 0.9134868186154711, ""mlp.down_proj.max_weight_position"": 45.68817674447416, ""mlp.down_proj.min_weight"": 0.31411651283072595, ""mlp.down_proj.min_weight_distance"": 5.397106889990984}","{""attn.o_proj"": {""max_weight"": 1.3240893500968736, ""max_weight_position"": 32.95158255815952, ""min_weight"": 1.1319518657361107, ""min_weight_distance"": 14.116599434569766}, ""mlp.down_proj"": {""max_weight"": 0.9134868186154711, ""max_weight_position"": 45.68817674447416, ""min_weight"": 0.28694129398032564, ""min_weight_distance"": 5.397106889990984}}"
gemma,77,tpe,80,0.043821658939123154,per layer,,"{""attn.o_proj.max_weight"": 1.3890789574059865, ""attn.o_proj.max_weight_position"": 30.698294754904143, ""attn.o_proj.min_weight"": 0.8681143748068465, ""attn.o_proj.min_weight_distance"": 17.917375946822045, ""direction_index"": 28.492335986773725, ""direction_scope"": ""per layer"", ""mlp.down_proj.max_weight"": 1.2312444253766452, ""mlp.down_proj.max_weight_position"": 43.029851557216986, ""mlp.down_proj.min_weight"": 0.4052822401918328, ""mlp.down_proj.min_weight_distance"": 5.875009858063989}","{""attn.o_proj"": {""max_weight"": 1.3890789574059865, ""max_weight_position"": 30.698294754904143, ""min_weight"": 1.2058794106658441, ""min_weight_distance"": 17.917375946822045}, ""mlp.down_proj"": {""max_weight"": 1.2312444253766452, ""max_weight_position"": 43.029851557216986, ""min_weight"": 0.4990014989403527, ""min_weight_distance"": 5.875009858063989}}"
gemma,78,tpe,97,0.003089047269895673,per layer,,"{""attn.o_proj.max_weight"": 1.4160309691228667, ""attn.o_proj.max_weight_position"": 34.033425687232366, ""attn.o_proj.min_weight"": 0.8591761010335588, ""attn.o_proj.min_weight_distance"": 8.380280834664056, ""direction_index"": 21.383787564853343, ""direction_scope"": ""per layer"", ""mlp.down_proj.max_weight"": 0.7785529647382056, ""mlp.down_proj.max_weight_position"": 43.634296474141024, ""mlp.down_proj.min_weight"": 0.36179780663105177, ""mlp.down_proj.min_weight_distance"": 8.360756100498856}","{""attn.o_proj"": {""max_weight"": 1.4160309691228667, ""max_weight_position"": 34.033425687232366, ""min_weight"": 1.2166199669937563, ""min_weight_distance"": 8.380280834664056}, ""mlp.down_proj"": {""max_weight"": 0.7785529647382056, ""max_weight_position"": 43.634296474141024, ""min_weight"": 0.28167875498838535, ""min_weight_distance"": 8.360756100498856}}"
gemma,79,tpe,75,0.1952795535326004,per layer,,"{""attn.o_proj.max_weight"": 1.4301174274928181, ""attn.o_proj.max_weight_position"": 34.53475536906673, ""attn.o_proj.min_weight"": 0.8194784208060483, ""attn.o_proj.min_weight_distance"": 20.190886381023724, ""direction_index"": 40.475742332514756, ""direction_scope"": ""per layer"", ""mlp.down_proj.max_weight"": 0.8037170314316493, ""mlp.down_proj.max_weight_position"": 32.697424473680826, ""mlp.down_proj.min_weight"": 0.13119161238684102, ""mlp.down_proj.min_weight_distance"": 22.710655145673623}","{""attn.o_proj"": {""max_weight"": 1.4301174274928181, ""max_weight_position"": 34.53475536906673, ""min_weight"": 1.1719503710490229, ""min_weight_distance"": 20.190886381023724}, ""mlp.down_proj"": {""max_weight"": 0.8037170314316493, ""max_weight_position"": 32.697424473680826, ""min_weight"": 0.10544093325628345, ""min_weight_distance"": 22.710655145673623}}"
gemma,80,tpe,77,0.21252185106277466,per layer,,"{""attn.o_proj.max_weight"": 1.4679225722897151, ""attn.o_proj.max_weight_position"": 32.85206539937119, ""attn.o_proj.min_weight"": 0.6216900384701325, ""attn.o_proj.min_weight_distance"": 26.513940101060605, ""direction_index"": 40.665476826358145, ""direction_scope"": ""per layer"", ""mlp.down_proj.max_weight"": 0.957230195629913, ""mlp.down_proj.max_weight_position"": 37.415621363254246, ""mlp.down_proj.min_weight"": 0.09535957691634687, ""mlp.down_proj.min_weight_distance"": 28.09645660646542}","{""attn.o_proj"": {""max_weight"": 1.4679225722897151, ""max_weight_position"": 32.85206539937119, ""min_weight"": 0.9125928404379688, ""min_weight_distance"": 26.513940101060605}, ""mlp.down_proj"": {""max_weight"": 0.957230195629913, ""max_weight_position"": 37.415621363254246, ""min_weight"": 0.09128106646682045, ""min_weight_distance"": 28.09645660646542}}"
gemma,81,tpe,84,0.050868675112724304,per layer,,"{""attn.o_proj.max_weight"": 1.4685717872030097, ""attn.o_proj.max_weight_position"": 32.26229340825592, ""attn.o_proj.min_weight"": 0.582931473958417, ""attn.o_proj.min_weight_distance"": 17.494295376376655, ""direction_index"": 40.28433447072709, ""direction_scope"": ""per layer"", ""mlp.down_proj.max_weight"": 0.7010877045068533, ""mlp.down_proj.max_weight_position"": 33.04101424433245, ""mlp.down_proj.min_weight"": 0.2067728731122369, ""mlp.down_proj.min_weight_distance"": 14.338083543860783}","{""attn.o_proj"": {""max_weight"": 1.4685717872030097, ""max_weight_position"": 32.26229340825592, ""min_weight"": 0.8560767165279972, ""min_weight_distance"": 17.494295376376655}, ""mlp.down_proj"": {""max_weight"": 0.7010877045068533, ""max_weight_position"": 33.04101424433245, ""min_weight"": 0.14496591896454503, ""min_weight_distance"": 14.338083543860783}}"
gemma,82,tpe,77,0.05766332149505615,per layer,,"{""attn.o_proj.max_weight"": 1.3818585744585756, ""attn.o_proj.max_weight_position"": 30.176315325612258, ""attn.o_proj.min_weight"": 0.27934362088391673, ""attn.o_proj.min_weight_distance"": 15.0761705009844, ""direction_index"": 23.086642529649055, ""direction_scope"": ""per layer"", ""mlp.down_proj.max_weight"": 1.1536923575222655, ""mlp.down_proj.max_weight_position"": 31.829289531125166, ""mlp.down_proj.min_weight"": 0.12143297050494423, ""mlp.down_proj.min_weight_distance"": 14.349899964215226}","{""attn.o_proj"": {""max_weight"": 1.3818585744585756, ""max_weight_position"": 30.176315325612258, ""min_weight"": 0.38601337773874594, ""min_weight_distance"": 15.0761705009844}, ""mlp.down_proj"": {""max_weight"": 1.1536923575222655, ""max_weight_position"": 31.829289531125166, ""min_weight"": 0.14009629002278084, ""min_weight_distance"": 14.349899964215226}}"
gemma,83,tpe,75,0.11789119988679886,per layer,,"{""attn.o_proj.max_weight"": 1.4967832421554275, ""attn.o_proj.max_weight_position"": 29.55601699277972, ""attn.o_proj.min_weight"": 0.20321873056950712, ""attn.o_proj.min_weight_distance"": 12.242811395427758, ""direction_index"": 23.542407232700363, ""direction_scope"": ""per layer"", ""mlp.down_proj.max_weight"": 1.1265791202403088, ""mlp.down_proj.max_weight_position"": 28.415990328047684, ""mlp.down_proj.min_weight"": 0.04082408740655567, ""mlp.down_proj.min_weight_distance"": 15.599235031092617}","{""attn.o_proj"": {""max_weight"": 1.4967832421554275, ""max_weight_position"": 29.55601699277972, ""min_weight"": 0.30417439040853717, ""min_weight_distance"": 12.242811395427758}, ""mlp.down_proj"": {""max_weight"": 1.1265791202403088, ""max_weight_position"": 28.415990328047684, ""min_weight"": 0.04599156447509096, ""min_weight_distance"": 15.599235031092617}}"
gemma,84,tpe,82,0.10689656436443329,per layer,,"{""attn.o_proj.max_weight"": 1.4722481784616368, ""attn.o_proj.max_weight_position"": 30.383660831323468, ""attn.o_proj.min_weight"": 0.12756790445988364, ""attn.o_proj.min_weight_distance"": 8.724309936119015, ""direction_index"": 26.233089329418323, ""direction_scope"": ""per layer"", ""mlp.down_proj.max_weight"": 1.0235026019860662, ""mlp.down_proj.max_weight_position"": 28.286529138502075, ""mlp.down_proj.min_weight"": 0.15966032104656902, ""mlp.down_proj.min_weight_distance"": 16.140075376318407}","{""attn.o_proj"": {""max_weight"": 1.4722481784616368, ""max_weight_position"": 30.383660831323468, ""min_weight"": 0.1878116149712318, ""min_weight_distance"": 8.724309936119015}, ""mlp.down_proj"": {""max_weight"": 1.0235026019860662, ""max_weight_position"": 28.286529138502075, ""min_weight"": 0.1634127540250941, ""min_weight_distance"": 16.140075376318407}}"
gemma,85,tpe,81,0.023942558094859123,per layer,,"{""attn.o_proj.max_weight"": 1.4695726233785964, ""attn.o_proj.max_weight_position"": 29.708308434364707, ""attn.o_proj.min_weight"": 0.2543889660546416, ""attn.o_proj.min_weight_distance"": 20.918481069995735, ""direction_index"": 19.78468712441755, ""direction_scope"": ""per layer"", ""mlp.down_proj.max_weight"": 0.8639183950600853, ""mlp.down_proj.max_weight_position"": 34.52223503070568, ""mlp.down_proj.min_weight"": 0.17098516883697124, ""mlp.down_proj.min_weight_distance"": 9.940324063650039}","{""attn.o_proj"": {""max_weight"": 1.4695726233785964, ""max_weight_position"": 29.708308434364707, ""min_weight"": 0.3738430602034884, ""min_weight_distance"": 20.918481069995735}, ""mlp.down_proj"": {""max_weight"": 0.8639183950600853, ""max_weight_position"": 34.52223503070568, ""min_weight"": 0.1477172326407139, ""min_weight_distance"": 9.940324063650039}}"
gemma,86,tpe,79,0.21639811992645264,per layer,,"{""attn.o_proj.max_weight"": 1.3436397624490686, ""attn.o_proj.max_weight_position"": 31.174608149821236, ""attn.o_proj.min_weight"": 0.2836091114612859, ""attn.o_proj.min_weight_distance"": 17.087983573550556, ""direction_index"": 21.70632440011508, ""direction_scope"": ""per layer"", ""mlp.down_proj.max_weight"": 1.2576163016653579, ""mlp.down_proj.max_weight_position"": 30.68223411552318, ""mlp.down_proj.min_weight"": 0.0007468937731349087, ""mlp.down_proj.min_weight_distance"": 23.05358291232756}","{""attn.o_proj"": {""max_weight"": 1.3436397624490686, ""max_weight_position"": 31.174608149821236, ""min_weight"": 0.38106847915223363, ""min_weight_distance"": 17.087983573550556}, ""mlp.down_proj"": {""max_weight"": 1.2576163016653579, ""max_weight_position"": 30.68223411552318, ""min_weight"": 0.0009393057847068087, ""min_weight_distance"": 23.05358291232756}}"
gemma,87,tpe,92,0.037787064909935,per layer,,"{""attn.o_proj.max_weight"": 1.1009005850992353, ""attn.o_proj.max_weight_position"": 33.31165358819627, ""attn.o_proj.min_weight"": 0.427542072422854, ""attn.o_proj.min_weight_distance"": 8.678924154692147, ""direction_index"": 22.106471873316405, ""direction_scope"": ""per layer"", ""mlp.down_proj.max_weight"": 1.270412646303467, ""mlp.down_proj.max_weight_position"": 28.77240420894322, ""mlp.down_proj.min_weight"": 0.2005677056901567, ""mlp.down_proj.min_weight_distance"": 9.849210744487523}","{""attn.o_proj"": {""max_weight"": 1.1009005850992353, ""max_weight_position"": 33.31165358819627, ""min_weight"": 0.4706813176848596, ""min_weight_distance"": 8.678924154692147}, ""mlp.down_proj"": {""max_weight"": 1.270412646303467, ""max_weight_position"": 28.77240420894322, ""min_weight"": 0.2548037497488469, ""min_weight_distance"": 9.849210744487523}}"
gemma,88,tpe,100,0.0022028470411896706,per layer,,"{""attn.o_proj.max_weight"": 1.2344238821718856, ""attn.o_proj.max_weight_position"": 39.199723060561226, ""attn.o_proj.min_weight"": 0.5350700430562875, ""attn.o_proj.min_weight_distance"": 12.113849837853117, ""direction_index"": 42.109878874196966, ""direction_scope"": ""per layer"", ""mlp.down_proj.max_weight"": -0.04339589814578784, ""mlp.down_proj.max_weight_position"": 36.58070140798272, ""mlp.down_proj.min_weight"": 0.9785446305995074, ""mlp.down_proj.min_weight_distance"": 20.950610768430888}","{""attn.o_proj"": {""max_weight"": 1.2344238821718856, ""max_weight_position"": 39.199723060561226, ""min_weight"": 0.6605032397834204, ""min_weight_distance"": 12.113849837853117}, ""mlp.down_proj"": {""max_weight"": 0.0, ""max_weight_position"": 36.58070140798272, ""min_weight"": 0.0, ""min_weight_distance"": 20.950610768430888}}"
gemma,89,tpe,78,0.01806068979203701,global,25.2069849596465,"{""attn.o_proj.max_weight"": 1.4943697512448797, ""attn.o_proj.max_weight_position"": 32.226501913544595, ""attn.o_proj.min_weight"": 0.30217162805782816, ""attn.o_proj.min_weight_distance"": 21.346609517013857, ""direction_index"": 25.2069849596465, ""direction_scope"": ""global"", ""mlp.down_proj.max_weight"": 1.3457921794541066, ""mlp.down_proj.max_weight_position"": 30.177154853255672, ""mlp.down_proj.min_weight"": 0.07233346171323071, ""mlp.down_proj.min_weight_distance"": 9.953574895125325}","{""attn.o_proj"": {""max_weight"": 1.4943697512448797, ""max_weight_position"": 32.226501913544595, ""min_weight"": 0.451556140654037, ""min_weight_distance"": 21.346609517013857}, ""mlp.down_proj"": {""max_weight"": 1.3457921794541066, ""max_weight_position"": 30.177154853255672, ""min_weight"": 0.09734580708650893, ""min_weight_distance"": 9.953574895125325}}"
gemma,90,tpe,93,0.007648648228496313,global,23.08194440125257,"{""attn.o_proj.max_weight"": 1.475369046377857, ""attn.o_proj.max_weight_position"": 33.36387297629182, ""attn.o_proj.min_weight"": 0.398934872947339, ""attn.o_proj.min_weight_distance"": 24.970715688336092, ""direction_index"": 23.08194440125257, ""direction_scope"": ""global"", ""mlp.down_proj.max_weight"": 1.3663556244603763, ""mlp.down_proj.max_weight_position"": 28.63061665257421, ""mlp.down_proj.min_weight"": 0.3106951823795765, ""mlp.down_proj.min_weight_distance"": 5.367931750880176}","{""attn.o_proj"": {""max_weight"": 1.475369046377857, ""max_weight_position"": 33.36387297629182, ""min_weight"": 0.5885761630671871, ""min_weight_distance"": 24.970715688336092}, ""mlp.down_proj"": {""max_weight"": 1.3663556244603763, ""max_weight_position"": 28.63061665257421, ""min_weight"": 0.42452010993707673, ""min_weight_distance"": 5.367931750880176}}"
gemma,91,tpe,94,0.028329040855169296,global,29.152988454004475,"{""attn.o_proj.max_weight"": 1.4247299587896194, ""attn.o_proj.max_weight_position"": 34.61390710809126, ""attn.o_proj.min_weight"": 0.14711965545309097, ""attn.o_proj.min_weight_distance"": 19.92202408931389, ""direction_index"": 29.152988454004475, ""direction_scope"": ""global"", ""mlp.down_proj.max_weight"": 1.0463488530137435, ""mlp.down_proj.max_weight_position"": 30.928631659146276, ""mlp.down_proj.min_weight"": 0.03961271442659466, ""mlp.down_proj.min_weight_distance"": 15.109954804411242}","{""attn.o_proj"": {""max_weight"": 1.4247299587896194, ""max_weight_position"": 34.61390710809126, ""min_weight"": 0.2096057806508253, ""min_weight_distance"": 19.92202408931389}, ""mlp.down_proj"": {""max_weight"": 1.0463488530137435, ""max_weight_position"": 30.928631659146276, ""min_weight"": 0.0414487183050283, ""min_weight_distance"": 15.109954804411242}}"
gemma,92,tpe,98,0.006816195789724588,global,23.537044728312768,"{""attn.o_proj.max_weight"": 1.4995119220119, ""attn.o_proj.max_weight_position"": 29.95128785614323, ""attn.o_proj.min_weight"": 0.3237657537011858, ""attn.o_proj.min_weight_distance"": 15.623403375926097, ""direction_index"": 23.537044728312768, ""direction_scope"": ""global"", ""mlp.down_proj.max_weight"": 1.423825124329692, ""mlp.down_proj.max_weight_position"": 33.09436113512843, ""mlp.down_proj.min_weight"": 0.11885142073940641, ""mlp.down_proj.min_weight_distance"": 8.69828873317591}","{""attn.o_proj"": {""max_weight"": 1.4995119220119, ""max_weight_position"": 29.95128785614323, ""min_weight"": 0.48549060761409657, ""min_weight_distance"": 15.623403375926097}, ""mlp.down_proj"": {""max_weight"": 1.423825124329692, ""max_weight_position"": 33.09436113512843, ""min_weight"": 0.16922363891104586, ""min_weight_distance"": 8.69828873317591}}"
gemma,93,tpe,74,0.058728862553834915,per layer,,"{""attn.o_proj.max_weight"": 1.3618338294961954, ""attn.o_proj.max_weight_position"": 28.88739880519932, ""attn.o_proj.min_weight"": 0.4147051372063044, ""attn.o_proj.min_weight_distance"": 15.563847620889856, ""direction_index"": 24.119814183475334, ""direction_scope"": ""per layer"", ""mlp.down_proj.max_weight"": 1.259333872519021, ""mlp.down_proj.max_weight_position"": 30.719292302902645, ""mlp.down_proj.min_weight"": 0.005424249013999127, ""mlp.down_proj.min_weight_distance"": 12.041806679235053}","{""attn.o_proj"": {""max_weight"": 1.3618338294961954, ""max_weight_position"": 28.88739880519932, ""min_weight"": 0.5647594851134067, ""min_weight_distance"": 15.563847620889856}, ""mlp.down_proj"": {""max_weight"": 1.259333872519021, ""max_weight_position"": 30.719292302902645, ""min_weight"": 0.006830940516307003, ""min_weight_distance"": 12.041806679235053}}"
gemma,94,tpe,80,0.03514726087450981,per layer,,"{""attn.o_proj.max_weight"": 1.2479040920438997, ""attn.o_proj.max_weight_position"": 30.698643112975592, ""attn.o_proj.min_weight"": 0.6095397140954862, ""attn.o_proj.min_weight_distance"": 19.995295356578545, ""direction_index"": 27.26103049756962, ""direction_scope"": ""per layer"", ""mlp.down_proj.max_weight"": 1.3398794426569767, ""mlp.down_proj.max_weight_position"": 32.61942394696296, ""mlp.down_proj.min_weight"": 0.001997877890056061, ""mlp.down_proj.min_weight_distance"": 9.430810364626982}","{""attn.o_proj"": {""max_weight"": 1.2479040920438997, ""max_weight_position"": 30.698643112975592, ""min_weight"": 0.760647103483026, ""min_weight_distance"": 19.995295356578545}, ""mlp.down_proj"": {""max_weight"": 1.3398794426569767, ""max_weight_position"": 32.61942394696296, ""min_weight"": 0.0026769155138250114, ""min_weight_distance"": 9.430810364626982}}"
gemma,95,tpe,92,0.009962770156562328,per layer,,"{""attn.o_proj.max_weight"": 1.3904435098921932, ""attn.o_proj.max_weight_position"": 28.361686794997265, ""attn.o_proj.min_weight"": 0.435066124558208, ""attn.o_proj.min_weight_distance"": 9.35724677933426, ""direction_index"": 20.02697840425221, ""direction_scope"": ""per layer"", ""mlp.down_proj.max_weight"": 1.456189801146856, ""mlp.down_proj.max_weight_position"": 29.748779589647924, ""mlp.down_proj.min_weight"": 0.11095305345654866, ""mlp.down_proj.min_weight_distance"": 1.5716660133627993}","{""attn.o_proj"": {""max_weight"": 1.3904435098921932, ""max_weight_position"": 28.361686794997265, ""min_weight"": 0.6049348692659088, ""min_weight_distance"": 9.35724677933426}, ""mlp.down_proj"": {""max_weight"": 1.456189801146856, ""max_weight_position"": 29.748779589647924, ""min_weight"": 0.16156870484952807, ""min_weight_distance"": 1.5716660133627993}}"
gemma,96,tpe,69,0.024250300601124763,global,26.06958022133516,"{""attn.o_proj.max_weight"": 1.2718897313493716, ""attn.o_proj.max_weight_position"": 28.419595813573196, ""attn.o_proj.min_weight"": 0.642189585004953, ""attn.o_proj.min_weight_distance"": 17.010645784545787, ""direction_index"": 26.06958022133516, ""direction_scope"": ""global"", ""mlp.down_proj.max_weight"": 1.040584208786117, ""mlp.down_proj.max_weight_position"": 30.66550180218407, ""mlp.down_proj.min_weight"": 0.004771928920028768, ""mlp.down_proj.min_weight_distance"": 20.50554472467738}","{""attn.o_proj"": {""max_weight"": 1.2718897313493716, ""max_weight_position"": 28.419595813573196, ""min_weight"": 0.8167943387473141, ""min_weight_distance"": 17.010645784545787}, ""mlp.down_proj"": {""max_weight"": 1.040584208786117, ""max_weight_position"": 30.66550180218407, ""min_weight"": 0.004965593879631726, ""min_weight_distance"": 20.50554472467738}}"
gemma,97,tpe,90,0.014211147092282772,global,27.84245331632765,"{""attn.o_proj.max_weight"": 1.286412217331443, ""attn.o_proj.max_weight_position"": 29.28505928285068, ""attn.o_proj.min_weight"": 0.7123524981405214, ""attn.o_proj.min_weight_distance"": 12.751107195965218, ""direction_index"": 27.84245331632765, ""direction_scope"": ""global"", ""mlp.down_proj.max_weight"": 0.5479914048830572, ""mlp.down_proj.max_weight_position"": 30.495841743321698, ""mlp.down_proj.min_weight"": 0.10446408793125415, ""mlp.down_proj.min_weight_distance"": 18.61603104394969}","{""attn.o_proj"": {""max_weight"": 1.286412217331443, ""max_weight_position"": 29.28505928285068, ""min_weight"": 0.9163789566545407, ""min_weight_distance"": 12.751107195965218}, ""mlp.down_proj"": {""max_weight"": 0.5479914048830572, ""max_weight_position"": 30.495841743321698, ""min_weight"": 0.057245422305275184, ""min_weight_distance"": 18.61603104394969}}"
gemma,98,tpe,79,0.08060118556022644,global,23.630500204028188,"{""attn.o_proj.max_weight"": 1.3590090215973143, ""attn.o_proj.max_weight_position"": 31.0734481279332, ""attn.o_proj.min_weight"": 0.7557191711314817, ""attn.o_proj.min_weight_distance"": 18.305494550441615, ""direction_index"": 23.630500204028188, ""direction_scope"": ""global"", ""mlp.down_proj.max_weight"": 1.4898383870493686, ""mlp.down_proj.max_weight_position"": 28.64911386823496, ""mlp.down_proj.min_weight"": 0.08226040573464004, ""mlp.down_proj.min_weight_distance"": 20.89653694696317}","{""attn.o_proj"": {""max_weight"": 1.3590090215973143, ""max_weight_position"": 31.0734481279332, ""min_weight"": 1.0270291713617283, ""min_weight_distance"": 18.305494550441615}, ""mlp.down_proj"": {""max_weight"": 1.4898383870493686, ""max_weight_position"": 28.64911386823496, ""min_weight"": 0.12255471019772274, ""min_weight_distance"": 20.89653694696317}}"
gemma,99,tpe,90,0.023080741986632347,global,29.864126061076785,"{""attn.o_proj.max_weight"": 1.2111380418985698, ""attn.o_proj.max_weight_position"": 30.12181183395875, ""attn.o_proj.min_weight"": 0.44262169453921896, ""attn.o_proj.min_weight_distance"": 17.75336700519809, ""direction_index"": 29.864126061076785, ""direction_scope"": ""global"", ""mlp.down_proj.max_weight"": 1.4250207964753763, ""mlp.down_proj.max_weight_position"": 36.925605435572756, ""mlp.down_proj.min_weight"": 0.12130138651863437, ""mlp.down_proj.min_weight_distance"": 21.208155501214165}","{""attn.o_proj"": {""max_weight"": 1.2111380418985698, ""max_weight_position"": 30.12181183395875, ""min_weight"": 0.5360759724260565, ""min_weight_distance"": 17.75336700519809}, ""mlp.down_proj"": {""max_weight"": 1.4250207964753763, ""max_weight_position"": 36.925605435572756, ""min_weight"": 0.17285699843035182, ""min_weight_distance"": 21.208155501214165}}"
gemma,100,tpe,83,0.007022995501756668,per layer,,"{""attn.o_proj.max_weight"": 1.3259048662672384, ""attn.o_proj.max_weight_position"": 33.4720291611114, ""attn.o_proj.min_weight"": 0.925524432193979, ""attn.o_proj.min_weight_distance"": 12.804106057773014, ""direction_index"": 22.58530805951455, ""direction_scope"": ""per layer"", ""mlp.down_proj.max_weight"": 0.7020753258010672, ""mlp.down_proj.max_weight_position"": 45.4343842718972, ""mlp.down_proj.min_weight"": 0.24775119138151586, ""mlp.down_proj.min_weight_distance"": 7.162146245200891}","{""attn.o_proj"": {""max_weight"": 1.3259048662672384, ""max_weight_position"": 33.4720291611114, ""min_weight"": 1.2271573484952194, ""min_weight_distance"": 12.804106057773014}, ""mlp.down_proj"": {""max_weight"": 0.7020753258010672, ""max_weight_position"": 45.4343842718972, ""min_weight"": 0.17393999840678032, ""min_weight_distance"": 7.162146245200891}}"
gemma,101,tpe,77,0.026898249983787537,global,28.04275969616159,"{""attn.o_proj.max_weight"": 1.0961271054444788, ""attn.o_proj.max_weight_position"": 28.774346903300486, ""attn.o_proj.min_weight"": 0.7605768191856266, ""attn.o_proj.min_weight_distance"": 18.13556832812282, ""direction_index"": 28.04275969616159, ""direction_scope"": ""global"", ""mlp.down_proj.max_weight"": 1.0927639223436174, ""mlp.down_proj.max_weight_position"": 31.672075933250184, ""mlp.down_proj.min_weight"": 0.009112106153125715, ""mlp.down_proj.min_weight_distance"": 25.96858377328882}","{""attn.o_proj"": {""max_weight"": 1.0961271054444788, ""max_weight_position"": 28.774346903300486, ""min_weight"": 0.8336888672821096, ""min_weight_distance"": 18.13556832812282}, ""mlp.down_proj"": {""max_weight"": 1.0927639223436174, ""max_weight_position"": 31.672075933250184, ""min_weight"": 0.009957380860701068, ""min_weight_distance"": 25.96858377328882}}"
gemma,102,tpe,91,0.03006967529654503,global,21.233159801532615,"{""attn.o_proj.max_weight"": 1.200220419116963, ""attn.o_proj.max_weight_position"": 29.67957222992165, ""attn.o_proj.min_weight"": 0.7295107153955412, ""attn.o_proj.min_weight_distance"": 21.022196888766185, ""direction_index"": 21.233159801532615, ""direction_scope"": ""global"", ""mlp.down_proj.max_weight"": 0.7491717536059366, ""mlp.down_proj.max_weight_position"": 33.95290204336869, ""mlp.down_proj.min_weight"": 0.09778112702542247, ""mlp.down_proj.min_weight_distance"": 26.13522377285239}","{""attn.o_proj"": {""max_weight"": 1.200220419116963, ""max_weight_position"": 29.67957222992165, ""min_weight"": 0.875573656582352, ""min_weight_distance"": 21.022196888766185}, ""mlp.down_proj"": {""max_weight"": 0.7491717536059366, ""max_weight_position"": 33.95290204336869, ""min_weight"": 0.07325485840320059, ""min_weight_distance"": 26.13522377285239}}"
gemma,103,tpe,92,0.01747564598917961,global,34.18426855119972,"{""attn.o_proj.max_weight"": 1.4447713859163125, ""attn.o_proj.max_weight_position"": 28.69564906559329, ""attn.o_proj.min_weight"": 0.591697935682451, ""attn.o_proj.min_weight_distance"": 26.950642886920225, ""direction_index"": 34.18426855119972, ""direction_scope"": ""global"", ""mlp.down_proj.max_weight"": 1.13762875013464, ""mlp.down_proj.max_weight_position"": 29.360507874224936, ""mlp.down_proj.min_weight"": 0.11731497757305263, ""mlp.down_proj.min_weight_distance"": 21.663129179769243}","{""attn.o_proj"": {""max_weight"": 1.4447713859163125, ""max_weight_position"": 28.69564906559329, ""min_weight"": 0.8548682465797558, ""min_weight_distance"": 26.950642886920225}, ""mlp.down_proj"": {""max_weight"": 1.13762875013464, ""max_weight_position"": 29.360507874224936, ""min_weight"": 0.1334608913085052, ""min_weight_distance"": 21.663129179769243}}"
gemma,104,tpe,99,0.0018798601813614368,per layer,,"{""attn.o_proj.max_weight"": 1.3420167940004966, ""attn.o_proj.max_weight_position"": 32.661247979602685, ""attn.o_proj.min_weight"": 0.7936830441789311, ""attn.o_proj.min_weight_distance"": 5.931277859602102, ""direction_index"": 19.135867790773972, ""direction_scope"": ""per layer"", ""mlp.down_proj.max_weight"": 0.42323441922362737, ""mlp.down_proj.max_weight_position"": 41.61733484593664, ""mlp.down_proj.min_weight"": 0.37723393140393524, ""mlp.down_proj.min_weight_distance"": 7.571238491087877}","{""attn.o_proj"": {""max_weight"": 1.3420167940004966, ""max_weight_position"": 32.661247979602685, ""min_weight"": 1.0651359744015636, ""min_weight_distance"": 5.931277859602102}, ""mlp.down_proj"": {""max_weight"": 0.42323441922362737, ""max_weight_position"": 41.61733484593664, ""min_weight"": 0.1596583838691902, ""min_weight_distance"": 7.571238491087877}}"
gemma,105,tpe,85,0.03307012841105461,global,29.882954870338253,"{""attn.o_proj.max_weight"": 1.111505699566843, ""attn.o_proj.max_weight_position"": 28.341295719954893, ""attn.o_proj.min_weight"": 0.6700123555768126, ""attn.o_proj.min_weight_distance"": 12.790133247942293, ""direction_index"": 29.882954870338253, ""direction_scope"": ""global"", ""mlp.down_proj.max_weight"": 1.0693970272226128, ""mlp.down_proj.max_weight_position"": 28.89976036475463, ""mlp.down_proj.min_weight"": 0.020653575637013852, ""mlp.down_proj.min_weight_distance"": 23.511909829168477}","{""attn.o_proj"": {""max_weight"": 1.111505699566843, ""max_weight_position"": 28.341295719954893, ""min_weight"": 0.7447225520038335, ""min_weight_distance"": 12.790133247942293}, ""mlp.down_proj"": {""max_weight"": 1.0693970272226128, ""max_weight_position"": 28.89976036475463, ""min_weight"": 0.022086872387739993, ""min_weight_distance"": 23.511909829168477}}"
gemma,106,tpe,74,0.020690901204943657,global,25.429179405880205,"{""attn.o_proj.max_weight"": 1.2904627791196617, ""attn.o_proj.max_weight_position"": 29.280913344831944, ""attn.o_proj.min_weight"": 0.3549353971596271, ""attn.o_proj.min_weight_distance"": 14.683383018644648, ""direction_index"": 25.429179405880205, ""direction_scope"": ""global"", ""mlp.down_proj.max_weight"": 0.971043941084707, ""mlp.down_proj.max_weight_position"": 29.778432102680643, ""mlp.down_proj.min_weight"": 5.049776674125907e-05, ""mlp.down_proj.min_weight_distance"": 19.913825144075066}","{""attn.o_proj"": {""max_weight"": 1.2904627791196617, ""max_weight_position"": 29.280913344831944, ""min_weight"": 0.45803091902655324, ""min_weight_distance"": 14.683383018644648}, ""mlp.down_proj"": {""max_weight"": 0.971043941084707, ""max_weight_position"": 29.778432102680643, ""min_weight"": 4.903555043240845e-05, ""min_weight_distance"": 19.913825144075066}}"
gemma,107,tpe,76,0.011138510890305042,per layer,,"{""attn.o_proj.max_weight"": 1.3010782710045576, ""attn.o_proj.max_weight_position"": 34.13250053909758, ""attn.o_proj.min_weight"": 0.9787940765114458, ""attn.o_proj.min_weight_distance"": 15.263470139773453, ""direction_index"": 20.48349299163869, ""direction_scope"": ""per layer"", ""mlp.down_proj.max_weight"": 0.9698221489363318, ""mlp.down_proj.max_weight_position"": 46.39553134189295, ""mlp.down_proj.min_weight"": 0.055843083912555935, ""mlp.down_proj.min_weight_distance"": 8.64341638286822}","{""attn.o_proj"": {""max_weight"": 1.3010782710045576, ""max_weight_position"": 34.13250053909758, ""min_weight"": 1.2734877047370146, ""min_weight_distance"": 15.263470139773453}, ""mlp.down_proj"": {""max_weight"": 0.9698221489363318, ""max_weight_position"": 46.39553134189295, ""min_weight"": 0.054157859643306897, ""min_weight_distance"": 8.64341638286822}}"
gemma,108,tpe,95,0.00627043005079031,per layer,,"{""attn.o_proj.max_weight"": 1.1264409451397348, ""attn.o_proj.max_weight_position"": 36.40493893707882, ""attn.o_proj.min_weight"": 0.7813018205753159, ""attn.o_proj.min_weight_distance"": 14.936969619692503, ""direction_index"": 20.395513514283365, ""direction_scope"": ""per layer"", ""mlp.down_proj.max_weight"": 1.2028855356133856, ""mlp.down_proj.max_weight_position"": 44.85839751974031, ""mlp.down_proj.min_weight"": 5.6529137108171645e-06, ""mlp.down_proj.min_weight_distance"": 8.200206419842177}","{""attn.o_proj"": {""max_weight"": 1.1264409451397348, ""max_weight_position"": 36.40493893707882, ""min_weight"": 0.8800903612082543, ""min_weight_distance"": 14.936969619692503}, ""mlp.down_proj"": {""max_weight"": 1.2028855356133856, ""max_weight_position"": 44.85839751974031, ""min_weight"": 6.7998081368125566e-06, ""min_weight_distance"": 8.200206419842177}}"
gemma,109,tpe,79,0.006475288420915604,per layer,,"{""attn.o_proj.max_weight"": 1.3727369126204703, ""attn.o_proj.max_weight_position"": 35.54441389752943, ""attn.o_proj.min_weight"": 0.9788924192122634, ""attn.o_proj.min_weight_distance"": 13.59103307515179, ""direction_index"": 18.811638837343267, ""direction_scope"": ""per layer"", ""mlp.down_proj.max_weight"": 0.7432967947007535, ""mlp.down_proj.max_weight_position"": 46.91800191893628, ""mlp.down_proj.min_weight"": 0.11470020425913616, ""mlp.down_proj.min_weight_distance"": 3.7504006333833493}","{""attn.o_proj"": {""max_weight"": 1.3727369126204703, ""max_weight_position"": 35.54441389752943, ""min_weight"": 1.3437617573370255, ""min_weight_distance"": 13.59103307515179}, ""mlp.down_proj"": {""max_weight"": 0.7432967947007535, ""max_weight_position"": 46.91800191893628, ""min_weight"": 0.08525629417733761, ""min_weight_distance"": 3.7504006333833493}}"
gemma,110,tpe,100,0.0011667785001918674,global,19.468426234741024,"{""attn.o_proj.max_weight"": 1.3556286618001085, ""attn.o_proj.max_weight_position"": 38.87356549721606, ""attn.o_proj.min_weight"": 0.7234833904110554, ""attn.o_proj.min_weight_distance"": 9.129444096919947, ""direction_index"": 19.468426234741024, ""direction_scope"": ""global"", ""mlp.down_proj.max_weight"": 1.0786246543840736, ""mlp.down_proj.max_weight_position"": 44.35410679092766, ""mlp.down_proj.min_weight"": 0.14671665264973838, ""mlp.down_proj.min_weight_distance"": 7.074133721429748}","{""attn.o_proj"": {""max_weight"": 1.3556286618001085, ""max_weight_position"": 38.87356549721606, ""min_weight"": 0.9807748203775445, ""min_weight_distance"": 9.129444096919947}, ""mlp.down_proj"": {""max_weight"": 1.0786246543840736, ""max_weight_position"": 44.35410679092766, ""min_weight"": 0.15825219875671223, ""min_weight_distance"": 7.074133721429748}}"
gemma,111,tpe,88,0.004982967860996723,per layer,,"{""attn.o_proj.max_weight"": 1.411005875169224, ""attn.o_proj.max_weight_position"": 40.06960822753899, ""attn.o_proj.min_weight"": 0.9599725734680943, ""attn.o_proj.min_weight_distance"": 17.583144442431102, ""direction_index"": 19.21583632213111, ""direction_scope"": ""per layer"", ""mlp.down_proj.max_weight"": 0.5775498010739009, ""mlp.down_proj.max_weight_position"": 46.98724318209657, ""mlp.down_proj.min_weight"": 0.5000662332794543, ""mlp.down_proj.min_weight_distance"": 1.0413471603616555}","{""attn.o_proj"": {""max_weight"": 1.411005875169224, ""max_weight_position"": 40.06960822753899, ""min_weight"": 1.3545269411648007, ""min_weight_distance"": 17.583144442431102}, ""mlp.down_proj"": {""max_weight"": 0.5775498010739009, ""max_weight_position"": 46.98724318209657, ""min_weight"": 0.28881315355432374, ""min_weight_distance"": 1.0413471603616555}}"
gemma,112,tpe,96,0.003880519885569811,per layer,,"{""attn.o_proj.max_weight"": 1.368789142031746, ""attn.o_proj.max_weight_position"": 40.01076414420729, ""attn.o_proj.min_weight"": 0.9553680808958095, ""attn.o_proj.min_weight_distance"": 14.822732259747266, ""direction_index"": 21.988276658387143, ""direction_scope"": ""per layer"", ""mlp.down_proj.max_weight"": 0.17555175482521101, ""mlp.down_proj.max_weight_position"": 44.57402450437431, ""mlp.down_proj.min_weight"": 0.6481477747938363, ""mlp.down_proj.min_weight_distance"": 1.052204043466463}","{""attn.o_proj"": {""max_weight"": 1.368789142031746, ""max_weight_position"": 40.01076414420729, ""min_weight"": 1.3076974557738907, ""min_weight_distance"": 14.822732259747266}, ""mlp.down_proj"": {""max_weight"": 0.17555175482521101, ""max_weight_position"": 44.57402450437431, ""min_weight"": 0.11378347925111364, ""min_weight_distance"": 1.052204043466463}}"
gemma,113,tpe,77,0.010997742414474487,per layer,,"{""attn.o_proj.max_weight"": 1.4807987675952548, ""attn.o_proj.max_weight_position"": 44.961209348886136, ""attn.o_proj.min_weight"": 0.9821193092192501, ""attn.o_proj.min_weight_distance"": 24.963501518330112, ""direction_index"": 23.630095109892707, ""direction_scope"": ""per layer"", ""mlp.down_proj.max_weight"": 0.34758007366001087, ""mlp.down_proj.max_weight_position"": 43.835748626482875, ""mlp.down_proj.min_weight"": 0.3695210382460983, ""mlp.down_proj.min_weight_distance"": 3.31890191467436}","{""attn.o_proj"": {""max_weight"": 1.4807987675952548, ""max_weight_position"": 44.961209348886136, ""min_weight"": 1.4543210627233685, ""min_weight_distance"": 24.963501518330112}, ""mlp.down_proj"": {""max_weight"": 0.34758007366001087, ""max_weight_position"": 43.835748626482875, ""min_weight"": 0.12843814969250253, ""min_weight_distance"": 3.31890191467436}}"
gemma,114,tpe,75,0.009423921816051006,per layer,,"{""attn.o_proj.max_weight"": 1.4410234206001804, ""attn.o_proj.max_weight_position"": 37.996298908955374, ""attn.o_proj.min_weight"": 0.9605704896272524, ""attn.o_proj.min_weight_distance"": 16.86004273056996, ""direction_index"": 21.335542642562302, ""direction_scope"": ""per layer"", ""mlp.down_proj.max_weight"": 1.0280821425400974, ""mlp.down_proj.max_weight_position"": 45.439075109456525, ""mlp.down_proj.min_weight"": 0.0290768270146564, ""mlp.down_proj.min_weight_distance"": 1.8396243632403269}","{""attn.o_proj"": {""max_weight"": 1.4410234206001804, ""max_weight_position"": 37.996298908955374, ""min_weight"": 1.3842045726902534, ""min_weight_distance"": 16.86004273056996}, ""mlp.down_proj"": {""max_weight"": 1.0280821425400974, ""max_weight_position"": 45.439075109456525, ""min_weight"": 0.02989336661549574, ""min_weight_distance"": 1.8396243632403269}}"
gemma,115,tpe,93,0.007180050015449524,per layer,,"{""attn.o_proj.max_weight"": 1.4795289279128974, ""attn.o_proj.max_weight_position"": 40.921664994099615, ""attn.o_proj.min_weight"": 0.8664697071699571, ""attn.o_proj.min_weight_distance"": 15.976643004292207, ""direction_index"": 19.598452698320905, ""direction_scope"": ""per layer"", ""mlp.down_proj.max_weight"": 0.8000665417782303, ""mlp.down_proj.max_weight_position"": 43.97879675156772, ""mlp.down_proj.min_weight"": 0.12595063374357676, ""mlp.down_proj.min_weight_distance"": 6.216048083182846}","{""attn.o_proj"": {""max_weight"": 1.4795289279128974, ""max_weight_position"": 40.921664994099615, ""min_weight"": 1.2819669969181686, ""min_weight_distance"": 15.976643004292207}, ""mlp.down_proj"": {""max_weight"": 0.8000665417782303, ""max_weight_position"": 43.97879675156772, ""min_weight"": 0.10076888797399995, ""min_weight_distance"": 6.216048083182846}}"
