trial,n,K,C,K_repaired,K_content_only,K_empty,C_trunc100,mean_tokens,share_truncated,J_n,J_ref,J_partial,J_complied,J_irrelevant,J_empty,J_malformed,J,n_judged,J_full,J_selection_point,J_posthoc_only,model,phase,sigma_K,K_oracle,sigma_K_repaired,sigma_K_oracle,gbf_i_C,K_journal,KL_journal,direction_scope,params_json,KL_replay,attn_cov0.10,attn_cov0.25,attn_cov0.50,attn_cov0.75,attn_mass,attn_energy,attn_centroid,attn_partic,attn_A1,attn_A2,mlp_cov0.10,mlp_cov0.25,mlp_cov0.50,mlp_cov0.75,mlp_mass,mlp_energy,mlp_centroid,mlp_partic,mlp_A1,mlp_A2,sum_cov0.10,sum_cov0.25,sum_cov0.50,sum_cov0.75,sum_mass,sum_energy,sum_centroid,sum_partic,sum_A1,sum_A2,mean_cos_in_support,run,in_paired_60,is_certification_trial,selected_by_K,selected_by_C,selected_by_J,K_replay_heretic
0,100,99,94,97,2,0,94,100.0,1.0,100.0,94.0,4.0,2.0,0.0,0.0,0.0,94.0,100.0,True,94.0,False,gemma,startup,0.99588436,93,1.6621345,2.5430748,0.0,99,0.0038859159685671,global,"{""attn.o_proj.max_weight"": 1.335652908640471, ""attn.o_proj.max_weight_position"": 37.69651585109827, ""attn.o_proj.min_weight"": 0.7109502662442033, ""attn.o_proj.min_weight_distance"": 9.111903269991311, ""direction_index"": 35.28625933815789, ""direction_scope"": ""global"", ""mlp.down_proj.max_weight"": 0.7424929048243758, ""mlp.down_proj.max_weight_position"": 28.434746118394052, ""mlp.down_proj.min_weight"": 0.07349923770273847, ""mlp.down_proj.min_weight_distance"": 3.964808604651576}",0.0043015261180698,18,18,18,18,20.609793235501822,16628471546.659306,37.5327239754276,17.83623079172396,15.095717978551791,7630949087.160675,8,6,2,0,3.1638385196413066,228217868.34864652,28.4427430927553,6.4442426328471285,1.6334492568705932,65108228.85309533,22,21,19,18,23.77363175514313,17399399993.500534,36.3230126466913,19.857432952977096,16.729167235422388,7907986782.0926895,0.6622533347375282,art_0XmNBGkzsJc_ replay,True,False,False,False,False,
1,100,92,70,73,19,0,70,100.0,1.0,100.0,74.0,19.0,7.0,0.0,0.0,0.0,74.0,100.0,True,74.0,False,gemma,startup,2.7075107,57,4.4019837,4.908556,0.0,89,0.0057059731334447,per layer,"{""attn.o_proj.max_weight"": 1.1354815621704315, ""attn.o_proj.max_weight_position"": 34.62115535320629, ""attn.o_proj.min_weight"": 0.764242165311383, ""attn.o_proj.min_weight_distance"": 16.41921946254915, ""direction_index"": 28.453405052387367, ""direction_scope"": ""per layer"", ""mlp.down_proj.max_weight"": 0.3653741755405121, ""mlp.down_proj.max_weight_position"": 45.03475834526613, ""mlp.down_proj.min_weight"": 0.09070927458977673, ""mlp.down_proj.min_weight_distance"": 12.902326746679812}",0.0076755248010158,29,29,29,29,29.458442978304028,14197905765.658258,33.18773280504912,28.860591694635247,29.458442978304028,14197905765.658257,13,7,0,0,3.385039815801351,1072530678.9558712,41.83253506421893,12.606942314100031,3.385039815801351,1072530678.9558712,29,29,29,29,32.84348279410538,22250597926.68568,34.07871626226857,28.49185894902112,32.84348279410538,22250597926.68568,1.0,art_0XmNBGkzsJc_ replay,True,False,False,False,False,
2,100,84,39,67,17,0,39,100.0,1.0,100.0,41.0,42.0,17.0,0.0,0.0,0.0,41.0,100.0,True,41.0,False,gemma,startup,3.649809,30,4.7891545,4.5270286,0.09375,80,0.0435309521853923,per layer,"{""attn.o_proj.max_weight"": 1.4775578331732049, ""attn.o_proj.max_weight_position"": 34.884543380195495, ""attn.o_proj.min_weight"": 0.6969754975189398, ""attn.o_proj.min_weight_distance"": 24.37281080763281, ""direction_index"": 34.71555615856434, ""direction_scope"": ""per layer"", ""mlp.down_proj.max_weight"": 0.006565274291605916, ""mlp.down_proj.max_weight_position"": 39.729108589729364, ""mlp.down_proj.min_weight"": 0.844673207795607, ""mlp.down_proj.min_weight_distance"": 27.95498704977974}",0.0467907562851905,37,37,37,37,47.74899123994185,25060436895.99324,29.748669670043324,36.665983155701866,47.74899123994184,25060436895.99324,0,0,0,0,0.2207157324173241,567264.7428089989,29.988605275623488,35.90996847736497,0.2207157324173241,567264.7428089989,37,37,37,37,47.96970697235918,25299246991.53153,29.74977364933069,36.66586042914874,47.96970697235916,25299246991.53153,1.0,art_0XmNBGkzsJc_ replay,True,False,False,False,False,
3,100,99,97,96,3,0,97,100.0,1.0,100.0,97.0,1.0,2.0,0.0,0.0,0.0,97.0,100.0,True,97.0,False,gemma,startup,0.99588436,95,1.9792237,2.2197077,0.03389830508474576,99,0.0061843274161219,global,"{""attn.o_proj.max_weight"": 1.0453603630149255, ""attn.o_proj.max_weight_position"": 43.08811714273638, ""attn.o_proj.min_weight"": 0.025295045763543023, ""attn.o_proj.min_weight_distance"": 7.208090165205651, ""direction_index"": 26.71310013858545, ""direction_scope"": ""global"", ""mlp.down_proj.max_weight"": 0.4420294874368681, ""mlp.down_proj.max_weight_position"": 45.939562830681275, ""mlp.down_proj.min_weight"": 0.8599730716237928, ""mlp.down_proj.min_weight_distance"": 25.95947442584456}",0.0060077137313783,11,10,7,5,7.122913581431355,6485406855.433252,42.607768961441664,9.6808253176646,1.9292029552881915,421615277.4324138,28,28,0,0,11.540998890468988,2537544104.682658,33.87122489206866,27.94086084588317,5.546047353868321,302441281.9529226,28,28,11,9,18.663912471900343,16177594647.880306,37.20544800848119,21.52057582838504,7.475250309156514,1201460837.1548772,0.4876885420653901,art_0XmNBGkzsJc_ replay,True,False,False,False,False,
4,100,90,63,65,25,0,63,100.0,1.0,100.0,64.0,24.0,12.0,0.0,0.0,0.0,64.0,100.0,True,64.0,False,gemma,startup,3.0135994,33,4.696165,4.6547503,0.013888888888888888,87,0.0232132021337747,per layer,"{""attn.o_proj.max_weight"": 1.1596435395178182, ""attn.o_proj.max_weight_position"": 37.001544310281716, ""attn.o_proj.min_weight"": 0.5936196427925672, ""attn.o_proj.min_weight_distance"": 24.971202538573625, ""direction_index"": 23.64189846648339, ""direction_scope"": ""per layer"", ""mlp.down_proj.max_weight"": 0.7501686670348249, ""mlp.down_proj.max_weight_position"": 31.002229609718214, ""mlp.down_proj.min_weight"": 0.8836282415397444, ""mlp.down_proj.min_weight_distance"": 5.157938515594083}",0.0267926361411809,35,35,35,32,33.88752925735045,15254530792.901922,31.13072367278321,34.37149048986517,33.88752925735045,15254530792.901922,11,11,11,1,7.744065637818802,1171220132.071022,31.000146187902413,10.983742712390857,7.744065637818802,1171220132.071022,35,35,35,32,41.63159489516926,19989396055.388924,31.10643441323684,31.46855742447296,41.63159489516926,19989396055.388924,1.0,art_0XmNBGkzsJc_ replay,True,False,False,False,False,
5,100,98,92,97,1,0,92,100.0,1.0,100.0,92.0,6.0,2.0,0.0,0.0,0.0,92.0,100.0,True,92.0,False,gemma,startup,1.4164721,89,1.7113996,3.0735686,0.0,100,0.0017024590633809,per layer,"{""attn.o_proj.max_weight"": 1.4601656453219194, ""attn.o_proj.max_weight_position"": 33.82298020957671, ""attn.o_proj.min_weight"": 0.4071242335307148, ""attn.o_proj.min_weight_distance"": 8.121191221355227, ""direction_index"": 18.863406288820105, ""direction_scope"": ""per layer"", ""mlp.down_proj.max_weight"": -0.19971559904867744, ""mlp.down_proj.max_weight_position"": 38.52685927279809, ""mlp.down_proj.min_weight"": 0.6640400492774723, ""mlp.down_proj.min_weight_distance"": 9.86309545749661}",0.0017074856441468,16,16,16,13,16.54042494429521,5948066904.4981785,33.63321566953142,15.138180131919798,16.54042494429521,5948066904.4981785,0,0,0,0,0.0,0.0,,0.0,0.0,0.0,16,16,16,13,16.54042494429521,5948066904.4981785,33.63321566953142,15.138180131919798,16.54042494429521,5948066904.4981785,1.0,art_0XmNBGkzsJc_ replay,True,False,False,False,False,
6,100,91,65,66,25,0,65,100.0,1.0,100.0,71.0,26.0,3.0,0.0,0.0,0.0,71.0,100.0,True,71.0,False,gemma,startup,2.7924016,56,4.7193365,4.8381124,0.027777777777777776,91,0.0160616114735603,global,"{""attn.o_proj.max_weight"": 1.2832623221092714, ""attn.o_proj.max_weight_position"": 34.28813205531377, ""attn.o_proj.min_weight"": 0.6920298921817408, ""attn.o_proj.min_weight_distance"": 19.32885295222423, ""direction_index"": 29.901351072329795, ""direction_scope"": ""global"", ""mlp.down_proj.max_weight"": 0.5596493700635686, ""mlp.down_proj.max_weight_position"": 28.40787547445878, ""mlp.down_proj.min_weight"": 0.7604160891076248, ""mlp.down_proj.min_weight_distance"": 26.952401878822062}",0.0150531390681862,33,33,33,33,36.56096508582683,17609766750.10106,31.49376334071682,32.68908552778984,17.94846509936435,3937368173.419463,46,46,24,0,23.036267878768484,3429169599.1225634,24.94200458839176,45.76726695721812,8.416458717570299,764486378.4726351,46,46,33,33,59.597232964595314,36566314662.12997,28.961295603745075,39.2846477576645,26.36492381693464,8168119901.769765,0.347910455226209,art_0XmNBGkzsJc_ replay,True,False,False,False,False,
7,100,73,5,59,14,0,5,100.0,1.0,100.0,8.0,64.0,28.0,0.0,0.0,0.0,8.0,100.0,True,8.0,False,gemma,startup,4.323848,15,4.873895,3.4660695,0.09523809523809523,71,0.2608214914798736,per layer,"{""attn.o_proj.max_weight"": 1.3058603245031022, ""attn.o_proj.max_weight_position"": 29.356814435097565, ""attn.o_proj.min_weight"": 0.4259316201493918, ""attn.o_proj.min_weight_distance"": 18.9284332033305, ""direction_index"": 20.998510387591697, ""direction_scope"": ""per layer"", ""mlp.down_proj.max_weight"": 1.2306890494321627, ""mlp.down_proj.max_weight_position"": 31.39010548214005, ""mlp.down_proj.min_weight"": 0.4726418364688967, ""mlp.down_proj.min_weight_distance"": 16.34098984990031}",0.2583706974983215,37,37,37,28,34.757925592595825,10219913907.534046,29.13904659524229,35.21541009826653,34.757925592595825,10219913907.534044,32,32,32,24,29.214516019012137,9985537186.43243,31.461753390061865,30.76212750299185,29.214516019012137,9985537186.43243,37,37,37,32,63.97244161160796,40384498110.75232,30.199765135214545,33.66470784825742,63.97244161160796,40384498110.75232,1.0,art_0XmNBGkzsJc_ replay,True,False,False,False,False,
8,100,99,95,98,1,0,95,100.0,1.0,100.0,96.0,2.0,2.0,0.0,0.0,0.0,96.0,100.0,True,96.0,False,gemma,startup,0.99588436,91,1.379874,2.8017259,0.0,99,0.0029953604098409,per layer,"{""attn.o_proj.max_weight"": 1.0409743294973834, ""attn.o_proj.max_weight_position"": 43.93091813775781, ""attn.o_proj.min_weight"": 0.8389928586602876, ""attn.o_proj.min_weight_distance"": 1.2604236952408097, ""direction_index"": 30.39539790086107, ""direction_scope"": ""per layer"", ""mlp.down_proj.max_weight"": 1.0276447640986017, ""mlp.down_proj.max_weight_position"": 44.8299102869405, ""mlp.down_proj.min_weight"": 0.3670353389460309, ""mlp.down_proj.min_weight_distance"": 10.863314402762901}",0.0025898593012243,3,3,3,3,2.8477877141053507,4319122433.790877,43.9935485844001,2.988519857090981,2.8477877141053507,4319122433.790877,14,14,11,7,10.33698849914565,9137440474.401714,41.57095830686435,13.00324924396833,10.33698849914565,9137440474.401714,14,14,11,7,13.184776213251002,22350224529.94848,42.0942150324312,10.559783090585986,13.184776213251002,22350224529.94848,1.0,art_0XmNBGkzsJc_ replay,True,False,False,False,False,
9,100,99,96,97,2,0,96,100.0,1.0,100.0,96.0,1.0,3.0,0.0,0.0,0.0,96.0,100.0,True,96.0,False,gemma,startup,0.9933031,90,1.7304431,2.893423,0.017543859649122806,100,0.0035488177090883,per layer,"{""attn.o_proj.max_weight"": 0.974699802673833, ""attn.o_proj.max_weight_position"": 32.78000784494932, ""attn.o_proj.min_weight"": 0.07874977488223855, ""attn.o_proj.min_weight_distance"": 3.9242191064593097, ""direction_index"": 26.039046006841954, ""direction_scope"": ""per layer"", ""mlp.down_proj.max_weight"": 0.4307450670267685, ""mlp.down_proj.max_weight_position"": 39.25037951458715, ""mlp.down_proj.min_weight"": 0.48952950933232975, ""mlp.down_proj.min_weight_distance"": 11.632205261315393}",0.0029276115819811,8,6,4,2,4.13646783402878,699266172.6321737,32.747831078828135,6.348397412908146,4.13646783402878,699266172.6321735,20,18,0,0,6.667871882678147,1642441781.9246593,37.990545397207455,19.389730037200614,6.667871882678147,1642441781.9246588,20,19,7,5,10.804339716706927,3016055000.3305173,35.983359422904535,15.492492618038222,10.804339716706927,3016055000.3305173,1.0,art_0XmNBGkzsJc_ replay,True,False,False,False,False,
10,100,100,95,98,2,0,95,100.0,1.0,100.0,95.0,3.0,2.0,0.0,0.0,0.0,95.0,100.0,True,95.0,False,gemma,startup,0.0,90,1.4252739,2.9489222,0.0,100,0.0017228056676685,per layer,"{""attn.o_proj.max_weight"": 1.1535209660475816, ""attn.o_proj.max_weight_position"": 36.405084252854266, ""attn.o_proj.min_weight"": 0.5045441725825995, ""attn.o_proj.min_weight_distance"": 7.2465938310708236, ""direction_index"": 33.80360645824462, ""direction_scope"": ""per layer"", ""mlp.down_proj.max_weight"": 0.1420199015897604, ""mlp.down_proj.max_weight_position"": 44.30818832919783, ""mlp.down_proj.min_weight"": 0.599468715310531, ""mlp.down_proj.min_weight_distance"": 19.678844000856213}",0.002040417632088,14,14,14,10,12.284799915396674,5414559519.334561,36.47014185816702,13.560826512423912,12.284799915396672,5414559519.334561,18,0,0,0,2.68475828594996,233629630.84924316,36.97598808733779,22.496852517849327,2.68475828594996,233629630.84924316,18,14,14,13,14.969558201346633,7195388398.048111,36.56086429879728,15.581174791338562,14.969558201346633,7195388398.048111,1.0,art_0XmNBGkzsJc_ replay,True,False,False,False,False,
11,100,100,93,99,1,0,93,100.0,1.0,100.0,94.0,4.0,2.0,0.0,0.0,0.0,94.0,100.0,True,94.0,False,gemma,startup,0.0,90,0.97659445,2.922141,0.0,100,0.0018426487222313,per layer,"{""attn.o_proj.max_weight"": 0.9302495731712805, ""attn.o_proj.max_weight_position"": 32.17963361875723, ""attn.o_proj.min_weight"": 0.43707090665945725, ""attn.o_proj.min_weight_distance"": 5.5636172733736355, ""direction_index"": 27.749509133815764, ""direction_scope"": ""per layer"", ""mlp.down_proj.max_weight"": 1.2888098647606268, ""mlp.down_proj.max_weight_position"": 39.28875554069061, ""mlp.down_proj.min_weight"": 0.2920482015124508, ""mlp.down_proj.min_weight_distance"": 2.5170793011560244}",0.0022819670848548,11,11,9,4,7.392146563895244,1275890443.281952,32.068617395835666,10.484785755934384,7.392146563895244,1275890443.281952,5,5,4,3,4.164440362108495,2507925861.231016,39.15080667764008,4.566287551450756,4.164440362108495,2507925861.231015,15,15,14,8,11.55658692600374,3978920382.8221874,34.620699172755,14.136810670294404,11.556586926003735,3978920382.8221865,1.0,art_0XmNBGkzsJc_ replay,True,False,False,False,False,
12,100,83,19,75,8,0,19,100.0,1.0,100.0,22.0,55.0,23.0,0.0,0.0,0.0,22.0,100.0,True,22.0,False,gemma,startup,3.785984,27,4.2578073,4.4214516,0.1485148514851485,79,0.2390509992837906,per layer,"{""attn.o_proj.max_weight"": 0.8332876454127116, ""attn.o_proj.max_weight_position"": 39.76311779302705, ""attn.o_proj.min_weight"": 0.990646778214411, ""attn.o_proj.min_weight_distance"": 26.154464997110523, ""direction_index"": 32.39548365430694, ""direction_scope"": ""per layer"", ""mlp.down_proj.max_weight"": 0.8967944773623366, ""mlp.down_proj.max_weight_position"": 33.356490818881134, ""mlp.down_proj.min_weight"": 0.38644126852553917, ""mlp.down_proj.min_weight_distance"": 24.23166313152547}",0.2397099733352661,34,34,34,34,28.220110104818083,9592395655.508623,30.52546185257401,33.99973450543539,28.220110104818083,9592395655.508623,38,38,32,13,25.345752453645662,6991104032.856672,30.035828224502318,36.25938322985655,25.345752453645662,6991104032.856672,38,38,34,34,53.56586255846375,32844116191.215942,30.29378197032548,35.6133596883136,53.56586255846375,32844116191.215942,1.0,art_0XmNBGkzsJc_ replay,True,False,False,False,False,
13,100,74,31,61,13,0,31,100.0,1.0,100.0,34.0,53.0,13.0,0.0,0.0,0.0,34.0,100.0,True,34.0,False,gemma,startup,4.366259,29,4.8566175,4.517665,0.06060606060606061,79,0.2013163119554519,per layer,"{""attn.o_proj.max_weight"": 0.9363783810360451, ""attn.o_proj.max_weight_position"": 41.56471237332608, ""attn.o_proj.min_weight"": 0.4562498346577709, ""attn.o_proj.min_weight_distance"": 21.938357853094445, ""direction_index"": 26.61376943579272, ""direction_scope"": ""per layer"", ""mlp.down_proj.max_weight"": 1.0268663580579784, ""mlp.down_proj.max_weight_position"": 29.973757281833382, ""mlp.down_proj.min_weight"": 0.20594758811356462, ""mlp.down_proj.min_weight_distance"": 26.445093082979383}",0.1988782286643982,28,28,25,14,20.16036033126549,9867013323.623753,35.11689982693147,26.79250459829948,20.160360331265487,9867013323.623753,44,43,35,18,29.648681766792134,6680723641.988294,27.72104111100261,39.817602138625794,29.648681766792134,6680723641.988293,44,43,35,28,49.80904209805763,32138292161.651127,30.714537279403537,36.03658500706677,49.80904209805762,32138292161.651127,1.0,art_0XmNBGkzsJc_ replay,True,False,False,False,False,
14,100,100,93,98,2,0,93,100.0,1.0,100.0,92.0,5.0,3.0,0.0,0.0,0.0,92.0,100.0,True,92.0,False,gemma,startup,0.0,90,1.3890157,2.8951025,0.0,100,0.0071879029273986,global,"{""attn.o_proj.max_weight"": 0.835885835595857, ""attn.o_proj.max_weight_position"": 37.89984032276931, ""attn.o_proj.min_weight"": 0.8163433096299509, ""attn.o_proj.min_weight_distance"": 25.944772312759888, ""direction_index"": 39.943257682984225, ""direction_scope"": ""global"", ""mlp.down_proj.max_weight"": 1.3525950736771932, ""mlp.down_proj.max_weight_position"": 40.64798337499344, ""mlp.down_proj.min_weight"": 0.2406625355262717, ""mlp.down_proj.min_weight_distance"": 25.27903618893159}",0.010438809171319,36,36,36,24,27.758228110828124,8956281065.480335,30.038014923881523,35.876509400768605,12.765622477967778,5231363917.444559,32,32,28,22,29.482655700293137,19460022402.850204,34.373851214727694,28.843787679641785,17.411281129344125,12075346192.306906,36,36,36,32,57.24088381112127,54659787330.50672,32.27124334428228,33.30949198072297,30.176903607311907,33170284513.87591,0.442451579661091,art_0XmNBGkzsJc_ replay,True,False,False,False,False,
15,100,93,71,82,11,0,71,100.0,1.0,100.0,72.0,21.0,7.0,0.0,0.0,0.0,72.0,100.0,True,72.0,False,gemma,startup,2.515544,63,3.7754705,4.789514,0.0,94,0.1058634743094444,per layer,"{""attn.o_proj.max_weight"": 0.8964048973096775, ""attn.o_proj.max_weight_position"": 31.05792147852202, ""attn.o_proj.min_weight"": 0.8520826582144962, ""attn.o_proj.min_weight_distance"": 2.3455480307323677, ""direction_index"": 29.424054714437975, ""direction_scope"": ""per layer"", ""mlp.down_proj.max_weight"": 1.0991098142655695, ""mlp.down_proj.max_weight_position"": 30.691762425024322, ""mlp.down_proj.min_weight"": 0.17895748144278678, ""mlp.down_proj.min_weight_distance"": 19.028140495524873}",0.1099543944001197,5,5,5,5,4.139570186926852,696482551.8197203,31.004745856721478,4.987550037998534,4.139570186926852,696482551.8197203,36,35,25,15,24.136531453787324,5498239776.512257,30.25734101476721,31.625662868446536,24.136531453787324,5498239776.512256,36,35,25,15,28.27610164071417,7937623655.318492,30.36675973311217,26.23733354280097,28.27610164071417,7937623655.318491,1.0,art_0XmNBGkzsJc_ replay,True,False,False,False,False,
16,100,99,93,90,9,0,93,100.0,1.0,100.0,96.0,2.0,2.0,0.0,0.0,0.0,96.0,100.0,True,96.0,False,gemma,startup,0.98102,84,3.0069082,3.6233473,0.0,99,0.0197210535407066,per layer,"{""attn.o_proj.max_weight"": 1.0680706940417368, ""attn.o_proj.max_weight_position"": 41.50794319650778, ""attn.o_proj.min_weight"": 0.3200605367444218, ""attn.o_proj.min_weight_distance"": 13.682071495133789, ""direction_index"": 36.5128017103479, ""direction_scope"": ""per layer"", ""mlp.down_proj.max_weight"": 1.4729156469167977, ""mlp.down_proj.max_weight_position"": 34.638401305588324, ""mlp.down_proj.min_weight"": 0.8308376794396154, ""mlp.down_proj.min_weight_distance"": 6.4386081250546505}",0.0238266699016094,20,20,17,12,15.200938518191002,10511029405.892387,38.82222605278045,18.582853807688448,15.200938518191,10511029405.892387,13,13,13,13,17.508590502916466,9272136864.115145,34.966432849533255,12.96241186740508,17.508590502916462,9272136864.115145,20,20,19,19,32.70952902110747,31171395719.212517,36.75831665756966,17.446296146848592,32.709529021107464,31171395719.21251,1.0,art_0XmNBGkzsJc_ replay,True,False,False,False,False,
17,100,74,29,63,11,0,29,100.0,1.0,100.0,32.0,58.0,10.0,0.0,0.0,0.0,32.0,100.0,True,32.0,False,gemma,startup,4.409784,28,4.8799114,4.569733,0.06060606060606061,76,0.1889256685972213,per layer,"{""attn.o_proj.max_weight"": 1.357875759158727, ""attn.o_proj.max_weight_position"": 40.34015137299733, ""attn.o_proj.min_weight"": 0.7852726966760378, ""attn.o_proj.min_weight_distance"": 17.95377962723959, ""direction_index"": 41.73418954369566, ""direction_scope"": ""per layer"", ""mlp.down_proj.max_weight"": 1.1033095976232539, ""mlp.down_proj.max_weight_position"": 29.7607390164875, ""mlp.down_proj.min_weight"": 0.2733348089322023, ""mlp.down_proj.min_weight_distance"": 20.952519265995765}",0.1941810548305511,25,25,25,25,30.94665210010669,22749127735.740715,35.41082922643518,24.88900302166441,30.94665210010669,22749127735.740715,39,39,32,18,28.36299009413971,6562674938.760307,28.900602966392025,35.718898757526674,28.36299009413971,6562674938.760307,39,39,34,27,59.30964219424639,52695208133.49875,32.29751617828928,31.56424880239308,59.30964219424639,52695208133.49874,1.0,art_0XmNBGkzsJc_ replay,True,False,False,False,False,
18,100,99,87,97,2,0,87,100.0,1.0,100.0,87.0,9.0,4.0,0.0,0.0,0.0,87.0,100.0,True,87.0,False,gemma,startup,1.0044299,85,1.7030697,3.630626,0.0,99,0.0199506115168333,per layer,"{""attn.o_proj.max_weight"": 1.4600845769373272, ""attn.o_proj.max_weight_position"": 33.52774624456928, ""attn.o_proj.min_weight"": 0.17645082631373987, ""attn.o_proj.min_weight_distance"": 2.6756619473540098, ""direction_index"": 41.696778913113974, ""direction_scope"": ""per layer"", ""mlp.down_proj.max_weight"": 1.0094260421633905, ""mlp.down_proj.max_weight_position"": 37.549418241265904, ""mlp.down_proj.min_weight"": 0.030912815971094743, ""mlp.down_proj.min_weight_distance"": 21.724298238503227}",0.0217594280838966,6,6,4,4,4.715877297360818,1295658653.713071,33.52379690790359,4.9252887710812985,4.715877297360818,1295658653.713071,30,27,21,12,19.12648364482453,8181776684.658665,34.969894236524674,26.293241305919967,19.12648364482453,8181776684.658663,30,27,21,13,23.84236094218535,11736545008.557224,34.6838647791922,21.664206004275872,23.84236094218535,11736545008.557224,1.0,art_0XmNBGkzsJc_ replay,True,False,False,False,False,
19,100,98,89,92,6,0,89,100.0,1.0,100.0,88.0,9.0,3.0,0.0,0.0,0.0,88.0,100.0,True,88.0,False,gemma,startup,1.4023519,80,2.7060688,3.9575465,0.0,98,0.0166861657053232,per layer,"{""attn.o_proj.max_weight"": 1.0561482615563043, ""attn.o_proj.max_weight_position"": 38.67596705702728, ""attn.o_proj.min_weight"": 0.3865526361074135, ""attn.o_proj.min_weight_distance"": 7.083439272377054, ""direction_index"": 39.2749781381899, ""direction_scope"": ""per layer"", ""mlp.down_proj.max_weight"": 0.4170801968458937, ""mlp.down_proj.max_weight_position"": 35.16049684344917, ""mlp.down_proj.min_weight"": 0.5087476340557078, ""mlp.down_proj.min_weight_distance"": 21.90193227494506}",0.020833171904087,14,14,12,7,10.304258883398958,5559252943.153551,38.57653651927352,13.179557094590251,10.304258883398957,5559252943.15355,34,30,0,0,11.275030585519572,1715648496.8460755,31.589296667361992,33.0911083835526,11.275030585519572,1715648496.8460755,34,30,14,14,21.579289468918528,12667695898.155457,34.92575167058166,23.6293939683352,21.579289468918528,12667695898.155457,1.0,art_0XmNBGkzsJc_ replay,True,False,False,False,False,
20,100,100,94,98,2,0,94,100.0,1.0,100.0,95.0,3.0,2.0,0.0,0.0,0.0,95.0,100.0,True,95.0,False,gemma,startup,0.0,92,1.3661175,2.6807997,0.0,100,0.0019282773137092,per layer,"{""attn.o_proj.max_weight"": 1.1320628827291712, ""attn.o_proj.max_weight_position"": 43.06944420155723, ""attn.o_proj.min_weight"": 0.2969240942165984, ""attn.o_proj.min_weight_distance"": 13.772615878159286, ""direction_index"": 31.75517326576601, ""direction_scope"": ""per layer"", ""mlp.down_proj.max_weight"": -0.03885969144083759, ""mlp.down_proj.max_weight_position"": 35.886245912624645, ""mlp.down_proj.min_weight"": 0.9511417312161701, ""mlp.down_proj.min_weight_distance"": 10.434823064679618}",0.0013131820596754,18,18,15,11,14.50016087133204,12014513589.849716,39.84865102775796,16.64026656298986,14.500160871332035,12014513589.849716,0,0,0,0,0.0,0.0,,0.0,0.0,0.0,18,18,15,11,14.50016087133204,12014513589.849716,39.84865102775796,16.64026656298986,14.500160871332035,12014513589.849716,1.0,art_0XmNBGkzsJc_ replay,True,False,False,False,False,
21,100,99,93,99,0,0,93,100.0,1.0,100.0,93.0,4.0,3.0,0.0,0.0,0.0,93.0,100.0,True,93.0,False,gemma,startup,0.9933031,92,0.9933031,2.6436684,0.0,99,0.0057263090275228,global,"{""attn.o_proj.max_weight"": 1.4301949665423357, ""attn.o_proj.max_weight_position"": 36.392552533792326, ""attn.o_proj.min_weight"": 0.9810916982268031, ""attn.o_proj.min_weight_distance"": 17.49396062880361, ""direction_index"": 39.6387281607985, ""direction_scope"": ""global"", ""mlp.down_proj.max_weight"": 0.08698658194620307, ""mlp.down_proj.max_weight_position"": 39.93273278992113, ""mlp.down_proj.min_weight"": 0.013363461805310672, ""mlp.down_proj.min_weight_distance"": 24.63249457778986}",0.0018103898037225,29,29,29,29,41.13287118559451,27768403469.442844,33.02629651763393,28.999206365464445,22.562109196345254,16228597322.153576,0,0,0,0,1.6445082568927545,72071859.42500168,35.65067011776016,25.828134781632347,1.066411893415204,46079690.971489616,29,29,29,29,42.77737944248727,30638694285.53488,33.12718638304472,29.01799615081237,23.62852108976046,17995090369.614555,0.5015197301662006,art_0XmNBGkzsJc_ replay,True,False,False,False,False,
22,100,100,96,100,0,0,96,100.0,1.0,100.0,96.0,2.0,2.0,0.0,0.0,0.0,96.0,100.0,True,96.0,False,gemma,startup,0.0,96,0.0,1.9874942,0.0,100,0.0008227156358771,global,"{""attn.o_proj.max_weight"": 1.2974141969457884, ""attn.o_proj.max_weight_position"": 35.201739466843364, ""attn.o_proj.min_weight"": 0.6040786281758774, ""attn.o_proj.min_weight_distance"": 8.36714298013477, ""direction_index"": 35.24217725632163, ""direction_scope"": ""global"", ""mlp.down_proj.max_weight"": 0.6095923779483639, ""mlp.down_proj.max_weight_position"": 41.99575096402623, ""mlp.down_proj.min_weight"": 0.20133045996383636, ""mlp.down_proj.min_weight_distance"": 2.575567862052804}",0.001279923482798,17,17,17,17,17.623446251571117,8028479366.68085,35.05059911581541,16.649524217048725,13.195257325833282,4819688739.799098,5,3,1,0,1.9129710686778425,882458384.6512008,41.9974807752825,4.400596864254918,1.1916887832164806,334995875.73838264,18,17,17,17,19.53641732024896,11896828114.94284,35.73082535250187,16.960082580020515,14.386946109049765,6346801127.238534,0.715190985475956,art_0XmNBGkzsJc_ replay,True,False,False,False,False,
23,100,100,94,97,3,0,94,100.0,1.0,100.0,95.0,3.0,2.0,0.0,0.0,0.0,95.0,100.0,True,95.0,False,gemma,startup,0.0,86,1.628963,3.3719373,0.0,100,0.0066380258649587,per layer,"{""attn.o_proj.max_weight"": 1.2695143510990616, ""attn.o_proj.max_weight_position"": 46.323568474295556, ""attn.o_proj.min_weight"": 0.90235766846125, ""attn.o_proj.min_weight_distance"": 5.115577405065065, ""direction_index"": 30.283982495084192, ""direction_scope"": ""per layer"", ""mlp.down_proj.max_weight"": 0.9524147209894394, ""mlp.down_proj.max_weight_position"": 39.06705437907602, ""mlp.down_proj.min_weight"": 0.8243785882114625, ""mlp.down_proj.min_weight_distance"": 6.790762780069242}",0.0067837261594831,6,6,6,6,7.319176862450786,11959202466.157845,44.54673983578674,5.995165941186981,7.319176862450785,11959202466.157845,13,13,13,13,11.345230695230653,7742732290.474699,39.00611431921107,12.963513707368907,11.34523069523065,7742732290.474699,15,15,15,15,18.66440755768144,31549081568.468483,41.178849669052674,12.92091715340634,18.66440755768144,31549081568.46848,1.0,art_0XmNBGkzsJc_ replay,True,False,False,False,False,
24,100,100,97,100,0,0,97,100.0,1.0,100.0,97.0,1.0,2.0,0.0,0.0,0.0,97.0,100.0,True,97.0,False,gemma,startup,0.0,96,0.0,1.9749482,0.0,100,0.0019290989730507,global,"{""attn.o_proj.max_weight"": 1.0653373327811184, ""attn.o_proj.max_weight_position"": 39.62961230431494, ""attn.o_proj.min_weight"": 0.42216158144331806, ""attn.o_proj.min_weight_distance"": 5.990235170259625, ""direction_index"": 26.55538795597595, ""direction_scope"": ""global"", ""mlp.down_proj.max_weight"": 0.2706335441484039, ""mlp.down_proj.max_weight_position"": 28.630584969863552, ""mlp.down_proj.min_weight"": 0.3125834217850647, ""mlp.down_proj.min_weight_distance"": 24.032689582597857}",0.0029308735392987,12,12,11,6,9.08446999754486,5689319416.311945,39.552783577815966,11.384594593455589,2.9816294821549123,530120827.36669457,41,6,0,0,8.005511358281197,440008496.6202149,27.16958779920436,40.09680488321052,3.405267439786444,79180795.14022577,41,18,12,10,17.089981355826055,8682860544.124712,33.75208594137883,23.88445041621828,6.386896921941356,852440552.2592745,0.3613355948760044,art_0XmNBGkzsJc_ replay,True,False,False,False,False,
25,100,96,89,90,6,0,89,100.0,1.0,100.0,93.0,5.0,2.0,0.0,0.0,0.0,93.0,100.0,True,93.0,False,gemma,startup,1.9747376,84,2.9468596,3.635064,0.02040816326530612,97,0.0037621494848281,per layer,"{""attn.o_proj.max_weight"": 1.2247167280938642, ""attn.o_proj.max_weight_position"": 35.26442724278242, ""attn.o_proj.min_weight"": 0.15826000240125515, ""attn.o_proj.min_weight_distance"": 12.831610330048825, ""direction_index"": 40.36854733102791, ""direction_scope"": ""per layer"", ""mlp.down_proj.max_weight"": 1.2800055138030604, ""mlp.down_proj.max_weight_position"": 31.291068057743274, ""mlp.down_proj.min_weight"": 0.7633169188677613, ""mlp.down_proj.min_weight_distance"": 1.161761637891793}",0.0041165901347994,25,24,18,12,18.063616071583063,7001088231.359077,35.18346725049671,21.5382462919614,18.06361607158306,7001088231.359076,2,2,2,2,2.299238388028414,560367021.7522362,31.476303573236223,1.995517902031136,2.299238388028414,560367021.7522362,25,24,18,12,20.36285445961148,8459765474.912606,34.76487893055523,18.82097454897257,20.36285445961148,8459765474.912604,1.0,art_0XmNBGkzsJc_ replay,True,False,False,False,False,
26,100,99,86,94,5,0,86,100.0,1.0,100.0,88.0,9.0,3.0,0.0,0.0,0.0,88.0,100.0,True,88.0,False,gemma,startup,1.0044299,83,2.447895,3.7205956,0.0,99,0.0131049444898962,per layer,"{""attn.o_proj.max_weight"": 1.4798153967528422, ""attn.o_proj.max_weight_position"": 45.4801264601527, ""attn.o_proj.min_weight"": 0.9004760203170599, ""attn.o_proj.min_weight_distance"": 14.877065247721916, ""direction_index"": 27.896474918780825, ""direction_scope"": ""per layer"", ""mlp.down_proj.max_weight"": 0.4038972763468962, ""mlp.down_proj.max_weight_position"": 36.11460301543343, ""mlp.down_proj.min_weight"": 0.3617287958676807, ""mlp.down_proj.min_weight_distance"": 21.835880810362525}",0.0148678692057728,17,17,17,17,24.02591422646798,26810774139.80596,39.15509295745048,16.982641296343786,24.02591422646798,26810774139.80596,33,24,0,0,9.807323337810004,1504317938.2784717,32.622404451327604,31.266292494126105,9.807323337810004,1504317938.2784712,33,24,17,17,33.83323756427798,40576475908.1777,37.26144655949574,21.29675604822205,33.83323756427798,40576475908.1777,1.0,art_0XmNBGkzsJc_ replay,True,False,False,False,False,
27,100,98,94,94,4,0,94,100.0,1.0,100.0,94.0,4.0,2.0,0.0,0.0,0.0,94.0,100.0,True,94.0,False,gemma,startup,1.4023519,86,2.3762758,3.4241185,0.0,98,0.0164533294737339,per layer,"{""attn.o_proj.max_weight"": 0.8841911092814221, ""attn.o_proj.max_weight_position"": 44.7696738560775, ""attn.o_proj.min_weight"": 0.9826922047808109, ""attn.o_proj.min_weight_distance"": 1.9872512057422949, ""direction_index"": 30.696732416876323, ""direction_scope"": ""per layer"", ""mlp.down_proj.max_weight"": 1.1158612901502984, ""mlp.down_proj.max_weight_position"": 31.680250051903112, ""mlp.down_proj.min_weight"": 0.36061925630007785, ""mlp.down_proj.min_weight_distance"": 6.525592109183158}",0.0219808220863342,4,4,4,4,3.505961288314204,5325144766.188931,44.50236933703376,3.999900354792502,3.505961288314204,5325144766.188931,13,13,11,7,9.87926672955382,1906083898.253698,31.8513773837021,12.120708822912924,9.87926672955382,1906083898.253698,17,17,15,11,13.385228017868023,7231228664.442629,35.16502194679411,16.10415980721613,13.385228017868023,7231228664.442629,1.0,art_0XmNBGkzsJc_ replay,True,False,False,False,False,
28,100,99,95,98,1,0,95,100.0,1.0,100.0,95.0,1.0,4.0,0.0,0.0,0.0,95.0,100.0,True,95.0,False,gemma,startup,1.0044299,94,1.3947697,2.386459,0.0,99,0.0036170503590255,global,"{""attn.o_proj.max_weight"": 1.216354793845631, ""attn.o_proj.max_weight_position"": 30.446878814462707, ""attn.o_proj.min_weight"": 0.4682292310071259, ""attn.o_proj.min_weight_distance"": 13.113413698291042, ""direction_index"": 20.233554755242718, ""direction_scope"": ""global"", ""mlp.down_proj.max_weight"": 0.7445587739129004, ""mlp.down_proj.max_weight_position"": 42.91065678546928, ""mlp.down_proj.min_weight"": 0.343805421517836, ""mlp.down_proj.min_weight_distance"": 14.842234172539836}",0.0046924827620387,26,26,26,19,23.28926363955655,5664931894.815557,30.480986254533896,24.94098459289784,7.999194119697212,257236699.2828516,19,19,12,0,10.38752519574938,5437128379.205835,39.27946514637567,17.836652716040167,1.3988691307487398,63025608.83806645,30,30,30,23,33.676788835305935,18037804989.18304,33.19485608399518,27.40133168178408,9.398063250445954,457850889.2692346,0.3232549002441189,art_0XmNBGkzsJc_ replay,True,False,False,False,False,
29,100,97,79,87,10,0,79,100.0,1.0,100.0,82.0,14.0,4.0,0.0,0.0,0.0,82.0,100.0,True,82.0,False,gemma,startup,1.7303712,69,3.4452598,4.6102586,0.0,97,0.0709021985530853,per layer,"{""attn.o_proj.max_weight"": 1.4238371390366562, ""attn.o_proj.max_weight_position"": 44.74611312183379, ""attn.o_proj.min_weight"": 0.24959163603575696, ""attn.o_proj.min_weight_distance"": 1.6579998014257415, ""direction_index"": 31.287786757631586, ""direction_scope"": ""per layer"", ""mlp.down_proj.max_weight"": 1.377852220659138, ""mlp.down_proj.max_weight_position"": 35.5717159307472, ""mlp.down_proj.min_weight"": 0.11608579037255062, ""mlp.down_proj.min_weight_distance"": 21.648546259249777}",0.0746835768222808,3,3,3,2,2.819046591919809,5441870561.420888,44.88392424799285,2.7819211366899776,2.819046591919809,5441870561.420888,34,32,28,22,29.141628585857468,14130449332.22194,33.244078903298565,29.402803132569765,29.141628585857468,14130449332.22194,34,32,28,22,31.96067517777728,28694534582.83208,34.270755159883095,27.94440111012777,31.96067517777728,28694534582.83208,1.0,art_0XmNBGkzsJc_ replay,True,False,False,False,False,
30,100,97,83,90,7,0,83,100.0,1.0,100.0,86.0,11.0,3.0,0.0,0.0,0.0,86.0,100.0,True,86.0,False,gemma,startup,1.7004954,72,3.0448222,4.4630737,0.0,96,0.0346440523862838,per layer,"{""attn.o_proj.max_weight"": 1.205553186549131, ""attn.o_proj.max_weight_position"": 42.42374802702001, ""attn.o_proj.min_weight"": 0.8435246021918145, ""attn.o_proj.min_weight_distance"": 14.775927106813615, ""direction_index"": 42.265452583991916, ""direction_scope"": ""per layer"", ""mlp.down_proj.max_weight"": 0.6496884129223428, ""mlp.down_proj.max_weight_position"": 37.66474526610823, ""mlp.down_proj.min_weight"": 0.31628727225808084, ""mlp.down_proj.min_weight_distance"": 27.76658687183276}",0.0383379347622394,20,20,20,20,22.52496457383488,18026371141.38508,37.7560599424469,19.95153132884298,22.524964573834875,18026371141.38508,38,35,19,0,17.569757144470596,4387285911.38024,31.277665065977693,35.17340986330313,17.569757144470593,4387285911.38024,38,35,20,20,40.09472171830548,39973116234.664215,34.917186899126094,26.83283888484084,40.09472171830548,39973116234.664215,1.0,art_0XmNBGkzsJc_ replay,True,False,False,False,False,
31,100,99,94,94,5,0,94,100.0,1.0,100.0,94.0,4.0,2.0,0.0,0.0,0.0,94.0,100.0,True,94.0,False,gemma,startup,0.99342,82,2.3201616,3.7619503,0.0,99,0.0044582257978618,per layer,"{""attn.o_proj.max_weight"": 1.0422139367745518, ""attn.o_proj.max_weight_position"": 42.92311883441165, ""attn.o_proj.min_weight"": 0.04921718906405981, ""attn.o_proj.min_weight_distance"": 14.225669015521136, ""direction_index"": 36.55668868290575, ""direction_scope"": ""per layer"", ""mlp.down_proj.max_weight"": 0.6083769059297524, ""mlp.down_proj.max_weight_position"": 39.83799847414714, ""mlp.down_proj.min_weight"": 0.27974831235866426, ""mlp.down_proj.min_weight_distance"": 12.979372799424482}",0.0070342514663934,18,16,12,9,11.839694183558994,9221736001.931145,40.38051298132924,15.504521231888102,11.839694183558994,9221736001.931145,21,18,7,0,8.785812982560428,3026963666.9761457,38.17256611069653,19.35581107719975,8.785812982560426,3026963666.9761457,21,19,17,14,20.62550716611942,22524689468.98268,39.43999752517242,17.443342122218798,20.62550716611942,22524689468.98268,1.0,art_0XmNBGkzsJc_ replay,True,False,False,False,False,
32,100,100,96,99,1,0,96,100.0,1.0,100.0,97.0,1.0,2.0,0.0,0.0,0.0,97.0,100.0,True,97.0,False,gemma,startup,0.0,98,0.97659445,1.4122667,0.0,100,0.0011960474075749,global,"{""attn.o_proj.max_weight"": 1.3226487694360323, ""attn.o_proj.max_weight_position"": 45.917182160245495, ""attn.o_proj.min_weight"": 0.9242628826344974, ""attn.o_proj.min_weight_distance"": 12.302249497785255, ""direction_index"": 32.170342623064876, ""direction_scope"": ""global"", ""mlp.down_proj.max_weight"": 1.1845694654086356, ""mlp.down_proj.max_weight_position"": 37.52305131397136, ""mlp.down_proj.min_weight"": 0.13274378159987776, ""mlp.down_proj.min_weight_distance"": 7.629444801626338}",0.0031330042984336,14,14,14,14,17.880552584083155,20407734857.02012,40.59677697773526,13.991799986628868,9.805841145785354,4932440122.23658,16,14,10,6,10.335339544427068,4514226735.264772,37.5192205553572,13.027706275933651,6.928404002255615,1759768600.8628297,18,17,15,14,28.215892128510227,39739496331.86656,39.46948352029147,14.91917715246589,16.73424514804097,11585827687.438543,0.6321053313126503,art_0XmNBGkzsJc_ replay,True,False,False,False,False,
33,100,100,95,99,1,0,95,100.0,1.0,100.0,95.0,3.0,2.0,0.0,0.0,0.0,95.0,100.0,True,95.0,False,gemma,startup,0.0,95,0.97659445,2.1823866,0.0,100,0.0015782749978825,per layer,"{""attn.o_proj.max_weight"": 1.3419170450155935, ""attn.o_proj.max_weight_position"": 45.83435158370315, ""attn.o_proj.min_weight"": 0.3460871558694677, ""attn.o_proj.min_weight_distance"": 8.643169640079961, ""direction_index"": 19.69205981300913, ""direction_scope"": ""per layer"", ""mlp.down_proj.max_weight"": -0.21511041227033506, ""mlp.down_proj.max_weight_position"": 44.97622696266346, ""mlp.down_proj.min_weight"": 0.012479316662447282, ""mlp.down_proj.min_weight_distance"": 25.723908048530696}",0.001059329486452,10,10,10,7,9.763654374682456,12811339027.697678,43.23671185894155,9.352464233544923,9.763654374682451,12811339027.697678,0,0,0,0,0.0,0.0,,0.0,0.0,0.0,10,10,10,7,9.763654374682456,12811339027.697678,43.23671185894155,9.352464233544923,9.763654374682451,12811339027.697678,1.0,art_0XmNBGkzsJc_ replay,True,False,False,False,False,
34,100,100,97,99,1,0,97,100.0,1.0,100.0,97.0,1.0,2.0,0.0,0.0,0.0,97.0,100.0,True,97.0,False,gemma,startup,0.0,95,0.97659445,2.19827,0.0,100,0.0008611937519162,global,"{""attn.o_proj.max_weight"": 1.2068047908482846, ""attn.o_proj.max_weight_position"": 38.9877846162864, ""attn.o_proj.min_weight"": 0.1868274362903105, ""attn.o_proj.min_weight_distance"": 4.454890468639801, ""direction_index"": 33.008329845916094, ""direction_scope"": ""global"", ""mlp.down_proj.max_weight"": -0.058858661218297775, ""mlp.down_proj.max_weight_position"": 33.131881972437114, ""mlp.down_proj.min_weight"": 0.6163035772874993, ""mlp.down_proj.min_weight_distance"": 1.6639960337874107}",0.0006099306046962,9,9,7,5,6.4528747182337,3493848088.419887,38.99165998967767,7.741306403771095,4.187030203223898,1381853515.242334,0,0,0,0,0.0,0.0,,0.0,0.0,0.0,9,9,7,5,6.4528747182337,3493848088.419887,38.99165998967767,7.741306403771095,4.187030203223898,1381853515.242334,0.652461776019328,art_0XmNBGkzsJc_ replay,True,False,False,False,False,
35,100,88,71,67,21,0,71,100.0,1.0,100.0,71.0,18.0,11.0,0.0,0.0,0.0,71.0,100.0,True,71.0,False,gemma,startup,3.1718183,58,4.6008587,4.7183657,0.0,91,0.0084215234965085,per layer,"{""attn.o_proj.max_weight"": 1.457141455353892, ""attn.o_proj.max_weight_position"": 32.50819544471224, ""attn.o_proj.min_weight"": 0.034197903779960015, ""attn.o_proj.min_weight_distance"": 23.82266282462345, ""direction_index"": 37.712910759954994, ""direction_scope"": ""per layer"", ""mlp.down_proj.max_weight"": 0.14951531086397102, ""mlp.down_proj.max_weight_position"": 31.84905989809772, ""mlp.down_proj.min_weight"": 0.3636019500909804, ""mlp.down_proj.min_weight_distance"": 1.8299550871517556}",0.0107767740264534,38,35,31,24,33.16484952244789,12454043844.685753,30.99773217201218,32.49334613024131,33.16484952244789,12454043844.685753,2,0,0,0,0.3367045843092291,8885981.409404509,31.95338135111921,2.8911650535706688,0.3367045843092291,8885981.409404509,38,35,31,24,33.50155410675712,12680876836.203651,31.007336844636363,32.21618879397227,33.50155410675712,12680876836.203651,1.0,art_0XmNBGkzsJc_ replay,True,False,False,False,False,
36,100,100,94,98,2,0,94,100.0,1.0,100.0,94.0,4.0,2.0,0.0,0.0,0.0,94.0,100.0,True,94.0,False,gemma,startup,0.0,87,1.369517,3.2645624,0.0,100,0.0090381233021616,global,"{""attn.o_proj.max_weight"": 0.8805866320659838, ""attn.o_proj.max_weight_position"": 42.76856180894208, ""attn.o_proj.min_weight"": 0.9779337072418082, ""attn.o_proj.min_weight_distance"": 14.288024182734462, ""direction_index"": 40.92608766475045, ""direction_scope"": ""global"", ""mlp.down_proj.max_weight"": 1.2052854364245358, ""mlp.down_proj.max_weight_position"": 34.86792532843242, ""mlp.down_proj.min_weight"": 0.7589161983100051, ""mlp.down_proj.min_weight_distance"": 26.632785863219492}",0.0096138082444667,19,19,19,19,16.577582214652086,10146031729.866076,38.03230599088448,18.99919591083028,11.6521793567842,6313884009.882252,39,39,39,39,42.34429606647195,17572495521.747246,28.64501456151108,38.78926850580821,17.76498072299725,10484815694.619335,39,39,39,39,58.92187828112403,53826850815.129486,31.28611494702255,35.159301849352765,29.417160079781453,33028314570.69389,0.401226130364007,art_0XmNBGkzsJc_ replay,True,False,False,False,False,
37,100,100,97,99,1,0,97,100.0,1.0,100.0,98.0,0.0,2.0,0.0,0.0,0.0,98.0,100.0,True,98.0,False,gemma,startup,0.0,97,0.973032,1.7169571,0.0,100,0.0036275687161833,global,"{""attn.o_proj.max_weight"": 0.8634650166196551, ""attn.o_proj.max_weight_position"": 35.00604838143942, ""attn.o_proj.min_weight"": 0.8145166082909967, ""attn.o_proj.min_weight_distance"": 1.9935889089158465, ""direction_index"": 25.62812741013691, ""direction_scope"": ""global"", ""mlp.down_proj.max_weight"": 1.3248362709407664, ""mlp.down_proj.max_weight_position"": 37.16360888284453, ""mlp.down_proj.min_weight"": 0.16095080919104532, ""mlp.down_proj.min_weight_distance"": 15.065154838734076}",0.0054247421212494,3,3,3,3,2.429235676636725,664328810.1425984,35.00040004945548,2.993530340492542,0.8930727925334356,89353855.35745849,25,25,22,15,21.254730119523494,11789870005.632383,36.16136897535715,22.41645524552593,8.631488178284261,1087690296.6444738,25,25,22,15,23.68396579616022,14371914393.529013,36.0422897992369,20.18771859126104,9.524560970817696,1434037536.715388,0.4568844568173304,art_0XmNBGkzsJc_ replay,True,False,False,False,False,
38,100,100,97,100,0,0,97,100.0,1.0,100.0,97.0,1.0,2.0,0.0,0.0,0.0,97.0,100.0,True,97.0,False,gemma,startup,0.0,96,0.0,1.9749482,0.0,100,0.0011987603502348,global,"{""attn.o_proj.max_weight"": 1.1245198985960119, ""attn.o_proj.max_weight_position"": 40.54072679299568, ""attn.o_proj.min_weight"": 0.13525010165780937, ""attn.o_proj.min_weight_distance"": 11.300147867429402, ""direction_index"": 28.726301985396887, ""direction_scope"": ""global"", ""mlp.down_proj.max_weight"": -0.21954369142123015, ""mlp.down_proj.max_weight_position"": 45.36964388891234, ""mlp.down_proj.min_weight"": 0.3711928459617799, ""mlp.down_proj.min_weight_distance"": 6.249751959549539}",0.0006252665771171,18,17,14,8,12.912707583356562,8943776091.706402,39.580526885064224,15.9980279348159,5.451748062343548,1170058502.743595,0,0,0,0,0.0,0.0,,0.0,0.0,0.0,18,17,14,8,12.912707583356562,8943776091.706402,39.580526885064224,15.9980279348159,5.451748062343548,1170058502.743595,0.4680634795113969,art_0XmNBGkzsJc_ replay,True,False,False,False,False,
39,100,98,87,95,3,0,87,100.0,1.0,100.0,87.0,9.0,4.0,0.0,0.0,0.0,87.0,100.0,True,87.0,False,gemma,startup,1.4023519,83,2.2286685,3.6714535,0.0,98,0.0016559404321014,per layer,"{""attn.o_proj.max_weight"": 0.821136473740773, ""attn.o_proj.max_weight_position"": 32.894097945113245, ""attn.o_proj.min_weight"": 0.6017175868107278, ""attn.o_proj.min_weight_distance"": 11.045423350330022, ""direction_index"": 27.972161766147913, ""direction_scope"": ""per layer"", ""mlp.down_proj.max_weight"": 0.2456345928381416, ""mlp.down_proj.max_weight_position"": 42.87884706793598, ""mlp.down_proj.min_weight"": 0.98480204415062, ""mlp.down_proj.min_weight_distance"": 5.610813857207085}",0.0027865970041602,22,22,21,5,14.482310395065532,3285142465.938282,32.59749353020265,21.557104146492733,14.48231039506553,3285142465.938282,10,0,0,0,2.4397122287433533,641061501.1228025,42.50258293919363,9.999840580245335,2.4397122287433533,641061501.1228025,26,22,21,11,16.922022623808886,5345290900.188774,34.02554786478977,23.72644396485913,16.922022623808886,5345290900.188773,1.0,art_0XmNBGkzsJc_ replay,True,False,False,False,False,
40,100,98,84,85,13,0,84,100.0,1.0,100.0,88.0,11.0,1.0,0.0,0.0,0.0,88.0,100.0,True,88.0,False,gemma,startup,1.3610276,77,3.520041,4.120656,0.0,98,0.0091715268790721,global,"{""attn.o_proj.max_weight"": 1.1192766655794548, ""attn.o_proj.max_weight_position"": 31.082562757892905, ""attn.o_proj.min_weight"": 0.04007411920348303, ""attn.o_proj.min_weight_distance"": 20.179642521408283, ""direction_index"": 32.04187289094359, ""direction_scope"": ""global"", ""mlp.down_proj.max_weight"": 1.330161076552074, ""mlp.down_proj.max_weight_position"": 43.20461336154763, ""mlp.down_proj.min_weight"": 0.6771435097209595, ""mlp.down_proj.min_weight_distance"": 16.663112646301364}",0.0126416059210896,36,33,23,14,22.969214677017856,5239095170.582305,30.645187808307643,30.187274475599303,12.766819196464915,2234588904.1110635,21,21,21,21,24.102033925046364,20716321242.31754,37.64577142068763,20.73803750896604,14.674303004632108,5302849985.417908,36,33,28,23,47.07124860206422,44496503488.41649,34.22971782889662,27.51920748673153,27.441122201097023,13773778806.35915,0.4398527588884245,art_0XmNBGkzsJc_ replay,True,False,False,False,False,
41,100,93,66,77,16,0,66,100.0,1.0,100.0,64.0,23.0,13.0,0.0,0.0,0.0,64.0,100.0,True,64.0,False,gemma,startup,2.5654979,53,4.209197,4.928239,0.027777777777777776,92,0.0233800783753395,per layer,"{""attn.o_proj.max_weight"": 0.8871654713186036, ""attn.o_proj.max_weight_position"": 35.573859739228766, ""attn.o_proj.min_weight"": 0.7466298988106123, ""attn.o_proj.min_weight_distance"": 25.90939340356853, ""direction_index"": 27.916640144412895, ""direction_scope"": ""per layer"", ""mlp.down_proj.max_weight"": 0.3946349771781381, ""mlp.down_proj.max_weight_position"": 45.09693840725191, ""mlp.down_proj.min_weight"": 0.23150000564704665, ""mlp.down_proj.min_weight_distance"": 27.094467043557504}",0.0238439086824655,38,38,38,28,30.146294502002,9508253187.798857,29.200626376703458,37.7593612796633,30.146294502002,9508253187.798857,29,15,0,0,7.454853309964081,1667885145.9343624,35.932743992963005,25.805973120674157,7.454853309964081,1667885145.9343624,38,38,38,29,37.60114781196608,18986822242.393845,30.535344921616296,36.637948133602926,37.60114781196608,18986822242.393845,1.0,art_0XmNBGkzsJc_ replay,True,False,False,False,False,
42,100,98,94,93,5,0,94,100.0,1.0,100.0,95.0,3.0,2.0,0.0,0.0,0.0,95.0,100.0,True,95.0,False,gemma,startup,1.3977555,85,2.4962282,3.5205019,0.0,98,0.012888035736978,per layer,"{""attn.o_proj.max_weight"": 0.9914719132125418, ""attn.o_proj.max_weight_position"": 46.81057253187694, ""attn.o_proj.min_weight"": 0.6956487695918402, ""attn.o_proj.min_weight_distance"": 16.90554481002505, ""direction_index"": 20.707173880117146, ""direction_scope"": ""per layer"", ""mlp.down_proj.max_weight"": 1.0927104465907158, ""mlp.down_proj.max_weight_position"": 35.522484050808224, ""mlp.down_proj.min_weight"": 0.08952500356210458, ""mlp.down_proj.min_weight_distance"": 10.280412108698776}",0.0168274715542793,18,18,18,14,15.169618358293071,10605211396.449066,39.06630347336992,17.7880134487746,15.169618358293071,10605211396.449066,20,18,12,8,12.176721984325994,3870032200.862966,35.517869267977325,16.550106084751118,12.176721984325994,3870032200.862966,22,21,18,18,27.346340342619065,24123551608.312603,37.48626401443733,18.94255886237916,27.34634034261906,24123551608.312603,1.0,art_0XmNBGkzsJc_ replay,True,False,False,False,False,
43,100,90,62,72,18,0,62,100.0,1.0,100.0,65.0,20.0,15.0,0.0,0.0,0.0,65.0,100.0,True,65.0,False,gemma,startup,2.9457324,50,4.461889,4.8887196,0.013888888888888888,88,0.0165845975279808,per layer,"{""attn.o_proj.max_weight"": 1.3001684248538212, ""attn.o_proj.max_weight_position"": 32.08985260021106, ""attn.o_proj.min_weight"": 0.25262995261362176, ""attn.o_proj.min_weight_distance"": 21.93028725527035, ""direction_index"": 19.74196437508657, ""direction_scope"": ""per layer"", ""mlp.down_proj.max_weight"": 0.04773746643899546, ""mlp.down_proj.max_weight_position"": 31.856750941965675, ""mlp.down_proj.min_weight"": 0.715795166288015, ""mlp.down_proj.min_weight_distance"": 21.851661425348215}",0.0205094367265701,37,37,33,25,32.52593841210004,11217081579.83305,30.427177295111765,34.11947994252413,32.52593841210004,11217081579.83305,0,0,0,0,1.5488027352009688,24256957.16665837,29.388797110342157,36.73705044934256,1.5488027352009688,24256957.16665837,37,37,34,27,34.07474114730101,12274529159.040474,30.3799796931286,34.28876881863924,34.07474114730101,12274529159.040474,1.0,art_0XmNBGkzsJc_ replay,True,False,False,False,False,
44,100,100,96,99,1,0,96,100.0,1.0,100.0,96.0,2.0,2.0,0.0,0.0,0.0,96.0,100.0,True,96.0,False,gemma,startup,0.0,95,0.97659445,2.176054,0.0,100,0.0011283347848802,per layer,"{""attn.o_proj.max_weight"": 0.8608309420938871, ""attn.o_proj.max_weight_position"": 46.3735620403464, ""attn.o_proj.min_weight"": 0.502590991896195, ""attn.o_proj.min_weight_distance"": 8.658475800852349, ""direction_index"": 39.7690645250466, ""direction_scope"": ""per layer"", ""mlp.down_proj.max_weight"": -0.092752712610608, ""mlp.down_proj.max_weight_position"": 29.63871079480795, ""mlp.down_proj.min_weight"": 0.9992755258816318, ""mlp.down_proj.min_weight_distance"": 3.1835017901662406}",0.0005743639776483,10,10,8,3,6.630770037204465,5462249941.026781,43.073242144486095,9.61166391192564,6.630770037204465,5462249941.026781,0,0,0,0,0.0,0.0,,0.0,0.0,0.0,10,10,8,3,6.630770037204465,5462249941.026781,43.073242144486095,9.61166391192564,6.630770037204465,5462249941.026781,1.0,art_0XmNBGkzsJc_ replay,True,False,False,False,False,
45,100,99,86,96,3,0,86,100.0,1.0,100.0,85.0,13.0,2.0,0.0,0.0,0.0,85.0,100.0,True,85.0,False,gemma,startup,1.0001376,87,1.9987667,3.2938578,0.0,99,0.0053700385615229,global,"{""attn.o_proj.max_weight"": 1.421942562175185, ""attn.o_proj.max_weight_position"": 31.527901420390748, ""attn.o_proj.min_weight"": 0.6502695878566195, ""attn.o_proj.min_weight_distance"": 25.246664793542234, ""direction_index"": 33.691115749168816, ""direction_scope"": ""global"", ""mlp.down_proj.max_weight"": -0.14674264560933245, ""mlp.down_proj.max_weight_position"": 30.914000792448224, ""mlp.down_proj.min_weight"": 0.36151160508403934, ""mlp.down_proj.min_weight_distance"": 12.747432535979712}",0.0049809427000582,41,41,41,41,49.61794339660394,20953645407.97352,27.742820254608773,40.51763179504548,21.609902858088667,8035703666.080819,0,0,0,0,0.0,0.0,,0.0,0.0,0.0,41,41,41,41,49.61794339660394,20953645407.97352,27.742820254608773,40.51763179504548,21.609902858088667,8035703666.080819,0.4070136186720804,art_0XmNBGkzsJc_ replay,True,False,False,False,False,
46,100,100,97,100,0,0,97,100.0,1.0,100.0,98.0,0.0,2.0,0.0,0.0,0.0,98.0,100.0,True,98.0,False,gemma,startup,0.0,97,0.0,1.7128066,0.0,100,0.0007921619690023,global,"{""attn.o_proj.max_weight"": 1.0364867415484358, ""attn.o_proj.max_weight_position"": 38.53861980666168, ""attn.o_proj.min_weight"": 0.8368933166547248, ""attn.o_proj.min_weight_distance"": 9.969385806794154, ""direction_index"": 25.20970557411984, ""direction_scope"": ""global"", ""mlp.down_proj.max_weight"": 1.4151029466167038, ""mlp.down_proj.max_weight_position"": 35.45490983602075, ""mlp.down_proj.min_weight"": 0.39116532363649714, ""mlp.down_proj.min_weight_distance"": 1.431900881182661}",0.0011400927323848,19,19,19,19,18.157920781894276,12129607271.921743,38.045271597189625,18.95474441203905,5.687094844998658,796361355.6510544,2,2,2,2,2.22851358628209,873338709.5975204,35.48782578443654,1.9988150103198248,0.735456975577657,94959619.4878788,19,19,19,19,20.386434368176364,14549295225.889853,37.76570810722508,17.12551822517469,6.422551820576314,1059184642.4357684,0.3156917653952255,art_0XmNBGkzsJc_ replay,True,False,False,False,False,
47,100,100,93,100,0,0,93,100.0,1.0,100.0,93.0,4.0,3.0,0.0,0.0,0.0,93.0,100.0,True,93.0,False,gemma,startup,0.0,93,0.0,2.515107,0.0,100,0.0024976588319987,global,"{""attn.o_proj.max_weight"": 1.3952361406377172, ""attn.o_proj.max_weight_position"": 33.90596335448413, ""attn.o_proj.min_weight"": 0.629061209478275, ""attn.o_proj.min_weight_distance"": 14.98287012005069, ""direction_index"": 38.28327271371856, ""direction_scope"": ""global"", ""mlp.down_proj.max_weight"": 0.29428359153216843, ""mlp.down_proj.max_weight_position"": 41.18497188653289, ""mlp.down_proj.min_weight"": 0.3351470873157041, ""mlp.down_proj.min_weight_distance"": 1.3224300221628427}",0.0022703253198415,29,29,29,29,33.17660891578456,17478529389.34352,33.1980855914273,28.533584345668164,19.171577697854005,9586705347.879429,3,1,0,0,0.5595812410034153,103808106.37119898,41.09781185554272,2.7094809181464456,0.4612045519185358,69745695.06813793,29,29,29,29,33.73619015678798,18735682004.758625,33.32911812965752,28.471634847315684,19.63278224977254,10432916713.49589,0.5558854610954033,art_0XmNBGkzsJc_ replay,True,False,False,False,False,
48,100,100,93,99,1,0,93,100.0,1.0,100.0,93.0,5.0,2.0,0.0,0.0,0.0,93.0,100.0,True,93.0,False,gemma,startup,0.0,88,0.97659445,3.147403,0.0,99,0.0030793352052569,global,"{""attn.o_proj.max_weight"": 1.2525927062772837, ""attn.o_proj.max_weight_position"": 33.15227622365866, ""attn.o_proj.min_weight"": 0.7168953208903243, ""attn.o_proj.min_weight_distance"": 9.098398231975944, ""direction_index"": 40.87239608615868, ""direction_scope"": ""global"", ""mlp.down_proj.max_weight"": 1.1778839766101659, ""mlp.down_proj.max_weight_position"": 43.15584027763268, ""mlp.down_proj.min_weight"": 0.05089421168977348, ""mlp.down_proj.min_weight_distance"": 12.622494084876362}",0.0022700463887304,18,18,18,18,19.389651113071466,7393123780.853401,33.44338371147482,17.841461667809583,11.516693806150483,4390532180.549929,17,15,12,9,12.105910378238075,11234814333.54169,41.019978390449374,14.042732881224104,9.64468921364884,7567036766.537601,23,23,23,23,31.49556149130954,27547260838.88043,36.35559012447082,21.42837085399144,21.161383019799324,18832159979.892296,0.6299660108036711,art_0XmNBGkzsJc_ replay,True,False,False,False,False,
49,100,100,96,100,0,0,96,100.0,1.0,100.0,96.0,2.0,2.0,0.0,0.0,0.0,96.0,100.0,True,96.0,False,gemma,startup,0.0,97,0.0,1.730924,0.0,100,0.0011772813741117,per layer,"{""attn.o_proj.max_weight"": 1.1453616302799037, ""attn.o_proj.max_weight_position"": 29.61234963453288, ""attn.o_proj.min_weight"": 0.20936944959777493, ""attn.o_proj.min_weight_distance"": 2.9007037550866377, ""direction_index"": 38.38447664938904, ""direction_scope"": ""per layer"", ""mlp.down_proj.max_weight"": -0.18380213233627782, ""mlp.down_proj.max_weight_position"": 30.58960805518623, ""mlp.down_proj.min_weight"": 0.09779690989022694, ""mlp.down_proj.min_weight_distance"": 18.954780972809075}",0.0006025510374456,6,6,4,2,4.0624995245467055,523410299.4061813,29.577702267936136,5.242877877736521,4.0624995245467055,523410299.4061812,0,0,0,0,0.0,0.0,,0.0,0.0,0.0,6,6,4,2,4.0624995245467055,523410299.4061813,29.577702267936136,5.242877877736521,4.0624995245467055,523410299.4061812,1.0,art_0XmNBGkzsJc_ replay,True,False,False,False,False,
50,100,82,6,69,13,0,6,100.0,1.0,100.0,8.0,69.0,23.0,0.0,0.0,0.0,8.0,100.0,True,8.0,False,gemma,startup,3.7775142,17,4.6568055,3.765889,0.1523809523809524,81,0.283085823059082,per layer,"{""attn.o_proj.max_weight"": 1.0078580294611137, ""attn.o_proj.max_weight_position"": 42.215291959073284, ""attn.o_proj.min_weight"": 0.6205395940163719, ""attn.o_proj.min_weight_distance"": 26.528766456157843, ""direction_index"": 41.53789786362955, ""direction_scope"": ""per layer"", ""mlp.down_proj.max_weight"": 1.2772427646426443, ""mlp.down_proj.max_weight_position"": 33.132717104414816, ""mlp.down_proj.min_weight"": 0.8326683261031333, ""mlp.down_proj.min_weight_distance"": 16.548577386211065}",0.2824637293815613,32,32,32,23,26.90687147853956,12523086704.733604,32.749470791915265,31.39241391335032,26.90687147853956,12523086704.733604,31,31,31,31,36.476893482510384,18847020554.19301,32.09615714229205,30.923092356876666,36.47689348251038,18847020554.19301,32,32,32,31,63.38376496104994,61970148635.67207,32.37349356142698,31.367109561950134,63.38376496104994,61970148635.67207,1.0,art_0XmNBGkzsJc_ replay,True,False,False,False,False,
51,100,97,93,90,7,0,93,100.0,1.0,100.0,92.0,6.0,2.0,0.0,0.0,0.0,92.0,100.0,True,92.0,False,gemma,startup,1.6862936,83,3.0095353,3.781534,0.0,99,0.0197558235377073,per layer,"{""attn.o_proj.max_weight"": 1.2112696711202506, ""attn.o_proj.max_weight_position"": 44.85399627216432, ""attn.o_proj.min_weight"": 0.294173885432223, ""attn.o_proj.min_weight_distance"": 12.49704783904286, ""direction_index"": 34.93754595670812, ""direction_scope"": ""per layer"", ""mlp.down_proj.max_weight"": 0.7490654216316108, ""mlp.down_proj.max_weight_position"": 41.82885184296859, ""mlp.down_proj.min_weight"": 0.9051468488813411, ""mlp.down_proj.min_weight_distance"": 17.02543531597856}",0.0211025141179561,15,15,13,9,12.71758321149153,12857725451.301308,41.26275994578609,13.7464227535854,12.71758321149153,12857725451.301308,23,23,23,0,16.535257160706955,7323905887.268496,36.17781556312905,22.98001349076229,16.535257160706955,7323905887.268495,23,23,23,15,29.252840372198484,38426790419.27448,38.38847963846128,20.203267466902904,29.25284037219848,38426790419.27448,1.0,art_0XmNBGkzsJc_ replay,True,False,False,False,False,
52,100,100,97,100,0,0,97,100.0,1.0,100.0,97.0,1.0,2.0,0.0,0.0,0.0,97.0,100.0,True,97.0,False,gemma,startup,0.0,95,0.0,2.19827,0.0,99,0.0006966453511267,global,"{""attn.o_proj.max_weight"": 0.9993916880290334, ""attn.o_proj.max_weight_position"": 39.83371638729182, ""attn.o_proj.min_weight"": 0.29754617346961454, ""attn.o_proj.min_weight_distance"": 8.86790022261646, ""direction_index"": 21.0882679696928, ""direction_scope"": ""global"", ""mlp.down_proj.max_weight"": 1.069815189119748, ""mlp.down_proj.max_weight_position"": 43.02715069627446, ""mlp.down_proj.min_weight"": 0.6067421633079724, ""mlp.down_proj.min_weight_distance"": 13.357930683821355}",0.0008437219075858,17,17,13,6,11.223784155768492,6501444946.950458,39.42339355800426,15.57993431006739,1.659861810639486,110894780.88693853,18,18,18,15,16.06708802047862,12327433840.093094,39.15868152444747,17.65366837481179,2.4847311270701957,198586919.5358809,18,18,18,17,27.290872176247117,36258512840.42308,39.26754835394594,17.10627498365936,4.144592937709682,595117999.4305172,0.1622081159687073,art_0XmNBGkzsJc_ replay,True,False,False,False,False,
53,100,100,97,99,1,0,97,100.0,1.0,100.0,97.0,1.0,2.0,0.0,0.0,0.0,97.0,100.0,True,97.0,False,gemma,startup,0.0,94,0.98220474,2.3760622,0.0,100,0.0047509102150797,global,"{""attn.o_proj.max_weight"": 1.1066104074661325, ""attn.o_proj.max_weight_position"": 39.65487292814977, ""attn.o_proj.min_weight"": 0.4641550699508056, ""attn.o_proj.min_weight_distance"": 14.375881850200637, ""direction_index"": 19.376469531956555, ""direction_scope"": ""global"", ""mlp.down_proj.max_weight"": 0.38488689737004567, ""mlp.down_proj.max_weight_position"": 34.33851287705576, ""mlp.down_proj.min_weight"": 0.32122363530065223, ""mlp.down_proj.min_weight_distance"": 26.15991619599247}",0.006966674234718,22,22,22,16,18.944903472705317,11816088946.86847,37.30742150430835,21.278206551994625,2.58849062483716,118410314.57138044,39,27,0,0,10.81215928626172,1331252317.7074273,30.146965984277195,36.5949970531446,3.0783496972623308,26169820.21382577,39,27,22,22,29.75706275896704,20947610902.489487,34.70568670703105,27.23239538848488,5.666840322099491,233818812.62260532,0.3092983093273529,art_0XmNBGkzsJc_ replay,True,False,False,False,False,
54,100,98,94,98,0,0,94,100.0,1.0,100.0,94.0,4.0,2.0,0.0,0.0,0.0,94.0,100.0,True,94.0,False,gemma,startup,1.4000621,86,1.4000621,3.4492302,0.0,99,0.0021081811282783,global,"{""attn.o_proj.max_weight"": 0.8658403007871216, ""attn.o_proj.max_weight_position"": 34.80381393405317, ""attn.o_proj.min_weight"": 0.06958978432555363, ""attn.o_proj.min_weight_distance"": 25.6367267302216, ""direction_index"": 41.75213960302098, ""direction_scope"": ""global"", ""mlp.down_proj.max_weight"": 0.5076479582671709, ""mlp.down_proj.max_weight_position"": 43.03233793037233, ""mlp.down_proj.min_weight"": 0.9999344804266129, ""mlp.down_proj.min_weight_distance"": 19.786651245255584}",0.0023692545946687,37,32,23,7,20.31238014890017,5735151789.257234,31.890609830602106,32.51381796874728,10.2307424236556,3530537237.0640674,24,24,24,0,12.183213933546714,3514989044.9983835,35.50013005318633,23.99999999082897,7.36614482179284,2250629760.477667,37,32,24,24,32.495594082446885,18091219152.477283,33.24388735362979,29.8587677572651,17.596887245448436,11360347759.867474,0.4086032924365519,art_0XmNBGkzsJc_ replay,True,False,False,False,False,
55,100,98,87,88,10,0,87,100.0,1.0,100.0,88.0,10.0,2.0,0.0,0.0,0.0,88.0,100.0,True,88.0,False,gemma,startup,1.4106492,83,3.3069532,3.6629286,0.0,98,0.0033853380009531,per layer,"{""attn.o_proj.max_weight"": 1.2265553005430525, ""attn.o_proj.max_weight_position"": 37.3087895676923, ""attn.o_proj.min_weight"": 0.3847640933914611, ""attn.o_proj.min_weight_distance"": 14.399946856284853, ""direction_index"": 29.546022982570697, ""direction_scope"": ""per layer"", ""mlp.down_proj.max_weight"": 1.3499833148979605, ""mlp.down_proj.max_weight_position"": 39.44023395533196, ""mlp.down_proj.min_weight"": 0.5516684673786048, ""mlp.down_proj.min_weight_distance"": 1.4194550679695772}",0.0037962400820106,25,25,24,18,22.19826563043668,12188601179.238548,35.84117656861616,23.71342980922674,22.19826563043668,12188601179.238546,2,2,2,2,2.2735775863954397,1790868425.7745032,39.488791415447466,1.998995445876684,2.2735775863954384,1790868425.7745028,25,25,24,18,24.47184321683212,17481967994.936718,36.18006135494295,21.069464471142663,24.47184321683212,17481967994.936718,1.0,art_0XmNBGkzsJc_ replay,True,False,False,False,False,
56,100,100,96,99,1,0,96,100.0,1.0,100.0,96.0,2.0,2.0,0.0,0.0,0.0,96.0,100.0,True,96.0,False,gemma,startup,0.0,96,0.97659445,1.9749482,0.0,100,0.001217562588863,global,"{""attn.o_proj.max_weight"": 1.4688189561885374, ""attn.o_proj.max_weight_position"": 45.921792152519146, ""attn.o_proj.min_weight"": 0.30988888991363694, ""attn.o_proj.min_weight_distance"": 6.255437806117127, ""direction_index"": 38.14275740584639, ""direction_scope"": ""global"", ""mlp.down_proj.max_weight"": 1.1651524774595807, ""mlp.down_proj.max_weight_position"": 41.36636763795114, ""mlp.down_proj.min_weight"": 0.35463413404787414, ""mlp.down_proj.min_weight_distance"": 5.886798062346417}",0.0013479082845151,8,8,8,6,8.236303430746293,12669839190.545162,44.17013312109992,7.317315054559001,5.431608851853774,5156164684.2612295,12,12,10,6,9.383372866165232,7931751641.657799,41.43451153852736,11.128554485614558,7.3348452320075825,4494431567.639032,12,12,11,9,17.61967629691152,37184171280.64748,42.7132756341944,10.35014836695582,12.766454083861356,17202872356.431858,0.7721437426143417,art_0XmNBGkzsJc_ replay,True,False,False,False,False,
57,100,99,88,90,9,0,88,100.0,1.0,100.0,89.0,8.0,3.0,0.0,0.0,0.0,89.0,100.0,True,89.0,False,gemma,startup,1.0044299,85,3.025715,3.4146519,0.0,99,0.0062575303018093,per layer,"{""attn.o_proj.max_weight"": 1.3749544886389322, ""attn.o_proj.max_weight_position"": 44.100777532485104, ""attn.o_proj.min_weight"": 0.17231372804156564, ""attn.o_proj.min_weight_distance"": 21.543362271039832, ""direction_index"": 30.586423263772943, ""direction_scope"": ""per layer"", ""mlp.down_proj.max_weight"": 0.19345080063046738, ""mlp.down_proj.max_weight_position"": 31.740337131841493, ""mlp.down_proj.min_weight"": 0.41679066507472884, ""mlp.down_proj.min_weight_distance"": 13.88134967660555}",0.0079104891046881,25,25,20,15,21.75315779903687,19227732638.81859,37.84279693448304,21.545949000073623,21.75315779903687,19227732638.818584,23,0,0,0,3.823609215093032,183483242.57787168,31.60013058410301,26.470823929319906,3.823609215093031,183483242.57787168,27,25,23,18,25.576767014129903,22457452494.58525,36.909546982646766,23.485099381968404,25.576767014129903,22457452494.585247,1.0,art_0XmNBGkzsJc_ replay,True,False,False,False,False,
58,100,84,52,62,22,0,52,100.0,1.0,100.0,54.0,32.0,14.0,0.0,0.0,0.0,54.0,100.0,True,54.0,False,gemma,startup,3.6218438,38,4.787172,4.745684,0.05128205128205128,81,0.1205121427774429,per layer,"{""attn.o_proj.max_weight"": 0.9822008771775055, ""attn.o_proj.max_weight_position"": 29.039957049912342, ""attn.o_proj.min_weight"": 0.6786047308856499, ""attn.o_proj.min_weight_distance"": 4.809321506641856, ""direction_index"": 40.152229809377644, ""direction_scope"": ""per layer"", ""mlp.down_proj.max_weight"": 1.3051969775316312, ""mlp.down_proj.max_weight_position"": 31.682130278182054, ""mlp.down_proj.min_weight"": 0.615137672033594, ""mlp.down_proj.min_weight_distance"": 14.165996240019785}",0.1277808547019958,9,9,9,7,7.524423234513417,1000391745.5486616,29.00697117816709,8.90611506029158,7.524423234513417,1000391745.5486614,28,28,28,28,29.5954256498072,11633319210.6517,31.542770858891107,27.49609852245477,29.595425649807197,11633319210.6517,28,28,28,28,37.11984888432061,15531663973.343063,31.028748560600697,24.493192262255587,37.11984888432061,15531663973.34306,1.0,art_0XmNBGkzsJc_ replay,True,False,False,False,False,
59,100,96,83,86,10,0,83,100.0,1.0,100.0,84.0,10.0,6.0,0.0,0.0,0.0,84.0,100.0,True,84.0,False,gemma,startup,1.9887612,74,3.4930358,4.269464,0.0,96,0.0067393244244158,per layer,"{""attn.o_proj.max_weight"": 0.9140407262271384, ""attn.o_proj.max_weight_position"": 37.234499068830424, ""attn.o_proj.min_weight"": 0.19806400799400048, ""attn.o_proj.min_weight_distance"": 27.7249000183254, ""direction_index"": 23.44505402202606, ""direction_scope"": ""per layer"", ""mlp.down_proj.max_weight"": 0.13853397475972695, ""mlp.down_proj.max_weight_position"": 33.614878898431776, ""mlp.down_proj.min_weight"": 0.7051025221187837, ""mlp.down_proj.min_weight_distance"": 9.57752301962177}",0.0070855808444321,38,35,26,12,23.1741218321206,8105078978.577891,31.84289914883628,33.9109719809654,23.1741218321206,8105078978.577891,18,0,0,0,2.246604055682596,103812141.71000724,33.93419067522849,18.81590507234338,2.2466040556825955,103812141.71000724,38,35,26,17,25.4207258878032,9668200428.661554,32.02772093738566,32.96733507017664,25.4207258878032,9668200428.661554,1.0,art_0XmNBGkzsJc_ replay,True,False,False,False,False,
60,100,82,53,67,15,0,53,100.0,1.0,100.0,53.0,37.0,10.0,0.0,0.0,0.0,53.0,100.0,True,53.0,False,gemma,tpe,3.8584695,40,4.800063,4.917005,0.08974358974358974,80,0.0273368339985609,per layer,"{""attn.o_proj.max_weight"": 1.422819125358103, ""attn.o_proj.max_weight_position"": 35.941604785695034, ""attn.o_proj.min_weight"": 0.5741802634567652, ""attn.o_proj.min_weight_distance"": 24.196443074995685, ""direction_index"": 35.415687601328514, ""direction_scope"": ""per layer"", ""mlp.down_proj.max_weight"": -0.08712812520317086, ""mlp.down_proj.max_weight_position"": 40.99723130185444, ""mlp.down_proj.min_weight"": 0.9867023446871426, ""mlp.down_proj.min_weight_distance"": 26.98285862518095}",0.0288314335048198,36,36,36,36,42.07461355608764,22009001323.071453,30.689156182341453,35.24855846769826,42.074613556087634,22009001323.07145,0,0,0,0,0.0,0.0,,0.0,0.0,0.0,36,36,36,36,42.07461355608764,22009001323.071453,30.689156182341453,35.24855846769826,42.074613556087634,22009001323.07145,1.0,art_0XmNBGkzsJc_ replay,False,False,False,False,False,
61,100,93,73,78,15,0,73,100.0,1.0,100.0,70.0,23.0,7.0,0.0,0.0,0.0,70.0,100.0,True,70.0,False,gemma,tpe,2.5214636,59,4.155863,4.787447,0.0,93,0.0125266285613179,per layer,"{""attn.o_proj.max_weight"": 1.2056534337710303, ""attn.o_proj.max_weight_position"": 37.65754512549722, ""attn.o_proj.min_weight"": 0.42461746191281036, ""attn.o_proj.min_weight_distance"": 23.033275014137413, ""direction_index"": 35.2328021138878, ""direction_scope"": ""per layer"", ""mlp.down_proj.max_weight"": 0.06227674937229087, ""mlp.down_proj.max_weight_position"": 46.31410959429307, ""mlp.down_proj.min_weight"": 0.9904640847296078, ""mlp.down_proj.min_weight_distance"": 27.832511612614102}",0.0146230077371001,33,33,33,25,30.2528263682607,15038894832.517488,32.70558964748252,31.537174482965984,30.2528263682607,15038894832.517485,0,0,0,0,1.7977580017763604,53166236.1299087,33.02386560792056,28.999763844630355,1.7977580017763604,53166236.129908696,33,33,33,27,32.050584370037065,16872169361.83484,32.723442150514735,31.508121116947606,32.05058437003706,16872169361.83484,1.0,art_0XmNBGkzsJc_ replay,False,True,False,False,False,
62,100,85,62,60,25,0,62,100.0,1.0,100.0,63.0,28.0,9.0,0.0,0.0,0.0,63.0,100.0,True,63.0,False,gemma,tpe,3.5709388,33,4.9606605,4.650084,0.06944444444444445,83,0.1378389447927475,per layer,"{""attn.o_proj.max_weight"": 1.4179779005239577, ""attn.o_proj.max_weight_position"": 44.303277073532925, ""attn.o_proj.min_weight"": 0.7724465539789092, ""attn.o_proj.min_weight_distance"": 19.267241479494817, ""direction_index"": 37.81064287496484, ""direction_scope"": ""per layer"", ""mlp.down_proj.max_weight"": 1.2900859060209378, ""mlp.down_proj.max_weight_position"": 29.588073745573027, ""mlp.down_proj.min_weight"": 0.08888509295429053, ""mlp.down_proj.min_weight_distance"": 18.842632272697937}",0.1503104269504547,22,22,22,22,28.150056931095257,24842354726.44025,36.96688051252975,21.8770292877912,28.150056931095257,24842354726.440247,37,34,26,18,26.362296319362496,5575060723.503486,29.47591004327557,30.34426801217058,26.362296319362496,5575060723.503485,37,35,31,27,54.51235325045776,50607318965.49928,33.34423038912099,28.712697114516985,54.51235325045776,50607318965.49928,1.0,art_0XmNBGkzsJc_ replay,False,False,False,False,False,
63,100,87,66,71,16,0,66,100.0,1.0,100.0,65.0,23.0,12.0,0.0,0.0,0.0,65.0,100.0,True,65.0,False,gemma,tpe,3.2851293,44,4.456439,4.8267016,0.013888888888888888,87,0.0133337536826729,per layer,"{""attn.o_proj.max_weight"": 1.1871930022953738, ""attn.o_proj.max_weight_position"": 31.825260049518956, ""attn.o_proj.min_weight"": 0.6999250855415722, ""attn.o_proj.min_weight_distance"": 16.622310096727425, ""direction_index"": 29.06967053274347, ""direction_scope"": ""per layer"", ""mlp.down_proj.max_weight"": 0.40497195509525113, ""mlp.down_proj.max_weight_position"": 42.459317835940816, ""mlp.down_proj.min_weight"": 0.019621696036595165, ""mlp.down_proj.min_weight_distance"": 15.570176216484004}",0.0147991692647337,32,32,32,32,32.50362275124142,13416356829.692957,31.554903313976048,31.698621822192987,32.50362275124142,13416356829.692951,17,11,0,0,4.933196309329522,1410236544.500566,39.82606322596338,16.6781863907308,4.933196309329522,1410236544.500566,32,32,32,32,37.43681906057095,22940187014.54737,32.64482645850584,31.314021861596373,37.43681906057094,22940187014.54737,1.0,art_0XmNBGkzsJc_ replay,False,False,False,False,False,
64,100,76,9,68,8,0,9,100.0,1.0,100.0,10.0,55.0,35.0,0.0,0.0,0.0,10.0,100.0,True,10.0,False,gemma,tpe,4.1726365,22,4.6174293,3.964663,0.10476190476190476,72,0.2486730068922042,per layer,"{""attn.o_proj.max_weight"": 1.2785537899958694, ""attn.o_proj.max_weight_position"": 29.4523198684795, ""attn.o_proj.min_weight"": 0.5718884236847983, ""attn.o_proj.min_weight_distance"": 15.834562010153956, ""direction_index"": 21.518846175750486, ""direction_scope"": ""per layer"", ""mlp.down_proj.max_weight"": 1.2023673134686175, ""mlp.down_proj.max_weight_position"": 35.332006013507396, ""mlp.down_proj.min_weight"": 0.5205400263544885, ""mlp.down_proj.min_weight_distance"": 19.56883801497514}",0.2485462427139282,32,32,32,30,32.064401570834846,9874054726.726198,29.486840960475703,31.210593069670665,32.064401570834846,9874054726.726196,32,32,32,28,30.50237854482337,13875435180.373228,32.42879957853528,31.154967664580127,30.50237854482337,13875435180.373226,34,34,34,33,62.56678011565822,45506984532.32032,30.92109625162821,32.100134895338684,62.56678011565822,45506984532.32032,1.0,art_0XmNBGkzsJc_ replay,False,True,False,False,True,
65,100,96,77,80,16,0,77,100.0,1.0,100.0,77.0,14.0,9.0,0.0,0.0,0.0,77.0,100.0,True,77.0,False,gemma,tpe,1.9382523,63,4.064115,4.699085,0.025,94,0.0043628057464957,per layer,"{""attn.o_proj.max_weight"": 1.3135089098923889, ""attn.o_proj.max_weight_position"": 36.335126871572804, ""attn.o_proj.min_weight"": 0.48351612657236825, ""attn.o_proj.min_weight_distance"": 17.55113148414641, ""direction_index"": 37.581326063949454, ""direction_scope"": ""per layer"", ""mlp.down_proj.max_weight"": -0.06332549765629125, ""mlp.down_proj.max_weight_position"": 36.487879200789806, ""mlp.down_proj.min_weight"": 0.976691678145041, ""mlp.down_proj.min_weight_distance"": 21.4969265032323}",0.0065390020608901,29,29,29,26,29.53604696561,15981923842.688284,33.90083416026806,28.07534382391527,29.53604696561,15981923842.688284,0,0,0,0,0.0,0.0,,0.0,0.0,0.0,29,29,29,26,29.53604696561,15981923842.688284,33.90083416026806,28.07534382391527,29.53604696561,15981923842.688284,1.0,art_0XmNBGkzsJc_ replay,False,False,False,False,False,
66,100,100,88,98,2,0,88,100.0,1.0,100.0,89.0,9.0,2.0,0.0,0.0,0.0,89.0,100.0,True,89.0,False,gemma,tpe,0.0,90,1.4380312,2.9335232,0.0,100,0.0049004186876118,global,"{""attn.o_proj.max_weight"": 1.4916649885536775, ""attn.o_proj.max_weight_position"": 36.42782162260965, ""attn.o_proj.min_weight"": 0.6520428979455323, ""attn.o_proj.min_weight_distance"": 26.33920962029511, ""direction_index"": 33.91590960522286, ""direction_scope"": ""global"", ""mlp.down_proj.max_weight"": -0.19471615417904975, ""mlp.down_proj.max_weight_position"": 41.59045162994241, ""mlp.down_proj.min_weight"": 0.7207660731831291, ""mlp.down_proj.min_weight_distance"": 23.926340469381454}",0.0036244487855583,37,37,37,37,47.36017480044523,25974915437.96913,30.0004143571233,36.53412148930621,22.53979168354878,9740640535.275784,0,0,0,0,0.0,0.0,,0.0,0.0,0.0,37,37,37,37,47.36017480044523,25974915437.96913,30.0004143571233,36.53412148930621,22.53979168354878,9740640535.275784,0.44464126136631,art_0XmNBGkzsJc_ replay,False,True,False,False,False,
67,100,84,62,69,15,0,62,100.0,1.0,100.0,62.0,30.0,8.0,0.0,0.0,0.0,62.0,100.0,True,62.0,False,gemma,tpe,3.6364126,40,4.6001487,4.992185,0.09722222222222222,81,0.0100735425949096,per layer,"{""attn.o_proj.max_weight"": 1.2271499938719468, ""attn.o_proj.max_weight_position"": 36.35348983311035, ""attn.o_proj.min_weight"": 0.9465015094668734, ""attn.o_proj.min_weight_distance"": 17.937577868742054, ""direction_index"": 30.84519845919318, ""direction_scope"": ""per layer"", ""mlp.down_proj.max_weight"": 0.36730085986921224, ""mlp.down_proj.max_weight_position"": 45.57209853629127, ""mlp.down_proj.min_weight"": 0.20354262902235518, ""mlp.down_proj.min_weight_distance"": 9.347483009411738}",0.0087329288944602,29,29,29,29,34.776764064104455,19957268956.132034,33.072826031995184,28.993809662638093,34.77676406410445,19957268956.132034,10,6,0,0,2.694431702428913,942674011.9844092,43.07204704034555,9.803640072534066,2.694431702428913,942674011.9844092,29,29,29,29,37.47119576653337,28413274482.51015,33.79183746286485,28.69348206460413,37.47119576653336,28413274482.51015,1.0,art_0XmNBGkzsJc_ replay,False,True,False,False,False,
68,100,80,53,67,13,0,53,100.0,1.0,100.0,53.0,35.0,12.0,0.0,0.0,0.0,53.0,100.0,True,53.0,False,gemma,tpe,3.9873893,41,4.6860847,4.849985,0.10256410256410256,81,0.0241351723670959,per layer,"{""attn.o_proj.max_weight"": 1.2718935894462358, ""attn.o_proj.max_weight_position"": 37.950362899928805, ""attn.o_proj.min_weight"": 0.9296071997540961, ""attn.o_proj.min_weight_distance"": 22.18819299936092, ""direction_index"": 33.98506871860813, ""direction_scope"": ""per layer"", ""mlp.down_proj.max_weight"": 0.17830697307756244, ""mlp.down_proj.max_weight_position"": 46.0986244889808, ""mlp.down_proj.min_weight"": 0.29020773022881474, ""mlp.down_proj.min_weight_distance"": 7.282087825745045}",0.0250442121177911,32,32,32,32,39.50053085911776,21647833081.40275,31.65957225418948,31.986163693294458,39.50053085911776,21647833081.40275,6,0,0,0,1.0887513404803597,193095877.18186915,43.84267164189999,8.099702778112766,1.0887513404803597,193095877.18186915,32,32,32,32,40.58928219959813,25213498217.372223,31.98636704017134,31.900683691082488,40.58928219959812,25213498217.372223,1.0,art_0XmNBGkzsJc_ replay,False,False,False,False,False,
69,100,100,97,100,0,0,97,100.0,1.0,100.0,97.0,1.0,2.0,0.0,0.0,0.0,97.0,100.0,True,97.0,False,gemma,tpe,0.0,95,0.0,2.19827,0.0,100,0.0013725593453273,global,"{""attn.o_proj.max_weight"": 0.9587019680188116, ""attn.o_proj.max_weight_position"": 42.23030855917245, ""attn.o_proj.min_weight"": 0.328365657466803, ""attn.o_proj.min_weight_distance"": 7.752507763235474, ""direction_index"": 20.603756053825034, ""direction_scope"": ""global"", ""mlp.down_proj.max_weight"": 1.3315688031428548, ""mlp.down_proj.max_weight_position"": 44.662619756443355, ""mlp.down_proj.min_weight"": 0.6648742479084397, ""mlp.down_proj.min_weight_distance"": 14.027050974280971}",0.002002538414672,13,13,11,5,8.83430455216307,6706575988.482939,41.48147814320984,12.22937398576524,1.0704793534154764,82631229.34044185,17,17,17,17,19.318926355851445,19394069650.18626,39.57278168809653,16.75793987724505,2.7174125040699635,269527747.4422039,17,17,17,17,28.153230908014518,48095051477.00961,40.17171847930173,15.825676257495775,3.78789185748544,623773689.4279861,0.1461498492603954,art_0XmNBGkzsJc_ replay,False,True,False,False,False,
70,100,75,14,62,13,0,14,100.0,1.0,100.0,14.0,60.0,26.0,0.0,0.0,0.0,14.0,100.0,True,14.0,False,gemma,tpe,4.252004,21,4.785697,4.121045,0.08823529411764706,79,0.1718268394470214,per layer,"{""attn.o_proj.max_weight"": 1.274966312666775, ""attn.o_proj.max_weight_position"": 30.70261224911329, ""attn.o_proj.min_weight"": 0.5778617236865614, ""attn.o_proj.min_weight_distance"": 14.597553981951137, ""direction_index"": 23.07726896177531, ""direction_scope"": ""per layer"", ""mlp.down_proj.max_weight"": 1.125173504104765, ""mlp.down_proj.max_weight_position"": 34.96037879478519, ""mlp.down_proj.min_weight"": 0.6398173944082507, ""mlp.down_proj.min_weight_distance"": 17.662512128869885}",0.1734703630208969,29,29,29,28,29.220354544950656,10088812279.853416,30.9211992696934,28.33594635095139,29.22035454495065,10088812279.853416,30,30,30,29,28.458525859669532,12789344755.548416,32.94243239348135,29.622851760774623,28.458525859669532,12789344755.548416,31,31,31,31,57.67888040462019,43943323487.72291,31.91846750233289,29.613180096803863,57.67888040462019,43943323487.7229,1.0,art_0XmNBGkzsJc_ replay,False,False,False,False,False,
71,100,79,6,66,13,0,6,100.0,1.0,100.0,7.0,65.0,28.0,0.0,0.0,0.0,7.0,100.0,True,7.0,False,gemma,tpe,3.97629,17,4.6912074,3.6649184,0.12380952380952381,79,0.2569824159145355,per layer,"{""attn.o_proj.max_weight"": 1.2067244910035773, ""attn.o_proj.max_weight_position"": 31.146815011271475, ""attn.o_proj.min_weight"": 0.5153149622278929, ""attn.o_proj.min_weight_distance"": 21.853963807861923, ""direction_index"": 24.0068890910286, ""direction_scope"": ""per layer"", ""mlp.down_proj.max_weight"": 1.2286020469582772, ""mlp.down_proj.max_weight_position"": 32.75760145877791, ""mlp.down_proj.min_weight"": 0.5202937215799603, ""mlp.down_proj.min_weight_distance"": 16.87043550197262}",0.2718285918235779,38,38,38,33,36.00987258237735,12244723892.80932,29.20544637178759,37.01011645468704,36.00987258237735,12244723892.80932,32,32,32,27,30.318980263580983,11916433428.024334,31.870088480293948,31.067739559164632,30.318980263580983,11916433428.024334,38,38,38,33,66.32885284595832,48297614597.57126,30.423456755367354,34.90570122708376,66.32885284595832,48297614597.57126,1.0,art_0XmNBGkzsJc_ replay,False,True,False,False,False,
72,100,78,10,64,14,0,10,100.0,1.0,100.0,10.0,63.0,27.0,0.0,0.0,0.0,10.0,100.0,True,10.0,False,gemma,tpe,4.11354,17,4.7910266,3.6517627,0.14423076923076922,78,0.2857322096824646,per layer,"{""attn.o_proj.max_weight"": 1.289391274595181, ""attn.o_proj.max_weight_position"": 37.62202341385558, ""attn.o_proj.min_weight"": 0.7291100507602241, ""attn.o_proj.min_weight_distance"": 17.802149150852472, ""direction_index"": 36.810057699586835, ""direction_scope"": ""per layer"", ""mlp.down_proj.max_weight"": 1.050451019013229, ""mlp.down_proj.max_weight_position"": 29.72458918798782, ""mlp.down_proj.min_weight"": 0.5761008045890972, ""mlp.down_proj.min_weight_distance"": 22.941190218803257}",0.2964607775211334,28,28,28,28,31.924303427976668,19217512626.871883,33.981814640554795,27.799254198192692,31.924303427976664,19217512626.87188,41,41,41,31,34.76838930800507,9612588568.717323,27.635290676199396,40.18645126588475,34.76838930800507,9612588568.717323,41,41,41,33,66.69269273598174,55745741538.68356,30.67323004315641,35.733130539908124,66.69269273598172,55745741538.68355,1.0,art_0XmNBGkzsJc_ replay,False,False,False,False,False,
73,100,81,45,65,16,0,45,100.0,1.0,100.0,45.0,40.0,15.0,0.0,0.0,0.0,45.0,100.0,True,45.0,False,gemma,tpe,3.7987015,34,4.8325205,4.7169304,0.10714285714285714,80,0.0327486619353294,per layer,"{""attn.o_proj.max_weight"": 1.4790637665144932, ""attn.o_proj.max_weight_position"": 30.844557417120367, ""attn.o_proj.min_weight"": 0.4370291807066057, ""attn.o_proj.min_weight_distance"": 25.27573352242979, ""direction_index"": 39.00254750115067, ""direction_scope"": ""per layer"", ""mlp.down_proj.max_weight"": -0.19654827018303964, ""mlp.down_proj.max_weight_position"": 41.010319588012614, ""mlp.down_proj.min_weight"": 0.9926609563817543, ""mlp.down_proj.min_weight_distance"": 25.72349591633018}",0.0353550352156162,42,42,42,39,46.97471650218435,18093761423.17398,27.82436387283136,40.38937324878892,46.97471650218435,18093761423.17398,0,0,0,0,0.0,0.0,,0.0,0.0,0.0,42,42,42,39,46.97471650218435,18093761423.17398,27.82436387283136,40.38937324878892,46.97471650218435,18093761423.17398,1.0,art_0XmNBGkzsJc_ replay,False,False,False,False,False,
74,100,100,93,96,4,0,93,100.0,1.0,100.0,93.0,5.0,2.0,0.0,0.0,0.0,93.0,100.0,True,93.0,False,gemma,tpe,0.0,85,1.9413873,3.5006752,0.0,100,0.0043914592824876,global,"{""attn.o_proj.max_weight"": 1.358914525422555, ""attn.o_proj.max_weight_position"": 38.7934685451486, ""attn.o_proj.min_weight"": 0.6273999712532339, ""attn.o_proj.min_weight_distance"": 15.700044970702377, ""direction_index"": 39.33933268959045, ""direction_scope"": ""global"", ""mlp.down_proj.max_weight"": 0.6419022400417944, ""mlp.down_proj.max_weight_position"": 30.254228971725443, ""mlp.down_proj.min_weight"": 0.18706925124634174, ""mlp.down_proj.min_weight_distance"": 21.768739147731704}",0.0041535543277859,24,24,24,24,27.622861770700915,19896249501.401318,36.03953370658564,23.680535391809784,18.29244482623988,12020623312.231068,39,33,12,0,15.798788635647847,2138986233.1762223,29.294362644809286,34.83362565325748,7.303697192479865,1186678125.751911,39,34,24,24,43.42165040634877,34501080266.97442,33.58533100081488,28.94572572093818,25.59614201871974,20590436307.40136,0.4200547101716218,art_0XmNBGkzsJc_ replay,False,False,False,False,False,
75,100,83,58,57,26,0,58,100.0,1.0,100.0,58.0,34.0,8.0,0.0,0.0,0.0,58.0,100.0,True,58.0,False,gemma,tpe,3.7077935,30,4.9367733,4.4345427,0.08333333333333333,83,0.1050312519073486,per layer,"{""attn.o_proj.max_weight"": 1.1693031283113533, ""attn.o_proj.max_weight_position"": 30.768421831869432, ""attn.o_proj.min_weight"": 0.6545558549969266, ""attn.o_proj.min_weight_distance"": 8.440730739722348, ""direction_index"": 21.512997418831947, ""direction_scope"": ""per layer"", ""mlp.down_proj.max_weight"": 1.4378553108135486, ""mlp.down_proj.max_weight_position"": 38.47306953751669, ""mlp.down_proj.min_weight"": 0.33308792736761683, ""mlp.down_proj.min_weight_distance"": 22.35496747770439}",0.1081941202282905,17,17,17,17,16.42153026364089,3656023187.9049535,30.951410616714927,16.75328469453728,16.42153026364089,3656023187.9049535,31,31,31,25,32.47060949225027,20746244833.835403,33.933578423989935,29.094043263872425,32.47060949225027,20746244833.8354,31,31,31,25,48.89213975589116,33875398496.52291,32.93194995890478,26.891448145677707,48.89213975589115,33875398496.522903,1.0,art_0XmNBGkzsJc_ replay,False,False,False,False,False,
76,100,80,62,63,17,0,62,100.0,1.0,100.0,61.0,28.0,11.0,0.0,0.0,0.0,61.0,100.0,True,61.0,False,gemma,tpe,3.9043841,37,4.76727,4.8981776,0.1388888888888889,81,0.0097420727834105,per layer,"{""attn.o_proj.max_weight"": 1.3240893500968736, ""attn.o_proj.max_weight_position"": 32.95158255815952, ""attn.o_proj.min_weight"": 0.8548908467946625, ""attn.o_proj.min_weight_distance"": 14.116599434569766, ""direction_index"": 25.752325568315715, ""direction_scope"": ""per layer"", ""mlp.down_proj.max_weight"": 0.9134868186154711, ""mlp.down_proj.max_weight_position"": 45.68817674447416, ""mlp.down_proj.min_weight"": 0.31411651283072595, ""mlp.down_proj.min_weight_distance"": 5.397106889990984}",0.0105936713516712,29,29,29,29,35.53967497343525,20039318021.15797,32.99610605609179,28.93739102254628,35.53967497343524,20039318021.15797,7,7,5,3,4.645579294839333,4662004478.937555,44.47183959215638,6.555025174015757,4.645579294839333,4662004478.937555,29,29,29,29,40.185254268274576,39283246898.181656,34.3227476583156,27.94536208037865,40.185254268274576,39283246898.181656,1.0,art_0XmNBGkzsJc_ replay,False,False,False,False,False,
77,100,83,39,72,11,0,39,100.0,1.0,100.0,39.0,41.0,20.0,0.0,0.0,0.0,39.0,100.0,True,39.0,False,gemma,tpe,3.7398517,31,4.433818,4.684215,0.125,80,0.0438216589391231,per layer,"{""attn.o_proj.max_weight"": 1.3890789574059865, ""attn.o_proj.max_weight_position"": 30.698294754904143, ""attn.o_proj.min_weight"": 0.8681143748068465, ""attn.o_proj.min_weight_distance"": 17.917375946822045, ""direction_index"": 28.492335986773725, ""direction_scope"": ""per layer"", ""mlp.down_proj.max_weight"": 1.2312444253766452, ""mlp.down_proj.max_weight_position"": 43.029851557216986, ""mlp.down_proj.min_weight"": 0.4052822401918328, ""mlp.down_proj.min_weight_distance"": 5.875009858063989}",0.0456816628575325,35,35,35,35,45.481869684587366,22759843905.614983,30.04803655849421,34.9443988553508,45.48186968458735,22759843905.614983,10,10,10,7,9.18908092545628,10475880051.841932,42.67926227821033,9.602373586288568,9.18908092545628,10475880051.84193,35,35,35,35,54.67095061004364,59634577464.31052,32.171090100293306,32.748802739905365,54.67095061004363,59634577464.31052,1.0,art_0XmNBGkzsJc_ replay,False,False,False,False,False,
78,100,97,87,85,12,0,87,100.0,1.0,100.0,89.0,7.0,4.0,0.0,0.0,0.0,89.0,100.0,True,89.0,False,gemma,tpe,1.7200766,76,3.6311376,4.294165,0.0,97,0.0030890472698956,per layer,"{""attn.o_proj.max_weight"": 1.4160309691228667, ""attn.o_proj.max_weight_position"": 34.033425687232366, ""attn.o_proj.min_weight"": 0.8591761010335588, ""attn.o_proj.min_weight_distance"": 8.380280834664056, ""direction_index"": 21.383787564853343, ""direction_scope"": ""per layer"", ""mlp.down_proj.max_weight"": 0.7785529647382056, ""mlp.down_proj.max_weight_position"": 43.634296474141024, ""mlp.down_proj.min_weight"": 0.36179780663105177, ""mlp.down_proj.min_weight_distance"": 8.360756100498856}",0.0035424097441136,17,17,17,17,22.35847203151117,11285448948.686443,34.00256130480463,16.9664180199504,22.35847203151117,11285448948.686443,12,12,9,1,6.933537408496033,4843386346.749478,42.12825379983219,11.39022946737348,6.933537408496032,4843386346.749478,22,22,22,18,29.2920094400072,22555371432.08631,35.925945666659295,20.07181318991424,29.2920094400072,22555371432.086304,1.0,art_0XmNBGkzsJc_ replay,False,False,False,False,False,
79,100,81,14,67,14,0,14,100.0,1.0,100.0,19.0,53.0,28.0,0.0,0.0,0.0,19.0,100.0,True,19.0,False,gemma,tpe,3.9237492,30,4.664116,4.461109,0.1568627450980392,75,0.1952795535326004,per layer,"{""attn.o_proj.max_weight"": 1.4301174274928181, ""attn.o_proj.max_weight_position"": 34.53475536906673, ""attn.o_proj.min_weight"": 0.8194784208060483, ""attn.o_proj.min_weight_distance"": 20.190886381023724, ""direction_index"": 40.475742332514756, ""direction_scope"": ""per layer"", ""mlp.down_proj.max_weight"": 0.8037170314316493, ""mlp.down_proj.max_weight_position"": 32.697424473680826, ""mlp.down_proj.min_weight"": 0.13119161238684102, ""mlp.down_proj.min_weight_distance"": 22.710655145673623}",0.1946712434291839,33,33,33,33,43.55305741306598,24665539871.805813,31.278031152700063,32.91131704991292,43.55305741306597,24665539871.805813,38,33,20,4,18.901206797250083,4067061429.418635,30.923967150420548,33.11406311463635,18.901206797250083,4067061429.418635,38,33,33,33,62.45426421031606,48401410201.3932,31.17087694936159,33.40907243585115,62.45426421031606,48401410201.3932,1.0,art_0XmNBGkzsJc_ replay,False,True,False,False,False,
80,100,80,13,70,10,0,13,100.0,1.0,100.0,15.0,63.0,22.0,0.0,0.0,0.0,15.0,100.0,True,15.0,False,gemma,tpe,3.9061215,17,4.515703,3.670468,0.13725490196078433,77,0.2125218510627746,per layer,"{""attn.o_proj.max_weight"": 1.4679225722897151, ""attn.o_proj.max_weight_position"": 32.85206539937119, ""attn.o_proj.min_weight"": 0.6216900384701325, ""attn.o_proj.min_weight_distance"": 26.513940101060605, ""direction_index"": 40.665476826358145, ""direction_scope"": ""per layer"", ""mlp.down_proj.max_weight"": 0.957230195629913, ""mlp.down_proj.max_weight_position"": 37.415621363254246, ""mlp.down_proj.min_weight"": 0.09535957691634687, ""mlp.down_proj.min_weight_distance"": 28.09645660646542}",0.2159628123044967,41,41,41,41,50.66807014725843,22905086046.91109,27.98891492549459,40.40312274954387,50.66807014725843,22905086046.91109,38,33,25,14,22.79886121075601,8582381059.730616,32.52968676734064,32.40904073521172,22.79886121075601,8582381059.730616,41,41,41,41,73.46693135801445,59395088148.26733,29.39804451752108,38.79451675018285,73.46693135801445,59395088148.26733,1.0,art_0XmNBGkzsJc_ replay,False,False,False,False,False,
81,100,81,41,60,21,0,41,100.0,1.0,100.0,42.0,46.0,12.0,0.0,0.0,0.0,42.0,100.0,True,42.0,False,gemma,tpe,3.9221168,34,4.976779,4.697832,0.12903225806451613,84,0.0508686751127243,per layer,"{""attn.o_proj.max_weight"": 1.4685717872030097, ""attn.o_proj.max_weight_position"": 32.26229340825592, ""attn.o_proj.min_weight"": 0.582931473958417, ""attn.o_proj.min_weight_distance"": 17.494295376376655, ""direction_index"": 40.28433447072709, ""direction_scope"": ""per layer"", ""mlp.down_proj.max_weight"": 0.7010877045068533, ""mlp.down_proj.max_weight_position"": 33.04101424433245, ""mlp.down_proj.min_weight"": 0.2067728731122369, ""mlp.down_proj.min_weight_distance"": 14.338083543860783}",0.0527929104864597,33,33,33,33,38.87728059329351,18369558197.30525,31.30872757852861,32.33106484118056,38.87728059329351,18369558197.30525,29,23,11,0,12.18482120514092,2143087280.3742828,33.02741660341945,25.22841021565384,12.18482120514092,2143087280.3742828,33,33,33,33,51.06210179843443,32607624177.666477,31.71885402726353,31.192687272334023,51.062101798434426,32607624177.666477,1.0,art_0XmNBGkzsJc_ replay,False,True,False,False,False,
82,100,76,45,52,24,0,45,100.0,1.0,100.0,45.0,41.0,14.0,0.0,0.0,0.0,45.0,100.0,True,45.0,False,gemma,tpe,4.243837,31,5.072615,4.714365,0.05952380952380952,77,0.0576633214950561,per layer,"{""attn.o_proj.max_weight"": 1.3818585744585756, ""attn.o_proj.max_weight_position"": 30.176315325612258, ""attn.o_proj.min_weight"": 0.27934362088391673, ""attn.o_proj.min_weight_distance"": 15.0761705009844, ""direction_index"": 23.086642529649055, ""direction_scope"": ""per layer"", ""mlp.down_proj.max_weight"": 1.1536923575222655, ""mlp.down_proj.max_weight_position"": 31.829289531125166, ""mlp.down_proj.min_weight"": 0.12143297050494423, ""mlp.down_proj.min_weight_distance"": 14.349899964215226}",0.0639525949954986,30,30,27,19,26.593550067333187,6815214096.529348,30.319103930270057,27.168274975434144,26.593550067333187,6815214096.529348,29,25,19,11,18.611803755356824,4229625946.477852,31.863947342674603,23.92634080015616,18.611803755356824,4229625946.477851,31,30,29,27,45.205353822690014,21620599625.53294,30.955141921194866,26.08275686269582,45.205353822690014,21620599625.53294,1.0,art_0XmNBGkzsJc_ replay,False,False,False,False,False,
83,100,72,35,57,15,0,35,100.0,1.0,100.0,35.0,50.0,15.0,0.0,0.0,0.0,35.0,100.0,True,35.0,False,gemma,tpe,4.6008215,32,5.1431756,4.7893786,0.05154639175257732,75,0.1178911998867988,per layer,"{""attn.o_proj.max_weight"": 1.4967832421554275, ""attn.o_proj.max_weight_position"": 29.55601699277972, ""attn.o_proj.min_weight"": 0.20321873056950712, ""attn.o_proj.min_weight_distance"": 12.242811395427758, ""direction_index"": 23.542407232700363, ""direction_scope"": ""per layer"", ""mlp.down_proj.max_weight"": 1.1265791202403088, ""mlp.down_proj.max_weight_position"": 28.415990328047684, ""mlp.down_proj.min_weight"": 0.04082408740655567, ""mlp.down_proj.min_weight_distance"": 15.599235031092617}",0.1182902306318283,24,24,20,16,21.89532739625941,4385840668.1354685,29.535887872090715,21.12860293729257,21.89532739625941,4385840668.1354685,30,26,18,11,18.316943391300057,2343994053.4553027,28.41866585396195,24.40284640294721,18.316943391300057,2343994053.4553022,30,26,24,23,40.21227078755948,13038701720.09426,29.026986184601096,22.717970328126093,40.21227078755947,13038701720.09426,1.0,art_0XmNBGkzsJc_ replay,False,False,False,False,False,
84,100,80,60,60,20,0,60,100.0,1.0,100.0,60.0,31.0,9.0,0.0,0.0,0.0,60.0,100.0,True,60.0,False,gemma,tpe,3.9402945,38,4.8595843,4.785644,0.1267605633802817,82,0.1068965643644332,per layer,"{""attn.o_proj.max_weight"": 1.4722481784616368, ""attn.o_proj.max_weight_position"": 30.383660831323468, ""attn.o_proj.min_weight"": 0.12756790445988364, ""attn.o_proj.min_weight_distance"": 8.724309936119015, ""direction_index"": 26.233089329418323, ""direction_scope"": ""per layer"", ""mlp.down_proj.max_weight"": 1.0235026019860662, ""mlp.down_proj.max_weight_position"": 28.286529138502075, ""mlp.down_proj.min_weight"": 0.15966032104656902, ""mlp.down_proj.min_weight_distance"": 16.140075376318407}",0.1030162051320076,18,16,13,10,14.575241904575332,2835504491.568263,30.404813188853726,14.744017794956468,14.575241904575332,2835504491.5682626,32,29,20,10,19.11007751424558,2481342418.480936,28.34761073220694,27.360557536472697,19.11007751424558,2481342418.480936,32,29,21,17,33.68531941882092,9899878820.63984,29.237738062736582,21.88563773976888,33.68531941882092,9899878820.63984,1.0,art_0XmNBGkzsJc_ replay,False,False,False,False,False,
85,100,79,54,59,20,0,54,100.0,1.0,100.0,53.0,35.0,12.0,0.0,0.0,0.0,53.0,100.0,True,53.0,False,gemma,tpe,4.123143,33,4.9966745,4.695308,0.1038961038961039,81,0.0239425580948591,per layer,"{""attn.o_proj.max_weight"": 1.4695726233785964, ""attn.o_proj.max_weight_position"": 29.708308434364707, ""attn.o_proj.min_weight"": 0.2543889660546416, ""attn.o_proj.min_weight_distance"": 20.918481069995735, ""direction_index"": 19.78468712441755, ""direction_scope"": ""per layer"", ""mlp.down_proj.max_weight"": 0.8639183950600853, ""mlp.down_proj.max_weight_position"": 34.52223503070568, ""mlp.down_proj.min_weight"": 0.17098516883697124, ""mlp.down_proj.min_weight_distance"": 9.940324063650039}",0.026152990758419,39,39,36,28,37.24489112623415,11234820493.465809,28.91097746741821,35.47008255693611,37.24489112623415,11234820493.465809,20,17,10,4,10.07335971602202,2234619726.334218,34.51590368881371,17.111067804742966,10.07335971602202,2234619726.334218,39,39,36,29,47.31825084225618,22173032864.816967,30.10418383081701,32.539188027173296,47.31825084225618,22173032864.816963,1.0,art_0XmNBGkzsJc_ replay,False,False,False,False,False,
86,100,80,18,71,9,0,18,100.0,1.0,100.0,20.0,57.0,23.0,0.0,0.0,0.0,20.0,100.0,True,20.0,False,gemma,tpe,3.9712493,30,4.5108123,4.5287466,0.13861386138613863,79,0.2163981199264526,per layer,"{""attn.o_proj.max_weight"": 1.3436397624490686, ""attn.o_proj.max_weight_position"": 31.174608149821236, ""attn.o_proj.min_weight"": 0.2836091114612859, ""attn.o_proj.min_weight_distance"": 17.087983573550556, ""direction_index"": 21.70632440011508, ""direction_scope"": ""per layer"", ""mlp.down_proj.max_weight"": 1.2576163016653579, ""mlp.down_proj.max_weight_position"": 30.68223411552318, ""mlp.down_proj.min_weight"": 0.0007468937731349087, ""mlp.down_proj.min_weight_distance"": 23.05358291232756}",0.2231417447328567,33,33,30,21,29.008434159144397,8975493784.286158,31.09222554089791,30.189309052893154,29.008434159144397,8975493784.286158,38,35,28,18,27.94999466693248,7148185180.922573,29.960809732752377,32.444208714262416,27.94999466693248,7148185180.922572,38,35,33,33,56.95842882607687,32131547574.832745,30.53702999819233,31.37943019108105,56.95842882607687,32131547574.83274,1.0,art_0XmNBGkzsJc_ replay,False,False,False,False,False,
87,100,93,75,78,15,0,75,100.0,1.0,100.0,80.0,17.0,3.0,0.0,0.0,0.0,80.0,100.0,True,80.0,False,gemma,tpe,2.5813305,59,4.2138643,4.8806405,0.0,92,0.037787064909935,per layer,"{""attn.o_proj.max_weight"": 1.1009005850992353, ""attn.o_proj.max_weight_position"": 33.31165358819627, ""attn.o_proj.min_weight"": 0.427542072422854, ""attn.o_proj.min_weight_distance"": 8.678924154692147, ""direction_index"": 22.106471873316405, ""direction_scope"": ""per layer"", ""mlp.down_proj.max_weight"": 1.270412646303467, ""mlp.down_proj.max_weight_position"": 28.77240420894322, ""mlp.down_proj.min_weight"": 0.2005677056901567, ""mlp.down_proj.min_weight_distance"": 9.849210744487523}",0.0458811074495315,17,17,16,10,13.46440597084834,3497248828.4894423,33.12101611695254,16.183291240802628,13.46440597084834,3497248828.4894423,20,20,15,10,15.09667646677748,2092245217.9341536,28.68606193452793,17.310884775057843,15.09667646677748,2092245217.9341536,23,23,20,15,28.56108243762582,9863059158.392351,30.776809850146517,18.567108666111487,28.56108243762582,9863059158.392351,1.0,art_0XmNBGkzsJc_ replay,False,True,False,False,False,
88,100,100,93,99,1,0,93,100.0,1.0,100.0,93.0,5.0,2.0,0.0,0.0,0.0,93.0,100.0,True,93.0,False,gemma,tpe,0.0,90,0.97659445,3.0089145,0.0,100,0.0022028470411896,per layer,"{""attn.o_proj.max_weight"": 1.2344238821718856, ""attn.o_proj.max_weight_position"": 39.199723060561226, ""attn.o_proj.min_weight"": 0.5350700430562875, ""attn.o_proj.min_weight_distance"": 12.113849837853117, ""direction_index"": 42.109878874196966, ""direction_scope"": ""per layer"", ""mlp.down_proj.max_weight"": -0.04339589814578784, ""mlp.down_proj.max_weight_position"": 36.58070140798272, ""mlp.down_proj.min_weight"": 0.9785446305995074, ""mlp.down_proj.min_weight_distance"": 20.950610768430888}",0.0017396237235516,20,20,20,19,19.818150946128423,14216578768.85268,37.90203500431403,19.56526334991456,19.818150946128423,14216578768.852678,0,0,0,0,0.0,0.0,,0.0,0.0,0.0,20,20,20,19,19.818150946128423,14216578768.85268,37.90203500431403,19.56526334991456,19.818150946128423,14216578768.852678,1.0,art_0XmNBGkzsJc_ replay,False,False,False,False,False,
89,100,78,54,57,21,0,54,100.0,1.0,100.0,55.0,33.0,12.0,0.0,0.0,0.0,55.0,100.0,True,55.0,False,gemma,tpe,4.234984,29,5.018158,4.561304,0.09090909090909091,78,0.018060689792037,global,"{""attn.o_proj.max_weight"": 1.4943697512448797, ""attn.o_proj.max_weight_position"": 32.226501913544595, ""attn.o_proj.min_weight"": 0.30217162805782816, ""attn.o_proj.min_weight_distance"": 21.346609517013857, ""direction_index"": 25.2069849596465, ""direction_scope"": ""global"", ""mlp.down_proj.max_weight"": 1.3457921794541066, ""mlp.down_proj.max_weight_position"": 30.177154853255672, ""mlp.down_proj.min_weight"": 0.07233346171323071, ""mlp.down_proj.min_weight_distance"": 9.953574895125325}",0.0192330833524465,37,37,36,31,38.06735428312098,15472666807.116203,30.402310448707286,34.39440494877015,16.027636052820814,1668061368.7047374,20,17,13,9,14.37315028017848,2501152968.971006,30.218269997672927,15.942932397336222,8.005824291378485,640764808.5509092,37,37,36,31,52.440504563299456,25843898386.83216,30.35186774068269,29.70901486561957,24.033460344199295,4066326963.947759,0.3892475877343657,art_0XmNBGkzsJc_ replay,False,True,False,False,False,
90,100,93,77,85,8,0,77,100.0,1.0,100.0,80.0,13.0,7.0,0.0,0.0,0.0,80.0,100.0,True,80.0,False,gemma,tpe,2.531424,69,3.520073,4.449466,0.0,93,0.0076486482284963,global,"{""attn.o_proj.max_weight"": 1.475369046377857, ""attn.o_proj.max_weight_position"": 33.36387297629182, ""attn.o_proj.min_weight"": 0.398934872947339, ""attn.o_proj.min_weight_distance"": 24.970715688336092, ""direction_index"": 23.08194440125257, ""direction_scope"": ""global"", ""mlp.down_proj.max_weight"": 1.3663556244603763, ""mlp.down_proj.max_weight_position"": 28.63061665257421, ""mlp.down_proj.min_weight"": 0.3106951823795765, ""mlp.down_proj.min_weight_distance"": 5.367931750880176}",0.0088275810703635,39,39,39,35,43.01435468441501,19405926966.39013,29.64079138684032,37.2447615371208,15.32961700435152,1053324627.8337604,10,10,10,7,9.2771577291566,1359829305.7110305,28.56175778268204,9.32706914811738,4.617721305040014,283923761.7298146,39,39,39,35,52.29151241357161,24393544523.91565,29.44935754836831,32.89884148027235,19.947338309391533,2053105487.4564743,0.3464582110846217,art_0XmNBGkzsJc_ replay,False,False,False,False,False,
91,100,96,76,79,17,0,76,100.0,1.0,100.0,77.0,19.0,4.0,0.0,0.0,0.0,77.0,100.0,True,77.0,False,gemma,tpe,1.9673141,65,4.0222454,4.7507377,0.043478260869565216,94,0.0283290408551692,global,"{""attn.o_proj.max_weight"": 1.4247299587896194, ""attn.o_proj.max_weight_position"": 34.61390710809126, ""attn.o_proj.min_weight"": 0.14711965545309097, ""attn.o_proj.min_weight_distance"": 19.92202408931389, ""direction_index"": 29.152988454004475, ""direction_scope"": ""global"", ""mlp.down_proj.max_weight"": 1.0463488530137435, ""mlp.down_proj.max_weight_position"": 30.928631659146276, ""mlp.down_proj.min_weight"": 0.03961271442659466, ""mlp.down_proj.min_weight_distance"": 15.109954804411242}",0.0292430091649293,33,32,28,22,29.614658640072378,13572993893.844242,32.9928905294482,29.1033013284844,15.62005566824766,3112796361.230529,29,24,17,9,16.470668051313808,2852324727.2538705,30.930838346640996,23.59452006887085,9.96361078035164,1154120255.0272615,33,32,30,27,46.085326691386186,27360413679.77113,32.255923267939075,27.790648131592565,25.5836664485993,7787437756.784801,0.4679939885233484,art_0XmNBGkzsJc_ replay,False,False,False,False,False,
92,100,97,79,88,9,0,79,100.0,1.0,100.0,86.0,8.0,6.0,0.0,0.0,0.0,86.0,100.0,True,86.0,False,gemma,tpe,1.7002779,80,3.1882598,3.9425395,0.0,98,0.0068161957897245,global,"{""attn.o_proj.max_weight"": 1.4995119220119, ""attn.o_proj.max_weight_position"": 29.95128785614323, ""attn.o_proj.min_weight"": 0.3237657537011858, ""attn.o_proj.min_weight_distance"": 15.623403375926097, ""direction_index"": 23.537044728312768, ""direction_scope"": ""global"", ""mlp.down_proj.max_weight"": 1.423825124329692, ""mlp.down_proj.max_weight_position"": 33.09436113512843, ""mlp.down_proj.min_weight"": 0.11885142073940641, ""mlp.down_proj.min_weight_distance"": 8.69828873317591}",0.0068350099027156,31,31,31,23,30.90474886534972,8911703357.33995,29.975447557395096,28.57294903672819,13.651957326899536,918332214.8696272,17,17,13,9,13.806465356800956,3865063843.9329696,33.070976588864305,14.28561863272828,4.9335440573197245,384724027.3535386,31,31,31,23,44.71121422215067,22394097471.870037,30.931322164637987,24.719100089775957,18.58550138421926,2335354731.0998154,0.4156508894276571,art_0XmNBGkzsJc_ replay,False,True,False,False,False,
93,100,75,46,49,26,0,46,100.0,1.0,100.0,45.0,38.0,17.0,0.0,0.0,0.0,45.0,100.0,True,45.0,False,gemma,tpe,4.378161,27,4.9642,4.417023,0.04819277108433735,74,0.0587288625538349,per layer,"{""attn.o_proj.max_weight"": 1.3618338294961954, ""attn.o_proj.max_weight_position"": 28.88739880519932, ""attn.o_proj.min_weight"": 0.4147051372063044, ""attn.o_proj.min_weight_distance"": 15.563847620889856, ""direction_index"": 24.119814183475334, ""direction_scope"": ""per layer"", ""mlp.down_proj.max_weight"": 1.259333872519021, ""mlp.down_proj.max_weight_position"": 30.719292302902645, ""mlp.down_proj.min_weight"": 0.005424249013999127, ""mlp.down_proj.min_weight_distance"": 12.041806679235053}",0.0643094405531883,31,31,31,24,29.919915537105854,7235989520.818387,28.953743183771486,29.345931115334317,29.91991553710585,7235989520.818386,22,19,15,10,15.246158951203782,2754762393.656403,30.715433152989885,18.171361663114126,15.246158951203782,2754762393.656403,31,31,31,26,45.16607448830963,17579271569.945683,29.548415304333947,26.11520595701894,45.16607448830963,17579271569.94568,1.0,art_0XmNBGkzsJc_ replay,False,True,False,False,False,
94,100,80,50,59,21,0,50,100.0,1.0,100.0,49.0,37.0,14.0,0.0,0.0,0.0,49.0,100.0,True,49.0,False,gemma,tpe,4.021387,28,4.9560714,4.455606,0.10126582278481013,80,0.0351472608745098,per layer,"{""attn.o_proj.max_weight"": 1.2479040920438997, ""attn.o_proj.max_weight_position"": 30.698643112975592, ""attn.o_proj.min_weight"": 0.6095397140954862, ""attn.o_proj.min_weight_distance"": 19.995295356578545, ""direction_index"": 27.26103049756962, ""direction_scope"": ""per layer"", ""mlp.down_proj.max_weight"": 1.3398794426569767, ""mlp.down_proj.max_weight_position"": 32.61942394696296, ""mlp.down_proj.min_weight"": 0.001997877890056061, ""mlp.down_proj.min_weight_distance"": 9.430810364626982}",0.0401092432439327,37,37,37,37,37.76295305635488,13722625186.869448,29.373978569052664,36.38001796427479,37.76295305635488,13722625186.869446,18,16,12,8,12.642571577143755,3038544996.7758074,32.615853639773675,14.165020503976718,12.642571577143755,3038544996.7758074,37,37,37,37,50.40552463349864,24949659400.8385,30.187096534270907,31.810363496245877,50.40552463349863,24949659400.8385,1.0,art_0XmNBGkzsJc_ replay,False,True,False,False,False,
95,100,87,67,69,18,0,67,100.0,1.0,100.0,68.0,27.0,5.0,0.0,0.0,0.0,68.0,100.0,True,68.0,False,gemma,tpe,3.291559,54,4.5741687,4.8482704,0.014285714285714285,92,0.0099627701565623,per layer,"{""attn.o_proj.max_weight"": 1.3904435098921932, ""attn.o_proj.max_weight_position"": 28.361686794997265, ""attn.o_proj.min_weight"": 0.435066124558208, ""attn.o_proj.min_weight_distance"": 9.35724677933426, ""direction_index"": 20.02697840425221, ""direction_scope"": ""per layer"", ""mlp.down_proj.max_weight"": 1.456189801146856, ""mlp.down_proj.max_weight_position"": 29.748779589647924, ""mlp.down_proj.min_weight"": 0.11095305345654866, ""mlp.down_proj.min_weight_distance"": 1.5716660133627993}",0.010917111299932,18,18,18,15,18.228312143279325,2956126173.6161838,28.44840530015109,17.20936522153429,18.228312143279325,2956126173.6161838,3,3,2,2,2.5141821412123844,387377616.6873754,29.83538454867228,2.583946163410873,2.5141821412123844,387377616.68737537,18,18,18,15,20.74249428449171,4393635994.144333,28.616520012347078,15.298642782926729,20.74249428449171,4393635994.144333,1.0,art_0XmNBGkzsJc_ replay,False,False,False,False,False,
96,100,74,32,46,28,0,32,100.0,1.0,100.0,37.0,49.0,14.0,0.0,0.0,0.0,37.0,100.0,True,37.0,False,gemma,tpe,4.378034,15,4.8990164,3.5832403,0.06060606060606061,69,0.0242503006011247,global,"{""attn.o_proj.max_weight"": 1.2718897313493716, ""attn.o_proj.max_weight_position"": 28.419595813573196, ""attn.o_proj.min_weight"": 0.642189585004953, ""attn.o_proj.min_weight_distance"": 17.010645784545787, ""direction_index"": 26.06958022133516, ""direction_scope"": ""global"", ""mlp.down_proj.max_weight"": 1.040584208786117, ""mlp.down_proj.max_weight_position"": 30.66550180218407, ""mlp.down_proj.min_weight"": 0.004771928920028768, ""mlp.down_proj.min_weight_distance"": 20.50554472467738}",0.0263205282390117,34,34,34,34,35.51247100708673,10950822729.712963,28.4824943899552,33.472795008449296,15.830567883606708,1607674792.110501,35,31,22,12,21.07780144100456,4170106252.5020337,30.361627851579268,29.97219048832573,10.181004821108662,777162121.3350351,36,35,34,34,56.59027244809128,27996951200.015297,29.18240270055029,32.83975325711739,26.01157270471537,4579787194.74039,0.398900793201197,art_0XmNBGkzsJc_ replay,False,True,False,False,False,
97,100,89,69,55,34,0,69,100.0,1.0,100.0,67.0,24.0,9.0,0.0,0.0,0.0,67.0,100.0,True,67.0,False,gemma,tpe,3.127892,46,4.9884944,4.937199,0.0,90,0.0142111470922827,global,"{""attn.o_proj.max_weight"": 1.286412217331443, ""attn.o_proj.max_weight_position"": 29.28505928285068, ""attn.o_proj.min_weight"": 0.7123524981405214, ""attn.o_proj.min_weight_distance"": 12.751107195965218, ""direction_index"": 27.84245331632765, ""direction_scope"": ""global"", ""mlp.down_proj.max_weight"": 0.5479914048830572, ""mlp.down_proj.max_weight_position"": 30.495841743321698, ""mlp.down_proj.min_weight"": 0.10446408793125415, ""mlp.down_proj.min_weight_distance"": 18.61603104394969}",0.0138453412801027,26,26,26,26,28.542388944622136,7675989051.703011,29.463067564833207,25.747278637899463,15.236604099294844,2076045271.7614336,34,22,4,0,11.16043138580848,1146037519.7324724,30.26094994762953,30.04488753937688,5.8055284216116245,310236835.14014167,34,26,26,26,39.70282033043061,14113315644.399405,29.687351671429003,27.286350776424342,21.042132520906467,3941789076.598836,0.4257000766096397,art_0XmNBGkzsJc_ replay,False,False,False,False,False,
98,100,82,9,72,10,0,9,100.0,1.0,100.0,16.0,58.0,26.0,0.0,0.0,0.0,16.0,100.0,True,16.0,False,gemma,tpe,3.7666788,19,4.4132204,3.8833864,0.1523809523809524,79,0.0806011855602264,global,"{""attn.o_proj.max_weight"": 1.3590090215973143, ""attn.o_proj.max_weight_position"": 31.0734481279332, ""attn.o_proj.min_weight"": 0.7557191711314817, ""attn.o_proj.min_weight_distance"": 18.305494550441615, ""direction_index"": 23.630500204028188, ""direction_scope"": ""global"", ""mlp.down_proj.max_weight"": 1.4898383870493686, ""mlp.down_proj.max_weight_position"": 28.64911386823496, ""mlp.down_proj.min_weight"": 0.08226040573464004, ""mlp.down_proj.min_weight_distance"": 20.89653694696317}",0.0852436423301696,35,35,35,35,41.99371190566211,19136872357.925423,30.14179281359991,34.7924999158022,16.467675725143124,1207807051.3522117,40,38,30,22,33.33614567015193,7669516150.378335,28.40090342007342,33.08293983210253,14.26693586541668,890442033.664806,40,38,35,35,75.32985757581405,49473194230.4278,29.37138723623884,34.81713345289596,30.7346115905598,4090504128.664493,0.3471865295767661,art_0XmNBGkzsJc_ replay,False,True,False,True,False,
99,100,91,64,66,25,0,64,100.0,1.0,100.0,65.0,33.0,2.0,0.0,0.0,0.0,65.0,100.0,True,65.0,False,gemma,tpe,2.886626,60,4.6906962,4.784668,0.028169014084507043,90,0.0230807419866323,global,"{""attn.o_proj.max_weight"": 1.2111380418985698, ""attn.o_proj.max_weight_position"": 30.12181183395875, ""attn.o_proj.min_weight"": 0.44262169453921896, ""attn.o_proj.min_weight_distance"": 17.75336700519809, ""direction_index"": 29.864126061076785, ""direction_scope"": ""global"", ""mlp.down_proj.max_weight"": 1.4250207964753763, ""mlp.down_proj.max_weight_position"": 36.925605435572756, ""mlp.down_proj.min_weight"": 0.12130138651863437, ""mlp.down_proj.min_weight_distance"": 21.208155501214165}",0.0289950147271156,35,35,35,25,30.74971701679084,9018491301.148527,30.046092764896727,33.403420829396005,15.435847822839708,2567366832.0104094,32,30,26,22,28.75868672970261,16385940621.335869,34.24242944611618,27.777229745474,15.407956467799256,3691047389.325005,35,35,35,32,59.50840374649344,49251097009.36018,32.07406065564462,31.774168587458224,30.843804290638964,12238027442.926044,0.4522165274462917,art_0XmNBGkzsJc_ replay,False,False,False,False,False,
100,100,81,64,59,22,0,64,100.0,1.0,100.0,65.0,29.0,6.0,0.0,0.0,0.0,65.0,100.0,True,65.0,False,gemma,tpe,3.932807,37,4.8577647,4.877235,0.15492957746478872,83,0.0070229955017566,per layer,"{""attn.o_proj.max_weight"": 1.3259048662672384, ""attn.o_proj.max_weight_position"": 33.4720291611114, ""attn.o_proj.min_weight"": 0.925524432193979, ""attn.o_proj.min_weight_distance"": 12.804106057773014, ""direction_index"": 22.58530805951455, ""direction_scope"": ""per layer"", ""mlp.down_proj.max_weight"": 0.7020753258010672, ""mlp.down_proj.max_weight_position"": 45.4343842718972, ""mlp.down_proj.min_weight"": 0.24775119138151586, ""mlp.down_proj.min_weight_distance"": 7.162146245200891}",0.008055992424488,26,26,26,26,33.17016880096649,21809890920.64121,33.49890093990553,25.9867043769739,33.17016880096649,21809890920.64121,9,8,5,0,4.3887653358295005,3163806608.9809446,43.74065311561528,8.222272934694336,4.3887653358295005,3163806608.9809446,27,27,27,26,37.558934136796,38671280376.93486,34.69565074018476,26.031149943239654,37.55893413679599,38671280376.93486,1.0,art_0XmNBGkzsJc_ replay,False,True,False,False,False,
101,100,77,55,45,32,0,55,100.0,1.0,100.0,53.0,39.0,8.0,0.0,0.0,0.0,53.0,100.0,True,53.0,False,gemma,tpe,4.2064176,29,5.0148664,4.5156684,0.11538461538461539,77,0.0268982499837875,global,"{""attn.o_proj.max_weight"": 1.0961271054444788, ""attn.o_proj.max_weight_position"": 28.774346903300486, ""attn.o_proj.min_weight"": 0.7605768191856266, ""attn.o_proj.min_weight_distance"": 18.13556832812282, ""direction_index"": 28.04275969616159, ""direction_scope"": ""global"", ""mlp.down_proj.max_weight"": 1.0927639223436174, ""mlp.down_proj.max_weight_position"": 31.672075933250184, ""mlp.down_proj.min_weight"": 0.009112106153125715, ""mlp.down_proj.min_weight_distance"": 25.96858377328882}",0.029851458966732,36,36,36,36,34.77199986465027,11749378869.863054,28.53699230106586,35.78320425056719,15.149839825814588,2017498096.755792,40,36,28,16,26.39363122714252,6903179737.309624,30.02941623473428,34.46590604668327,12.48446617901742,1478865181.420087,40,37,36,36,61.16563109179278,36386787167.89816,29.18098936668416,35.90478032696902,27.634306004832005,6914637359.649965,0.3660841422331247,art_0XmNBGkzsJc_ replay,False,True,False,False,False,
102,100,92,60,87,5,0,60,100.0,1.0,100.0,60.0,28.0,12.0,0.0,0.0,0.0,60.0,100.0,True,60.0,False,gemma,tpe,2.8033135,57,3.3922904,4.7865605,0.028169014084507043,91,0.030069675296545,global,"{""attn.o_proj.max_weight"": 1.200220419116963, ""attn.o_proj.max_weight_position"": 29.67957222992165, ""attn.o_proj.min_weight"": 0.7295107153955412, ""attn.o_proj.min_weight_distance"": 21.022196888766185, ""direction_index"": 21.233159801532615, ""direction_scope"": ""global"", ""mlp.down_proj.max_weight"": 0.7491717536059366, ""mlp.down_proj.max_weight_position"": 33.95290204336869, ""mlp.down_proj.min_weight"": 0.09778112702542247, ""mlp.down_proj.min_weight_distance"": 26.13522377285239}",0.0310521610081195,39,39,39,39,40.8933116606771,14566626343.932728,28.240512220710237,38.72259991260277,14.015343593602893,554311979.1886821,39,33,19,0,18.550352014626466,4202215200.586576,30.97406488506655,34.33077260477006,6.000058899020128,145862712.4441344,39,39,39,39,59.44366367530356,34308430921.6413,29.09356132702561,38.00905125165715,20.015402492623014,1259675525.8404224,0.329618628669276,art_0XmNBGkzsJc_ replay,False,True,False,False,False,
103,100,91,76,65,26,0,76,100.0,1.0,100.0,76.0,21.0,3.0,0.0,0.0,0.0,76.0,100.0,True,76.0,False,gemma,tpe,2.8832717,63,4.768702,4.800059,0.0,92,0.0174756459891796,global,"{""attn.o_proj.max_weight"": 1.4447713859163125, ""attn.o_proj.max_weight_position"": 28.69564906559329, ""attn.o_proj.min_weight"": 0.591697935682451, ""attn.o_proj.min_weight_distance"": 26.950642886920225, ""direction_index"": 34.18426855119972, ""direction_scope"": ""global"", ""mlp.down_proj.max_weight"": 1.13762875013464, ""mlp.down_proj.max_weight_position"": 29.360507874224936, ""mlp.down_proj.min_weight"": 0.11731497757305263, ""mlp.down_proj.min_weight_distance"": 21.663129179769243}",0.0194873176515102,46,46,46,46,54.4961133689186,19252333984.612003,25.381364398592403,45.187485709796455,21.081019643983147,7592656211.702565,40,37,28,17,26.804088050446765,5475067505.489243,28.78276811302728,34.264282937262884,13.098608835592838,2587907417.219825,46,46,46,46,81.30020141936537,44590936146.26017,26.50278258778661,42.60245899350709,34.17962847957598,18830544348.22341,0.359910975652641,art_0XmNBGkzsJc_ replay,False,False,False,False,False,
104,100,99,91,97,2,0,91,100.0,1.0,100.0,92.0,5.0,3.0,0.0,0.0,0.0,92.0,100.0,True,92.0,False,gemma,tpe,1.002248,86,1.7138551,3.4065928,0.0,99,0.0018798601813614,per layer,"{""attn.o_proj.max_weight"": 1.3420167940004966, ""attn.o_proj.max_weight_position"": 32.661247979602685, ""attn.o_proj.min_weight"": 0.7936830441789311, ""attn.o_proj.min_weight_distance"": 5.931277859602102, ""direction_index"": 19.135867790773972, ""direction_scope"": ""per layer"", ""mlp.down_proj.max_weight"": 0.42323441922362737, ""mlp.down_proj.max_weight_position"": 41.61733484593664, ""mlp.down_proj.min_weight"": 0.37723393140393524, ""mlp.down_proj.min_weight_distance"": 7.571238491087877}",0.0014576709363609,12,12,12,12,14.423668303715186,4669443980.466755,32.5187873557105,11.946972723792223,14.423668303715186,4669443980.466754,13,10,0,0,4.018418560223286,1291836717.5569286,41.22462283575902,12.427167393620804,4.018418560223286,1291836717.5569286,21,20,12,12,18.44208686393847,6916160809.046524,34.4157359566676,16.213609947160645,18.44208686393847,6916160809.046523,1.0,art_0XmNBGkzsJc_ replay,False,False,False,False,False,
105,100,88,59,59,29,0,59,100.0,1.0,100.0,58.0,37.0,5.0,0.0,0.0,0.0,58.0,100.0,True,58.0,False,gemma,tpe,3.255721,51,4.8378077,4.930102,0.0,85,0.0330701284110546,global,"{""attn.o_proj.max_weight"": 1.111505699566843, ""attn.o_proj.max_weight_position"": 28.341295719954893, ""attn.o_proj.min_weight"": 0.6700123555768126, ""attn.o_proj.min_weight_distance"": 12.790133247942293, ""direction_index"": 29.882954870338253, ""direction_scope"": ""global"", ""mlp.down_proj.max_weight"": 1.0693970272226128, ""mlp.down_proj.max_weight_position"": 28.89976036475463, ""mlp.down_proj.min_weight"": 0.020653575637013852, ""mlp.down_proj.min_weight_distance"": 23.511909829168477}",0.0331767573952674,26,26,26,25,24.052728629495164,4586115007.829887,28.468022441911103,25.654255972302348,13.068994707923853,1806859510.735334,40,37,25,15,25.021450192338087,4439232635.504533,28.375814827765637,34.38596271790718,12.408778200629529,1551836482.3413646,40,37,26,26,49.07417882183325,16709429456.178291,28.421008548248786,30.407606334301367,25.47777290855338,6548405177.692336,0.3808223127971551,art_0XmNBGkzsJc_ replay,False,False,False,False,False,
106,100,73,44,50,23,0,44,100.0,1.0,100.0,48.0,38.0,14.0,0.0,0.0,0.0,48.0,100.0,True,48.0,False,gemma,tpe,4.5245743,22,5.0695357,4.204204,0.03488372093023256,74,0.0206909012049436,global,"{""attn.o_proj.max_weight"": 1.2904627791196617, ""attn.o_proj.max_weight_position"": 29.280913344831944, ""attn.o_proj.min_weight"": 0.3549353971596271, ""attn.o_proj.min_weight_distance"": 14.683383018644648, ""direction_index"": 25.429179405880205, ""direction_scope"": ""global"", ""mlp.down_proj.max_weight"": 0.971043941084707, ""mlp.down_proj.max_weight_position"": 29.778432102680643, ""mlp.down_proj.min_weight"": 5.049776674125907e-05, ""mlp.down_proj.min_weight_distance"": 19.913825144075066}",0.0245145391672849,29,29,28,19,25.50215343039442,5337787122.339105,29.13114066379465,27.033679461848944,12.94748849273692,1071810237.5495672,36,30,19,9,19.22145547727805,3048934291.4619646,29.668766410588923,29.532809527273013,9.409587098693848,579586423.6167126,36,30,29,28,44.72360890767247,16039205196.490452,29.36220317435318,28.240378364428217,22.35707559143077,3211913565.392787,0.3909529162132951,art_0XmNBGkzsJc_ replay,False,False,False,False,False,
107,100,72,63,58,14,0,63,100.0,1.0,100.0,63.0,24.0,13.0,0.0,0.0,0.0,63.0,100.0,True,63.0,False,gemma,tpe,4.4679637,34,4.898157,4.7841406,0.08333333333333333,76,0.011138510890305,per layer,"{""attn.o_proj.max_weight"": 1.3010782710045576, ""attn.o_proj.max_weight_position"": 34.13250053909758, ""attn.o_proj.min_weight"": 0.9787940765114458, ""attn.o_proj.min_weight_distance"": 15.263470139773453, ""direction_index"": 20.48349299163869, ""direction_scope"": ""per layer"", ""mlp.down_proj.max_weight"": 0.9698221489363318, ""mlp.down_proj.max_weight_position"": 46.39553134189295, ""mlp.down_proj.min_weight"": 0.055843083912555935, ""mlp.down_proj.min_weight_distance"": 8.64341638286822}",0.0105225332081317,29,29,29,29,37.349143335887206,22792371228.86685,33.01149741504407,28.998963468229267,37.349143335887206,22792371228.86685,9,8,6,3,5.443310181691469,4956000144.413034,43.99973848398908,7.83542081273464,5.443310181691468,4956000144.413034,29,29,29,29,42.79245351757868,45096320487.91855,34.409229949003546,27.80628436535733,42.79245351757868,45096320487.91855,1.0,art_0XmNBGkzsJc_ replay,False,False,True,False,False,
108,100,95,78,85,10,0,78,100.0,1.0,100.0,79.0,15.0,6.0,0.0,0.0,0.0,79.0,100.0,True,79.0,False,gemma,tpe,2.1473556,66,3.5997438,4.7234025,0.0,95,0.0062704300507903,per layer,"{""attn.o_proj.max_weight"": 1.1264409451397348, ""attn.o_proj.max_weight_position"": 36.40493893707882, ""attn.o_proj.min_weight"": 0.7813018205753159, ""attn.o_proj.min_weight_distance"": 14.936969619692503, ""direction_index"": 20.395513514283365, ""direction_scope"": ""per layer"", ""mlp.down_proj.max_weight"": 1.2028855356133856, ""mlp.down_proj.max_weight_position"": 44.85839751974031, ""mlp.down_proj.min_weight"": 5.6529137108171645e-06, ""mlp.down_proj.min_weight_distance"": 8.200206419842177}",0.0041604987345635,26,26,26,26,26.440503060727355,14387316440.765202,34.699177649169734,25.892401549216054,26.44050306072735,14387316440.7652,10,9,7,6,7.614733797542549,9262092598.31102,43.514165668450495,8.649363706434247,7.614733797542549,9262092598.31102,26,26,26,26,34.05523685826991,42711133281.37718,36.670204527494015,23.63309938379569,34.0552368582699,42711133281.37718,1.0,art_0XmNBGkzsJc_ replay,False,True,False,False,False,
109,100,75,63,51,24,0,63,100.0,1.0,100.0,63.0,29.0,8.0,0.0,0.0,0.0,63.0,100.0,True,63.0,False,gemma,tpe,4.310959,35,5.0277576,4.6529264,0.1111111111111111,79,0.0064752884209156,per layer,"{""attn.o_proj.max_weight"": 1.3727369126204703, ""attn.o_proj.max_weight_position"": 35.54441389752943, ""attn.o_proj.min_weight"": 0.9788924192122634, ""attn.o_proj.min_weight_distance"": 13.59103307515179, ""direction_index"": 18.811638837343267, ""direction_scope"": ""per layer"", ""mlp.down_proj.max_weight"": 0.7432967947007535, ""mlp.down_proj.max_weight_position"": 46.91800191893628, ""mlp.down_proj.min_weight"": 0.11470020425913616, ""mlp.down_proj.min_weight_distance"": 3.7504006333833493}",0.0101593853905797,26,26,26,26,35.32854195139005,25212902171.632164,34.510618552780976,25.99906910128488,35.32854195139005,25212902171.632164,4,3,2,0,1.949209406309477,1142977529.4224758,45.927933381474894,3.488078782769734,1.949209406309477,1142977529.4224758,26,26,26,26,37.27775135769953,32936294547.39254,35.107616404001696,25.56336047779352,37.27775135769953,32936294547.39254,1.0,art_0XmNBGkzsJc_ replay,False,False,False,False,False,
110,100,100,97,99,1,0,97,100.0,1.0,100.0,97.0,1.0,2.0,0.0,0.0,0.0,97.0,100.0,True,97.0,False,gemma,tpe,0.0,95,0.97659445,2.19827,0.0,100,0.0011667785001918,global,"{""attn.o_proj.max_weight"": 1.3556286618001085, ""attn.o_proj.max_weight_position"": 38.87356549721606, ""attn.o_proj.min_weight"": 0.7234833904110554, ""attn.o_proj.min_weight_distance"": 9.129444096919947, ""direction_index"": 19.468426234741024, ""direction_scope"": ""global"", ""mlp.down_proj.max_weight"": 1.0786246543840736, ""mlp.down_proj.max_weight_position"": 44.35410679092766, ""mlp.down_proj.min_weight"": 0.14671665264973838, ""mlp.down_proj.min_weight_distance"": 7.074133721429748}",0.0002408137952443,18,18,18,18,21.075465966568835,18082436207.48583,38.55895114208398,17.850588410642114,2.49016450102455,175701661.68211848,10,10,8,5,7.089158267209387,7567512620.85813,43.306340714946046,8.915168554215434,0.5660435468521066,42233016.92894967,18,18,18,18,28.164624233778223,45727739571.93626,39.753889720307775,16.83319930547334,3.056208047876656,339183682.80285376,0.1194648555072151,art_0XmNBGkzsJc_ replay,False,False,False,False,False,
111,100,89,75,74,15,0,75,100.0,1.0,100.0,75.0,17.0,8.0,0.0,0.0,0.0,75.0,100.0,True,75.0,False,gemma,tpe,3.099044,49,4.350105,4.919798,0.0,88,0.0049829678609967,per layer,"{""attn.o_proj.max_weight"": 1.411005875169224, ""attn.o_proj.max_weight_position"": 40.06960822753899, ""attn.o_proj.min_weight"": 0.9599725734680943, ""attn.o_proj.min_weight_distance"": 17.583144442431102, ""direction_index"": 19.21583632213111, ""direction_scope"": ""per layer"", ""mlp.down_proj.max_weight"": 0.5775498010739009, ""mlp.down_proj.max_weight_position"": 46.98724318209657, ""mlp.down_proj.min_weight"": 0.5000662332794543, ""mlp.down_proj.min_weight_distance"": 1.0413471603616555}",0.0070800692774355,25,25,25,25,34.69129610829512,26657577281.697792,35.069329525288275,24.99667314817177,34.69129610829512,26657577281.69779,2,2,1,0,0.8778273739128872,196855408.0495774,46.653901560610926,1.8269131986589784,0.877827373912887,196855408.0495774,25,25,25,25,35.569123482208,28658104355.60552,35.35523070732778,24.803339620820505,35.569123482208,28658104355.60552,1.0,art_0XmNBGkzsJc_ replay,False,True,False,False,False,
112,100,94,88,81,13,0,88,100.0,1.0,100.0,88.0,8.0,4.0,0.0,0.0,0.0,88.0,100.0,True,88.0,False,gemma,tpe,2.3809884,67,3.9655018,4.7409363,0.08333333333333333,96,0.0038805198855698,per layer,"{""attn.o_proj.max_weight"": 1.368789142031746, ""attn.o_proj.max_weight_position"": 40.01076414420729, ""attn.o_proj.min_weight"": 0.9553680808958095, ""attn.o_proj.min_weight_distance"": 14.822732259747266, ""direction_index"": 21.988276658387143, ""direction_scope"": ""per layer"", ""mlp.down_proj.max_weight"": 0.17555175482521101, ""mlp.down_proj.max_weight_position"": 44.57402450437431, ""mlp.down_proj.min_weight"": 0.6481477747938363, ""mlp.down_proj.min_weight_distance"": 1.052204043466463}",0.0051198862493038,22,22,22,22,29.564848547692627,24772128509.21204,36.55724388674789,21.996693623620697,29.564848547692627,24772128509.21204,2,0,0,0,0.2923998048341935,78006504.83189422,44.51486154430376,1.9982346356395797,0.2923998048341935,78006504.83189422,22,22,22,22,29.857248352526817,26284516694.979813,36.6351749078032,21.97364679075352,29.857248352526817,26284516694.97981,1.0,art_0XmNBGkzsJc_ replay,False,False,False,False,False,
113,100,75,55,50,25,0,55,100.0,1.0,100.0,55.0,32.0,13.0,0.0,0.0,0.0,55.0,100.0,True,55.0,False,gemma,tpe,4.334174,29,5.0449557,4.5462604,0.10256410256410256,77,0.0109977424144744,per layer,"{""attn.o_proj.max_weight"": 1.4807987675952548, ""attn.o_proj.max_weight_position"": 44.961209348886136, ""attn.o_proj.min_weight"": 0.9821193092192501, ""attn.o_proj.min_weight_distance"": 24.963501518330112, ""direction_index"": 23.630095109892707, ""direction_scope"": ""per layer"", ""mlp.down_proj.max_weight"": 0.34758007366001087, ""mlp.down_proj.max_weight_position"": 43.835748626482875, ""mlp.down_proj.min_weight"": 0.3695210382460983, ""mlp.down_proj.min_weight_distance"": 3.31890191467436}",0.0131873926147818,28,28,28,28,41.11537525700028,29893181542.243004,33.54501824716244,27.9991220669438,41.11537525700028,29893181542.243,7,3,0,0,1.6298739442331065,595863063.4952564,43.92015140265126,6.475505722882098,1.6298739442331065,595863063.4952564,28,28,28,28,42.74524920123339,37129815063.662125,33.940621489957245,27.84981331189578,42.74524920123339,37129815063.66212,1.0,art_0XmNBGkzsJc_ replay,False,False,False,False,False,
114,100,80,66,53,27,0,66,100.0,1.0,100.0,66.0,26.0,8.0,0.0,0.0,0.0,66.0,100.0,True,66.0,False,gemma,tpe,4.0717664,30,5.0603642,4.609772,0.1527777777777778,75,0.009423921816051,per layer,"{""attn.o_proj.max_weight"": 1.4410234206001804, ""attn.o_proj.max_weight_position"": 37.996298908955374, ""attn.o_proj.min_weight"": 0.9605704896272524, ""attn.o_proj.min_weight_distance"": 16.86004273056996, ""direction_index"": 21.335542642562302, ""direction_scope"": ""per layer"", ""mlp.down_proj.max_weight"": 1.0280821425400974, ""mlp.down_proj.max_weight_position"": 45.439075109456525, ""mlp.down_proj.min_weight"": 0.0290768270146564, ""mlp.down_proj.min_weight_distance"": 1.8396243632403269}",0.0079825995489954,26,26,26,26,36.85670836265554,27687994682.478443,34.55275014239,25.99705805865334,36.85670836265554,27687994682.478443,4,2,2,1,1.941909878452295,2475876558.5989933,45.43190594337404,3.0373566264417997,1.941909878452295,2475876558.5989933,26,26,26,26,38.79861824110783,40178777731.06571,35.0972628358026,25.51687561894825,38.79861824110783,40178777731.06571,1.0,art_0XmNBGkzsJc_ replay,False,False,False,False,False,
115,100,92,85,83,9,0,85,100.0,1.0,100.0,86.0,12.0,2.0,0.0,0.0,0.0,86.0,100.0,True,86.0,False,gemma,tpe,2.7137136,62,3.764514,4.816754,0.11363636363636363,93,0.0071800500154495,per layer,"{""attn.o_proj.max_weight"": 1.4795289279128974, ""attn.o_proj.max_weight_position"": 40.921664994099615, ""attn.o_proj.min_weight"": 0.8664697071699571, ""attn.o_proj.min_weight_distance"": 15.976643004292207, ""direction_index"": 19.598452698320905, ""direction_scope"": ""per layer"", ""mlp.down_proj.max_weight"": 0.8000665417782303, ""mlp.down_proj.max_weight_position"": 43.97879675156772, ""mlp.down_proj.min_weight"": 0.12595063374357676, ""mlp.down_proj.min_weight_distance"": 6.216048083182846}",0.0073173330165445,23,23,23,23,32.096472784329464,27884298006.753635,36.23548463916401,22.96025700120125,32.096472784329464,27884298006.753635,10,8,5,1,4.9679697827610605,3904590311.735584,43.31501226886927,8.601859125312076,4.9679697827610605,3904590311.735584,23,23,23,23,37.06444256709052,49637699615.99295,37.18439623487828,22.126754176552595,37.06444256709052,49637699615.99294,1.0,art_0XmNBGkzsJc_ replay,False,False,False,False,False,
0,100,77,65,73,4,0,65,80.94,0.45,100.0,69.0,16.0,15.0,0.0,0.0,0.0,69.0,100.0,True,69.0,False,gams,startup,4.2501206,42,4.4283094,4.974522,0.0,77,0.0062236124649643,global,"{""attn.o_proj.max_weight"": 1.335652908640471, ""attn.o_proj.max_weight_position"": 37.69651585109827, ""attn.o_proj.min_weight"": 0.7109502662442033, ""attn.o_proj.min_weight_distance"": 9.111903269991311, ""direction_index"": 35.28625933815789, ""direction_scope"": ""global"", ""mlp.down_proj.max_weight"": 0.7424929048243758, ""mlp.down_proj.max_weight_position"": 28.434746118394052, ""mlp.down_proj.min_weight"": 0.07349923770273847, ""mlp.down_proj.min_weight_distance"": 3.964808604651576}",0.00622361246496439,18,18,18,18,20.609793235501822,6014190026.251699,37.5327239754276,17.83623079172396,16.383296127361017,3742085488.7053766,8,6,2,0,3.1638385196413066,146857171.4387699,28.4427430927553,6.4442426328471285,1.6525530236329034,39535710.21745298,22,21,19,18,23.77363175514313,6428872429.332973,36.3230126466913,19.857432952977096,18.03584915099392,3885560235.101054,0.7130016939478437,this artifact replay,True,False,False,False,False,77.0
1,100,34,20,23,11,0,20,97.22,0.92,100.0,33.0,29.0,38.0,0.0,0.0,0.0,33.0,100.0,True,33.0,False,gams,startup,4.7608666,20,4.2246795,3.9698014,0.0,34,0.0124326534569263,per layer,"{""attn.o_proj.max_weight"": 1.1354815621704315, ""attn.o_proj.max_weight_position"": 34.62115535320629, ""attn.o_proj.min_weight"": 0.764242165311383, ""attn.o_proj.min_weight_distance"": 16.41921946254915, ""direction_index"": 28.453405052387367, ""direction_scope"": ""per layer"", ""mlp.down_proj.max_weight"": 0.3653741755405121, ""mlp.down_proj.max_weight_position"": 45.03475834526613, ""mlp.down_proj.min_weight"": 0.09070927458977673, ""mlp.down_proj.min_weight_distance"": 12.902326746679812}",0.012432653456926346,29,29,29,29,29.458442978304028,5407199339.574114,33.18773280504912,28.860591694635247,29.458442978304028,5407199339.574114,13,7,0,0,3.385039815801351,333316037.91206354,41.83253506421893,12.606942314100031,3.385039815801351,333316037.9120635,29,29,29,29,32.84348279410538,8020080756.600008,34.07871626226857,28.49185894902112,32.84348279410538,8020080756.600007,1.0,this artifact replay,True,False,False,False,False,34.0
2,100,42,5,21,21,0,5,99.93,0.98,100.0,13.0,29.0,58.0,0.0,0.0,0.0,13.0,100.0,True,13.0,False,gams,startup,4.9620056,22,4.1119266,4.1604977,0.03389830508474576,42,0.0294144935905933,per layer,"{""attn.o_proj.max_weight"": 1.4775578331732049, ""attn.o_proj.max_weight_position"": 34.884543380195495, ""attn.o_proj.min_weight"": 0.6969754975189398, ""attn.o_proj.min_weight_distance"": 24.37281080763281, ""direction_index"": 34.71555615856434, ""direction_scope"": ""per layer"", ""mlp.down_proj.max_weight"": 0.006565274291605916, ""mlp.down_proj.max_weight_position"": 39.729108589729364, ""mlp.down_proj.min_weight"": 0.844673207795607, ""mlp.down_proj.min_weight_distance"": 27.95498704977974}",0.029414493590593338,37,37,37,37,47.74899123994185,9483940744.471664,29.748669670043324,36.665983155701866,47.74899123994185,9483940744.471664,0,0,0,0,0.2207157324173241,210710.0518043774,29.988605275623488,35.90996847736497,0.2207157324173241,210710.05180437744,37,37,37,37,47.96970697235918,9573473720.83602,29.74977364933069,36.66586042914874,47.96970697235918,9573473720.836018,1.0,this artifact replay,True,False,False,False,False,42.0
3,100,98,97,97,1,0,97,77.23,0.22,100.0,97.0,0.0,3.0,0.0,0.0,0.0,97.0,100.0,True,97.0,False,gams,startup,1.4122667,96,1.6940321,1.9220487,0.0,98,0.0071907402016222,global,"{""attn.o_proj.max_weight"": 1.0453603630149255, ""attn.o_proj.max_weight_position"": 43.08811714273638, ""attn.o_proj.min_weight"": 0.025295045763543023, ""attn.o_proj.min_weight_distance"": 7.208090165205651, ""direction_index"": 26.71310013858545, ""direction_scope"": ""global"", ""mlp.down_proj.max_weight"": 0.4420294874368681, ""mlp.down_proj.max_weight_position"": 45.939562830681275, ""mlp.down_proj.min_weight"": 0.8599730716237928, ""mlp.down_proj.min_weight_distance"": 25.95947442584456}",0.007190740201622248,11,10,7,5,7.122913581431355,2080589813.881938,42.607768961441664,9.6808253176646,2.157548111775065,178394822.1734562,28,28,0,0,11.540998890468988,933064222.3540604,33.87122489206866,27.94086084588317,5.642854392390276,163720850.18191096,28,28,11,9,18.663912471900343,5317558462.100304,37.20544800848119,21.52057582838504,7.800402504165341,545271155.5761802,0.4950560672793899,this artifact replay,True,False,False,False,False,98.0
4,100,34,2,17,17,0,2,99.99,0.99,100.0,16.0,30.0,54.0,0.0,0.0,0.0,16.0,100.0,True,16.0,False,gams,startup,4.805413,17,3.8023736,3.7939792,0.0,34,0.0336260646581649,per layer,"{""attn.o_proj.max_weight"": 1.1596435395178182, ""attn.o_proj.max_weight_position"": 37.001544310281716, ""attn.o_proj.min_weight"": 0.5936196427925672, ""attn.o_proj.min_weight_distance"": 24.971202538573625, ""direction_index"": 23.64189846648339, ""direction_scope"": ""per layer"", ""mlp.down_proj.max_weight"": 0.7501686670348249, ""mlp.down_proj.max_weight_position"": 31.002229609718214, ""mlp.down_proj.min_weight"": 0.8836282415397444, ""mlp.down_proj.min_weight_distance"": 5.157938515594083}",0.03362606465816498,35,35,35,32,33.88752925735045,5725483998.815957,31.13072367278321,34.37149048986517,33.88752925735045,5725483998.815956,11,11,11,1,7.744065637818802,602035801.9371897,31.000146187902413,10.983742712390857,7.744065637818802,602035801.9371898,35,35,35,32,41.63159489516926,8151732792.932185,31.10643441323684,31.46855742447296,41.63159489516926,8151732792.932184,1.0,this artifact replay,True,False,False,False,False,34.0
5,100,97,96,97,0,0,96,77.32,0.23,100.0,97.0,1.0,2.0,0.0,0.0,0.0,97.0,100.0,True,97.0,False,gams,startup,1.730924,96,1.730924,1.9509776,0.0,97,0.0034280407708138,per layer,"{""attn.o_proj.max_weight"": 1.4601656453219194, ""attn.o_proj.max_weight_position"": 33.82298020957671, ""attn.o_proj.min_weight"": 0.4071242335307148, ""attn.o_proj.min_weight_distance"": 8.121191221355227, ""direction_index"": 18.863406288820105, ""direction_scope"": ""per layer"", ""mlp.down_proj.max_weight"": -0.19971559904867744, ""mlp.down_proj.max_weight_position"": 38.52685927279809, ""mlp.down_proj.min_weight"": 0.6640400492774723, ""mlp.down_proj.min_weight_distance"": 9.86309545749661}",0.0034280407708138227,16,16,16,13,16.54042494429521,2692213294.684272,33.63321566953142,15.138180131919798,16.54042494429521,2692213294.684272,0,0,0,0,0.0,0.0,,0.0,0.0,0.0,16,16,16,13,16.54042494429521,2692213294.684272,33.63321566953142,15.138180131919798,16.54042494429521,2692213294.684272,1.0,this artifact replay,True,False,False,False,False,97.0
6,100,29,10,17,12,0,10,99.24,0.96,100.0,36.0,32.0,32.0,0.0,0.0,0.0,36.0,100.0,True,36.0,False,gams,startup,4.432185,16,3.7615898,3.6424825,0.0,29,0.0202257949858903,global,"{""attn.o_proj.max_weight"": 1.2832623221092714, ""attn.o_proj.max_weight_position"": 34.28813205531377, ""attn.o_proj.min_weight"": 0.6920298921817408, ""attn.o_proj.min_weight_distance"": 19.32885295222423, ""direction_index"": 29.901351072329795, ""direction_scope"": ""global"", ""mlp.down_proj.max_weight"": 0.5596493700635686, ""mlp.down_proj.max_weight_position"": 28.40787547445878, ""mlp.down_proj.min_weight"": 0.7604160891076248, ""mlp.down_proj.min_weight_distance"": 26.952401878822062}",0.02022579498589039,33,33,33,33,36.56096508582683,6715841797.073265,31.49376334071682,32.68908552778984,19.186746307579227,2145733823.081339,46,46,24,0,23.036267878768484,1316893113.186953,24.94200458839176,45.76726695721812,8.842866312941553,421036378.8470665,46,46,33,33,59.597232964595314,13973127171.937033,28.961295603745075,39.2846477576645,28.02961262052078,4465244037.063512,0.3664658534500413,this artifact replay,True,False,False,False,False,29.0
7,100,31,1,6,25,0,1,100.0,1.0,100.0,5.0,13.0,82.0,0.0,0.0,0.0,5.0,100.0,True,5.0,False,gams,startup,4.6523757,7,2.4048176,2.5826943,0.0,31,0.1687384247779846,per layer,"{""attn.o_proj.max_weight"": 1.3058603245031022, ""attn.o_proj.max_weight_position"": 29.356814435097565, ""attn.o_proj.min_weight"": 0.4259316201493918, ""attn.o_proj.min_weight_distance"": 18.9284332033305, ""direction_index"": 20.998510387591697, ""direction_scope"": ""per layer"", ""mlp.down_proj.max_weight"": 1.2306890494321627, ""mlp.down_proj.max_weight_position"": 31.39010548214005, ""mlp.down_proj.min_weight"": 0.4726418364688967, ""mlp.down_proj.min_weight_distance"": 16.34098984990031}",0.16873842477798462,37,37,37,28,34.757925592595825,4293806036.9836855,29.13904659524229,35.21541009826653,34.757925592595825,4293806036.9836855,32,32,32,24,29.214516019012137,4082806118.280984,31.461753390061865,30.76212750299185,29.214516019012137,4082806118.280984,37,37,37,32,63.97244161160796,16735974413.221489,30.199765135214545,33.66470784825742,63.97244161160796,16735974413.221483,1.0,this artifact replay,True,False,False,False,False,31.0
8,100,84,75,82,2,0,75,80.54,0.42,100.0,76.0,13.0,11.0,0.0,0.0,0.0,76.0,100.0,True,76.0,False,gams,startup,3.6252122,79,3.8173907,4.0803514,0.0,84,0.0041374433785676,per layer,"{""attn.o_proj.max_weight"": 1.0409743294973834, ""attn.o_proj.max_weight_position"": 43.93091813775781, ""attn.o_proj.min_weight"": 0.8389928586602876, ""attn.o_proj.min_weight_distance"": 1.2604236952408097, ""direction_index"": 30.39539790086107, ""direction_scope"": ""per layer"", ""mlp.down_proj.max_weight"": 1.0276447640986017, ""mlp.down_proj.max_weight_position"": 44.8299102869405, ""mlp.down_proj.min_weight"": 0.3670353389460309, ""mlp.down_proj.min_weight_distance"": 10.863314402762901}",0.004137443378567696,3,3,3,3,2.8477877141053507,1291896265.7979307,43.9935485844001,2.988519857090981,2.847787714105351,1291896265.7979307,14,14,11,7,10.33698849914565,2901500726.379792,41.57095830686435,13.00324924396833,10.33698849914565,2901500726.379792,14,14,11,7,13.184776213251002,6838598319.520309,42.0942150324312,10.559783090585986,13.184776213251002,6838598319.520309,1.0,this artifact replay,True,False,False,False,False,84.0
9,100,90,88,89,1,0,88,80.1,0.36,100.0,90.0,5.0,5.0,0.0,0.0,0.0,90.0,100.0,True,90.0,False,gams,startup,2.963828,85,3.0847166,3.5219202,0.0,90,0.0041562570258975,per layer,"{""attn.o_proj.max_weight"": 0.974699802673833, ""attn.o_proj.max_weight_position"": 32.78000784494932, ""attn.o_proj.min_weight"": 0.07874977488223855, ""attn.o_proj.min_weight_distance"": 3.9242191064593097, ""direction_index"": 26.039046006841954, ""direction_scope"": ""per layer"", ""mlp.down_proj.max_weight"": 0.4307450670267685, ""mlp.down_proj.max_weight_position"": 39.25037951458715, ""mlp.down_proj.min_weight"": 0.48952950933232975, ""mlp.down_proj.min_weight_distance"": 11.632205261315393}",0.004156257025897503,8,6,4,2,4.13646783402878,287390242.86310995,32.747831078828135,6.348397412908146,4.13646783402878,287390242.86310995,20,18,0,0,6.667871882678147,591046780.234196,37.990545397207455,19.389730037200614,6.667871882678147,591046780.2341958,20,19,7,5,10.804339716706927,1168854596.4703686,35.983359422904535,15.492492618038222,10.804339716706927,1168854596.4703686,1.0,this artifact replay,True,False,False,False,False,90.0
10,100,92,91,91,1,0,91,80.16,0.32,100.0,93.0,3.0,4.0,0.0,0.0,0.0,93.0,100.0,True,93.0,False,gams,startup,2.6667647,86,2.810022,3.384924,0.0,92,0.0032265335321426,per layer,"{""attn.o_proj.max_weight"": 1.1535209660475816, ""attn.o_proj.max_weight_position"": 36.405084252854266, ""attn.o_proj.min_weight"": 0.5045441725825995, ""attn.o_proj.min_weight_distance"": 7.2465938310708236, ""direction_index"": 33.80360645824462, ""direction_scope"": ""per layer"", ""mlp.down_proj.max_weight"": 0.1420199015897604, ""mlp.down_proj.max_weight_position"": 44.30818832919783, ""mlp.down_proj.min_weight"": 0.599468715310531, ""mlp.down_proj.min_weight_distance"": 19.678844000856213}",0.003226533532142639,14,14,14,10,12.284799915396674,2280474140.8417234,36.47014185816702,13.560826512423912,12.284799915396674,2280474140.8417234,18,0,0,0,2.68475828594996,81491490.13913774,36.97598808733779,22.496852517849327,2.68475828594996,81491490.13913774,18,14,14,13,14.969558201346633,2996975558.820062,36.56086429879728,15.581174791338562,14.969558201346633,2996975558.820062,1.0,this artifact replay,True,False,False,False,False,92.0
11,100,98,97,97,1,0,97,75.75,0.2,100.0,98.0,0.0,2.0,0.0,0.0,0.0,98.0,100.0,True,98.0,False,gams,startup,1.4122667,96,1.6940321,1.9220487,0.0,98,0.0026678955182433,per layer,"{""attn.o_proj.max_weight"": 0.9302495731712805, ""attn.o_proj.max_weight_position"": 32.17963361875723, ""attn.o_proj.min_weight"": 0.43707090665945725, ""attn.o_proj.min_weight_distance"": 5.5636172733736355, ""direction_index"": 27.749509133815764, ""direction_scope"": ""per layer"", ""mlp.down_proj.max_weight"": 1.2888098647606268, ""mlp.down_proj.max_weight_position"": 39.28875554069061, ""mlp.down_proj.min_weight"": 0.2920482015124508, ""mlp.down_proj.min_weight_distance"": 2.5170793011560244}",0.002667895518243313,11,11,9,4,7.392146563895244,585983240.3758683,32.068617395835666,10.484785755934384,7.392146563895244,585983240.3758683,5,5,4,3,4.164440362108495,1022393875.396253,39.15080667764008,4.566287551450756,4.164440362108495,1022393875.396253,15,15,14,8,11.55658692600374,1701307787.83948,34.620699172755,14.136810670294404,11.55658692600374,1701307787.83948,1.0,this artifact replay,True,False,False,False,False,98.0
12,100,37,2,15,22,0,2,100.0,1.0,100.0,7.0,30.0,63.0,0.0,0.0,0.0,7.0,100.0,True,7.0,False,gams,startup,4.8545594,14,3.6724906,3.5540278,0.015625,37,0.1233812719583511,per layer,"{""attn.o_proj.max_weight"": 0.8332876454127116, ""attn.o_proj.max_weight_position"": 39.76311779302705, ""attn.o_proj.min_weight"": 0.990646778214411, ""attn.o_proj.min_weight_distance"": 26.154464997110523, ""direction_index"": 32.39548365430694, ""direction_scope"": ""per layer"", ""mlp.down_proj.max_weight"": 0.8967944773623366, ""mlp.down_proj.max_weight_position"": 33.356490818881134, ""mlp.down_proj.min_weight"": 0.38644126852553917, ""mlp.down_proj.min_weight_distance"": 24.23166313152547}",0.12338127195835114,34,34,34,34,28.220110104818083,3580395368.435749,30.52546185257401,33.99973450543539,28.220110104818083,3580395368.435749,38,38,32,13,25.345752453645662,2730403453.0862465,30.035828224502318,36.25938322985655,25.345752453645662,2730403453.0862465,38,38,34,34,53.56586255846375,12522051034.56936,30.29378197032548,35.6133596883136,53.56586255846375,12522051034.569365,1.0,this artifact replay,True,True,False,False,False,37.0
13,100,40,3,17,23,0,3,100.0,0.99,100.0,19.0,28.0,53.0,0.0,0.0,0.0,19.0,100.0,True,19.0,False,gams,startup,4.8503757,18,3.7900636,3.9521518,0.03225806451612903,40,0.129289910197258,per layer,"{""attn.o_proj.max_weight"": 0.9363783810360451, ""attn.o_proj.max_weight_position"": 41.56471237332608, ""attn.o_proj.min_weight"": 0.4562498346577709, ""attn.o_proj.min_weight_distance"": 21.938357853094445, ""direction_index"": 26.61376943579272, ""direction_scope"": ""per layer"", ""mlp.down_proj.max_weight"": 1.0268663580579784, ""mlp.down_proj.max_weight_position"": 29.973757281833382, ""mlp.down_proj.min_weight"": 0.20594758811356462, ""mlp.down_proj.min_weight_distance"": 26.445093082979383}",0.129289910197258,28,28,25,14,20.16036033126549,3531580148.145521,35.11689982693147,26.79250459829948,20.160360331265487,3531580148.145521,44,43,35,18,29.648681766792134,2771921659.790229,27.72104111100261,39.817602138625794,29.648681766792134,2771921659.790229,44,43,35,28,49.80904209805763,12267416492.930202,30.714537279403537,36.03658500706677,49.80904209805762,12267416492.930202,1.0,this artifact replay,True,False,False,False,False,40.0
14,100,43,15,25,18,0,15,99.67,0.96,100.0,46.0,27.0,27.0,0.0,0.0,0.0,46.0,100.0,True,46.0,False,gams,startup,4.9947658,24,4.375794,4.307392,0.01818181818181818,43,0.0204478166997432,global,"{""attn.o_proj.max_weight"": 0.835885835595857, ""attn.o_proj.max_weight_position"": 37.89984032276931, ""attn.o_proj.min_weight"": 0.8163433096299509, ""attn.o_proj.min_weight_distance"": 25.944772312759888, ""direction_index"": 39.943257682984225, ""direction_scope"": ""global"", ""mlp.down_proj.max_weight"": 1.3525950736771932, ""mlp.down_proj.max_weight_position"": 40.64798337499344, ""mlp.down_proj.min_weight"": 0.2406625355262717, ""mlp.down_proj.min_weight_distance"": 25.27903618893159}",0.02044781669974327,36,36,36,24,27.758228110828124,3341661913.6844687,30.038014923881523,35.876509400768605,13.725606225436902,2210297234.8548856,32,32,28,22,29.482655700293137,6991303658.023623,34.373851214727694,28.843787679641785,18.85371717930937,5035933418.115228,36,36,36,32,57.24088381112127,19910244680.746246,32.27124334428228,33.30949198072297,32.57932340474627,13900939376.720827,0.4751072796637097,this artifact replay,True,True,False,False,False,43.0
15,100,38,12,20,18,0,12,99.92,0.99,100.0,31.0,36.0,33.0,0.0,0.0,0.0,31.0,100.0,True,31.0,False,gams,startup,4.7671866,17,3.9281843,3.7028983,0.0,38,0.1032360643148422,per layer,"{""attn.o_proj.max_weight"": 0.8964048973096775, ""attn.o_proj.max_weight_position"": 31.05792147852202, ""attn.o_proj.min_weight"": 0.8520826582144962, ""attn.o_proj.min_weight_distance"": 2.3455480307323677, ""direction_index"": 29.424054714437975, ""direction_scope"": ""per layer"", ""mlp.down_proj.max_weight"": 1.0991098142655695, ""mlp.down_proj.max_weight_position"": 30.691762425024322, ""mlp.down_proj.min_weight"": 0.17895748144278678, ""mlp.down_proj.min_weight_distance"": 19.028140495524873}",0.10323606431484222,5,5,5,5,4.139570186926852,299366201.0473881,31.004745856721478,4.987550037998534,4.139570186926852,299366201.0473881,36,35,25,15,24.136531453787324,2401030058.373237,30.25734101476721,31.625662868446536,24.136531453787324,2401030058.373237,36,35,25,15,28.27610164071417,3452346582.0943704,30.36675973311217,26.23733354280097,28.27610164071417,3452346582.09437,1.0,this artifact replay,True,False,False,False,False,38.0
16,100,48,24,31,17,0,24,98.82,0.92,100.0,43.0,33.0,24.0,0.0,0.0,0.0,43.0,100.0,True,43.0,False,gams,startup,4.910212,27,4.600772,4.3614984,0.0,48,0.0177417732775211,per layer,"{""attn.o_proj.max_weight"": 1.0680706940417368, ""attn.o_proj.max_weight_position"": 41.50794319650778, ""attn.o_proj.min_weight"": 0.3200605367444218, ""attn.o_proj.min_weight_distance"": 13.682071495133789, ""direction_index"": 36.5128017103479, ""direction_scope"": ""per layer"", ""mlp.down_proj.max_weight"": 1.4729156469167977, ""mlp.down_proj.max_weight_position"": 34.638401305588324, ""mlp.down_proj.min_weight"": 0.8308376794396154, ""mlp.down_proj.min_weight_distance"": 6.4386081250546505}",0.017741773277521133,20,20,17,12,15.200938518191002,3629158397.997519,38.82222605278045,18.582853807688448,15.200938518191,3629158397.997519,13,13,13,13,17.508590502916466,4010299634.808896,34.966432849533255,12.96241186740508,17.508590502916466,4010299634.808896,20,20,19,19,32.70952902110747,12478668501.446426,36.75831665756966,17.446296146848592,32.709529021107464,12478668501.446426,1.0,this artifact replay,True,False,False,False,False,48.0
17,100,29,3,11,18,0,3,100.0,1.0,100.0,20.0,27.0,53.0,0.0,0.0,0.0,20.0,100.0,True,20.0,False,gams,startup,4.4931517,11,3.134759,3.178613,0.0,29,0.1326872408390045,per layer,"{""attn.o_proj.max_weight"": 1.357875759158727, ""attn.o_proj.max_weight_position"": 40.34015137299733, ""attn.o_proj.min_weight"": 0.7852726966760378, ""attn.o_proj.min_weight_distance"": 17.95377962723959, ""direction_index"": 41.73418954369566, ""direction_scope"": ""per layer"", ""mlp.down_proj.max_weight"": 1.1033095976232539, ""mlp.down_proj.max_weight_position"": 29.7607390164875, ""mlp.down_proj.min_weight"": 0.2733348089322023, ""mlp.down_proj.min_weight_distance"": 20.952519265995765}",0.13268724083900452,25,25,25,25,30.94665210010669,8348562114.013648,35.41082922643518,24.88900302166441,30.94665210010669,8348562114.013648,39,39,32,18,28.36299009413971,2803332388.7194896,28.900602966392025,35.718898757526674,28.36299009413971,2803332388.719489,39,39,34,27,59.30964219424639,20366506799.69492,32.29751617828928,31.56424880239308,59.30964219424639,20366506799.694912,1.0,this artifact replay,True,False,False,False,False,29.0
18,100,41,15,30,11,0,15,99.78,0.97,100.0,42.0,29.0,29.0,0.0,0.0,0.0,42.0,100.0,True,42.0,False,gams,startup,4.8747196,24,4.5368648,4.2661667,0.0,41,0.0370078682899475,per layer,"{""attn.o_proj.max_weight"": 1.4600845769373272, ""attn.o_proj.max_weight_position"": 33.52774624456928, ""attn.o_proj.min_weight"": 0.17645082631373987, ""attn.o_proj.min_weight_distance"": 2.6756619473540098, ""direction_index"": 41.696778913113974, ""direction_scope"": ""per layer"", ""mlp.down_proj.max_weight"": 1.0094260421633905, ""mlp.down_proj.max_weight_position"": 37.549418241265904, ""mlp.down_proj.min_weight"": 0.030912815971094743, ""mlp.down_proj.min_weight_distance"": 21.724298238503227}",0.03700786828994751,6,6,4,4,4.715877297360818,549447175.5150299,33.52379690790359,4.9252887710812985,4.715877297360818,549447175.5150299,30,27,21,12,19.12648364482453,3087583275.197592,34.969894236524674,26.293241305919967,19.12648364482453,3087583275.197591,30,27,21,13,23.84236094218535,4617203330.354998,34.6838647791922,21.664206004275872,23.84236094218535,4617203330.354998,1.0,this artifact replay,True,False,False,False,False,41.0
19,100,53,23,40,13,0,23,95.72,0.85,99.0,41.0,32.0,26.0,0.0,0.0,0.0,41.41414141414141,99.0,True,41.41414141414141,False,gams,startup,5.0452023,35,4.9352646,4.8170156,0.0,53,0.0264712255448102,per layer,"{""attn.o_proj.max_weight"": 1.0561482615563043, ""attn.o_proj.max_weight_position"": 38.67596705702728, ""attn.o_proj.min_weight"": 0.3865526361074135, ""attn.o_proj.min_weight_distance"": 7.083439272377054, ""direction_index"": 39.2749781381899, ""direction_scope"": ""per layer"", ""mlp.down_proj.max_weight"": 0.4170801968458937, ""mlp.down_proj.max_weight_position"": 35.16049684344917, ""mlp.down_proj.min_weight"": 0.5087476340557078, ""mlp.down_proj.min_weight_distance"": 21.90193227494506}",0.026471225544810295,14,14,12,7,10.304258883398958,2149344725.47038,38.57653651927352,13.179557094590251,10.304258883398958,2149344725.47038,34,30,0,0,11.275030585519572,656218616.3419019,31.589296667361992,33.0911083835526,11.275030585519572,656218616.341902,34,30,14,14,21.579289468918528,4851619769.377023,34.92575167058166,23.6293939683352,21.579289468918528,4851619769.377024,1.0,this artifact replay,True,False,False,False,False,53.0
20,100,94,94,94,0,0,94,77.22,0.26,100.0,96.0,0.0,4.0,0.0,0.0,0.0,96.0,100.0,True,96.0,False,gams,startup,2.3948584,93,2.3948584,2.553098,0.0,94,0.0032461946830153,per layer,"{""attn.o_proj.max_weight"": 1.1320628827291712, ""attn.o_proj.max_weight_position"": 43.06944420155723, ""attn.o_proj.min_weight"": 0.2969240942165984, ""attn.o_proj.min_weight_distance"": 13.772615878159286, ""direction_index"": 31.75517326576601, ""direction_scope"": ""per layer"", ""mlp.down_proj.max_weight"": -0.03885969144083759, ""mlp.down_proj.max_weight_position"": 35.886245912624645, ""mlp.down_proj.min_weight"": 0.9511417312161701, ""mlp.down_proj.min_weight_distance"": 10.434823064679618}",0.0032461946830153465,18,18,15,11,14.50016087133204,4007087446.043958,39.84865102775796,16.64026656298986,14.50016087133204,4007087446.043958,0,0,0,0,0.0,0.0,,0.0,0.0,0.0,18,18,15,11,14.50016087133204,4007087446.043958,39.84865102775796,16.64026656298986,14.50016087133204,4007087446.043958,1.0,this artifact replay,True,True,False,False,False,94.0
21,100,76,62,73,3,0,62,85.62,0.5,100.0,69.0,17.0,14.0,0.0,0.0,0.0,69.0,100.0,True,69.0,False,gams,startup,4.225689,70,4.428367,4.605634,0.0,76,0.0069267521612346,global,"{""attn.o_proj.max_weight"": 1.4301949665423357, ""attn.o_proj.max_weight_position"": 36.392552533792326, ""attn.o_proj.min_weight"": 0.9810916982268031, ""attn.o_proj.min_weight_distance"": 17.49396062880361, ""direction_index"": 39.6387281607985, ""direction_scope"": ""global"", ""mlp.down_proj.max_weight"": 0.08698658194620307, ""mlp.down_proj.max_weight_position"": 39.93273278992113, ""mlp.down_proj.min_weight"": 0.013363461805310672, ""mlp.down_proj.min_weight_distance"": 24.63249457778986}",0.006926752161234617,29,29,29,29,41.13287118559451,10411855374.787098,33.02629651763393,28.999206365464445,24.31601309027034,6862131393.011929,0,0,0,0,1.6445082568927545,25972605.3050237,35.65067011776016,25.828134781632347,1.1493178219026725,19345077.902455863,29,29,29,29,42.77737944248727,11457256391.913313,33.12718638304472,29.01799615081237,25.46533091217301,7605614244.835025,0.5379889224465987,this artifact replay,True,False,False,False,False,76.0
22,100,98,97,97,1,0,97,76.87,0.26,100.0,98.0,0.0,2.0,0.0,0.0,0.0,98.0,100.0,True,98.0,False,gams,startup,1.4122667,92,1.6940321,2.7067559,0.0,98,0.0023509168531745,global,"{""attn.o_proj.max_weight"": 1.2974141969457884, ""attn.o_proj.max_weight_position"": 35.201739466843364, ""attn.o_proj.min_weight"": 0.6040786281758774, ""attn.o_proj.min_weight_distance"": 8.36714298013477, ""direction_index"": 35.24217725632163, ""direction_scope"": ""global"", ""mlp.down_proj.max_weight"": 0.6095923779483639, ""mlp.down_proj.max_weight_position"": 41.99575096402623, ""mlp.down_proj.min_weight"": 0.20133045996383636, ""mlp.down_proj.min_weight_distance"": 2.575567862052804}",0.0023509168531745672,17,17,17,17,17.623446251571117,3435316503.3472795,35.05059911581541,16.649524217048725,13.902354905944266,2398045158.886841,5,3,1,0,1.9129710686778425,315458572.0142268,41.9974807752825,4.400596864254918,1.434941290515264,176146065.79584813,18,17,17,17,19.53641732024896,4842618759.456165,35.73082535250187,16.960082580020515,15.33729619645953,3201270912.0734167,0.7638365775834133,this artifact replay,True,True,False,False,False,98.0
23,100,75,61,69,6,0,61,86.3,0.54,100.0,66.0,20.0,14.0,0.0,0.0,0.0,66.0,100.0,True,66.0,False,gams,startup,4.2414145,65,4.6123695,4.764934,0.0,75,0.0076687252148985,per layer,"{""attn.o_proj.max_weight"": 1.2695143510990616, ""attn.o_proj.max_weight_position"": 46.323568474295556, ""attn.o_proj.min_weight"": 0.90235766846125, ""attn.o_proj.min_weight_distance"": 5.115577405065065, ""direction_index"": 30.283982495084192, ""direction_scope"": ""per layer"", ""mlp.down_proj.max_weight"": 0.9524147209894394, ""mlp.down_proj.max_weight_position"": 39.06705437907602, ""mlp.down_proj.min_weight"": 0.8243785882114625, ""mlp.down_proj.min_weight_distance"": 6.790762780069242}",0.007668725214898586,6,6,6,6,7.319176862450786,3542729360.208952,44.54673983578674,5.995165941186981,7.319176862450785,3542729360.208952,13,13,13,13,11.345230695230653,2830532007.6873007,39.00611431921107,12.963513707368907,11.345230695230653,2830532007.687301,15,15,15,15,18.66440755768144,10057307155.839275,41.178849669052674,12.92091715340634,18.66440755768144,10057307155.839275,1.0,this artifact replay,True,False,False,False,False,75.0
24,100,97,97,97,0,0,97,74.22,0.16,100.0,97.0,0.0,3.0,0.0,0.0,0.0,97.0,100.0,True,97.0,False,gams,startup,1.6940321,96,1.6940321,1.9220487,0.0,97,0.0038261217996478,global,"{""attn.o_proj.max_weight"": 1.0653373327811184, ""attn.o_proj.max_weight_position"": 39.62961230431494, ""attn.o_proj.min_weight"": 0.42216158144331806, ""attn.o_proj.min_weight_distance"": 5.990235170259625, ""direction_index"": 26.55538795597595, ""direction_scope"": ""global"", ""mlp.down_proj.max_weight"": 0.2706335441484039, ""mlp.down_proj.max_weight_position"": 28.630584969863552, ""mlp.down_proj.min_weight"": 0.3125834217850647, ""mlp.down_proj.min_weight_distance"": 24.032689582597857}",0.003826121799647808,12,12,11,6,9.08446999754486,2145315684.7854464,39.552783577815966,11.384594593455589,3.064265238369291,227644299.0839384,41,6,0,0,8.005511358281197,185332510.77113423,27.16958779920436,40.09680488321052,3.3445088917994017,48026453.21147119,41,18,12,10,17.089981355826055,3295163712.234127,33.75208594137883,23.88445041621828,6.408774130168693,380364259.5998368,0.3526987272091381,this artifact replay,True,False,False,False,False,97.0
25,100,90,87,89,1,0,87,79.49,0.31,100.0,90.0,5.0,5.0,0.0,0.0,0.0,90.0,100.0,True,90.0,False,gams,startup,2.9968667,86,3.132102,3.4456513,0.0,90,0.0049168574623763,per layer,"{""attn.o_proj.max_weight"": 1.2247167280938642, ""attn.o_proj.max_weight_position"": 35.26442724278242, ""attn.o_proj.min_weight"": 0.15826000240125515, ""attn.o_proj.min_weight_distance"": 12.831610330048825, ""direction_index"": 40.36854733102791, ""direction_scope"": ""per layer"", ""mlp.down_proj.max_weight"": 1.2800055138030604, ""mlp.down_proj.max_weight_position"": 31.291068057743274, ""mlp.down_proj.min_weight"": 0.7633169188677613, ""mlp.down_proj.min_weight_distance"": 1.161761637891793}",0.004916857462376356,25,24,18,12,18.063616071583063,2877610335.4835653,35.18346725049671,21.5382462919614,18.063616071583063,2877610335.4835653,2,2,2,2,2.299238388028414,213209697.2096168,31.476303573236223,1.995517902031136,2.299238388028414,213209697.2096168,25,24,18,12,20.36285445961148,3431417649.955329,34.76487893055523,18.82097454897257,20.36285445961148,3431417649.955329,1.0,this artifact replay,True,True,False,False,False,90.0
26,100,41,16,29,12,0,16,99.83,0.98,99.0,32.0,37.0,30.0,0.0,0.0,0.0,32.323232323232325,99.0,True,32.323232323232325,False,gams,startup,4.8796253,26,4.484546,4.342343,0.0,41,0.0217432789504528,per layer,"{""attn.o_proj.max_weight"": 1.4798153967528422, ""attn.o_proj.max_weight_position"": 45.4801264601527, ""attn.o_proj.min_weight"": 0.9004760203170599, ""attn.o_proj.min_weight_distance"": 14.877065247721916, ""direction_index"": 27.896474918780825, ""direction_scope"": ""per layer"", ""mlp.down_proj.max_weight"": 0.4038972763468962, ""mlp.down_proj.max_weight_position"": 36.11460301543343, ""mlp.down_proj.min_weight"": 0.3617287958676807, ""mlp.down_proj.min_weight_distance"": 21.835880810362525}",0.021743278950452805,17,17,17,17,24.02591422646798,9167820188.605028,39.15509295745048,16.982641296343786,24.02591422646798,9167820188.605026,33,24,0,0,9.807323337810004,574395979.2139816,32.622404451327604,31.266292494126105,9.807323337810004,574395979.2139816,33,24,17,17,33.83323756427798,14049258434.674494,37.26144655949574,21.29675604822205,33.83323756427798,14049258434.674494,1.0,this artifact replay,True,True,False,False,False,41.0
27,100,55,30,44,11,0,30,97.17,0.87,100.0,50.0,30.0,20.0,0.0,0.0,0.0,50.0,100.0,True,50.0,False,gams,startup,4.930267,36,4.8460574,4.752006,0.0,55,0.0189468804746866,per layer,"{""attn.o_proj.max_weight"": 0.8841911092814221, ""attn.o_proj.max_weight_position"": 44.7696738560775, ""attn.o_proj.min_weight"": 0.9826922047808109, ""attn.o_proj.min_weight_distance"": 1.9872512057422949, ""direction_index"": 30.696732416876323, ""direction_scope"": ""per layer"", ""mlp.down_proj.max_weight"": 1.1158612901502984, ""mlp.down_proj.max_weight_position"": 31.680250051903112, ""mlp.down_proj.min_weight"": 0.36061925630007785, ""mlp.down_proj.min_weight_distance"": 6.525592109183158}",0.018946880474686623,4,4,4,4,3.505961288314204,1533346117.393969,44.50236933703376,3.999900354792502,3.505961288314204,1533346117.393969,13,13,11,7,9.87926672955382,899004196.8331856,31.8513773837021,12.120708822912924,9.87926672955382,899004196.8331856,17,17,15,11,13.385228017868023,2432350314.2271547,35.16502194679411,16.10415980721613,13.385228017868023,2432350314.2271547,1.0,this artifact replay,True,False,False,False,False,55.0
28,100,97,96,96,1,0,96,73.66,0.17,100.0,96.0,1.0,3.0,0.0,0.0,0.0,96.0,100.0,True,96.0,False,gams,startup,1.730924,95,1.968862,2.1550605,0.0,97,0.0038126420695334,global,"{""attn.o_proj.max_weight"": 1.216354793845631, ""attn.o_proj.max_weight_position"": 30.446878814462707, ""attn.o_proj.min_weight"": 0.4682292310071259, ""attn.o_proj.min_weight_distance"": 13.113413698291042, ""direction_index"": 20.233554755242718, ""direction_scope"": ""global"", ""mlp.down_proj.max_weight"": 0.7445587739129004, ""mlp.down_proj.max_weight_position"": 42.91065678546928, ""mlp.down_proj.min_weight"": 0.343805421517836, ""mlp.down_proj.min_weight_distance"": 14.842234172539836}",0.0038126420695334673,26,26,26,19,23.28926363955655,2685592965.543116,30.480986254533896,24.94098459289784,7.59785347674252,162815193.16092968,19,19,12,0,10.38752519574938,1831520085.1312115,39.27946514637567,17.836652716040167,1.3547664152390997,20876435.50839212,30,30,30,23,33.676788835305935,7351549910.124382,33.19485608399518,27.40133168178408,8.95261989198162,235788592.2045483,0.3071617210315719,this artifact replay,True,False,False,False,False,97.0
29,100,43,14,30,13,0,14,100.0,1.0,100.0,36.0,40.0,24.0,0.0,0.0,0.0,36.0,100.0,True,36.0,False,gams,startup,4.8592744,22,4.5305142,4.061605,0.01818181818181818,43,0.0911316946148872,per layer,"{""attn.o_proj.max_weight"": 1.4238371390366562, ""attn.o_proj.max_weight_position"": 44.74611312183379, ""attn.o_proj.min_weight"": 0.24959163603575696, ""attn.o_proj.min_weight_distance"": 1.6579998014257415, ""direction_index"": 31.287786757631586, ""direction_scope"": ""per layer"", ""mlp.down_proj.max_weight"": 1.377852220659138, ""mlp.down_proj.max_weight_position"": 35.5717159307472, ""mlp.down_proj.min_weight"": 0.11608579037255062, ""mlp.down_proj.min_weight_distance"": 21.648546259249777}",0.09113169461488724,3,3,3,2,2.819046591919809,1484761590.5189512,44.88392424799285,2.7819211366899776,2.819046591919809,1484761590.5189514,34,32,28,22,29.141628585857468,5513473496.787428,33.244078903298565,29.402803132569765,29.141628585857468,5513473496.787428,34,32,28,22,31.96067517777728,9499668293.808855,34.270755159883095,27.94440111012777,31.96067517777728,9499668293.808855,1.0,this artifact replay,True,False,False,False,False,43.0
30,100,41,13,26,15,0,13,99.89,0.99,100.0,37.0,31.0,32.0,0.0,0.0,0.0,37.0,100.0,True,37.0,False,gams,startup,4.828805,22,4.369633,4.1220827,0.0,41,0.0443042479455471,per layer,"{""attn.o_proj.max_weight"": 1.205553186549131, ""attn.o_proj.max_weight_position"": 42.42374802702001, ""attn.o_proj.min_weight"": 0.8435246021918145, ""attn.o_proj.min_weight_distance"": 14.775927106813615, ""direction_index"": 42.265452583991916, ""direction_scope"": ""per layer"", ""mlp.down_proj.max_weight"": 0.6496884129223428, ""mlp.down_proj.max_weight_position"": 37.66474526610823, ""mlp.down_proj.min_weight"": 0.31628727225808084, ""mlp.down_proj.min_weight_distance"": 27.76658687183276}",0.044304247945547104,20,20,20,20,22.52496457383488,6312164962.168352,37.7560599424469,19.95153132884298,22.52496457383488,6312164962.168352,38,35,19,0,17.569757144470596,1640962512.0240445,31.277665065977693,35.17340986330313,17.569757144470596,1640962512.0240445,38,35,20,20,40.09472171830548,14197789906.533768,34.917186899126094,26.83283888484084,40.09472171830548,14197789906.533768,1.0,this artifact replay,True,False,False,False,False,41.0
31,100,74,56,66,8,0,56,87.35,0.6,100.0,67.0,20.0,13.0,0.0,0.0,0.0,67.0,100.0,True,67.0,False,gams,startup,4.3474245,62,4.7161126,4.913969,0.0,74,0.0067995376884937,per layer,"{""attn.o_proj.max_weight"": 1.0422139367745518, ""attn.o_proj.max_weight_position"": 42.92311883441165, ""attn.o_proj.min_weight"": 0.04921718906405981, ""attn.o_proj.min_weight_distance"": 14.225669015521136, ""direction_index"": 36.55668868290575, ""direction_scope"": ""per layer"", ""mlp.down_proj.max_weight"": 0.6083769059297524, ""mlp.down_proj.max_weight_position"": 39.83799847414714, ""mlp.down_proj.min_weight"": 0.27974831235866426, ""mlp.down_proj.min_weight_distance"": 12.979372799424482}",0.006799537688493729,18,16,12,9,11.839694183558994,3053267364.9102573,40.38051298132924,15.504521231888102,11.839694183558994,3053267364.9102573,21,18,7,0,8.785812982560428,1084905047.1787093,38.17256611069653,19.35581107719975,8.785812982560428,1084905047.1787093,21,19,17,14,20.62550716611942,7658543205.237818,39.43999752517242,17.443342122218798,20.62550716611942,7658543205.237818,1.0,this artifact replay,True,False,False,False,False,74.0
32,100,97,97,97,0,0,97,74.72,0.18,100.0,97.0,0.0,3.0,0.0,0.0,0.0,97.0,100.0,True,97.0,False,gams,startup,1.6940321,96,1.6940321,1.9220487,0.0,97,0.0026303089689463,global,"{""attn.o_proj.max_weight"": 1.3226487694360323, ""attn.o_proj.max_weight_position"": 45.917182160245495, ""attn.o_proj.min_weight"": 0.9242628826344974, ""attn.o_proj.min_weight_distance"": 12.302249497785255, ""direction_index"": 32.170342623064876, ""direction_scope"": ""global"", ""mlp.down_proj.max_weight"": 1.1845694654086356, ""mlp.down_proj.max_weight_position"": 37.52305131397136, ""mlp.down_proj.min_weight"": 0.13274378159987776, ""mlp.down_proj.min_weight_distance"": 7.629444801626338}",0.0026303089689463377,14,14,14,14,17.880552584083155,6941839938.993,40.59677697773526,13.991799986628868,10.944419723602904,2408372120.0012016,16,14,10,6,10.335339544427068,1891332509.1125505,37.5192205553572,13.027706275933651,7.319305471229745,862346884.1715155,18,17,15,14,28.215892128510227,14701670446.94082,39.46948352029147,14.91917715246589,18.26372519483265,5701552953.621793,0.6847657922986464,this artifact replay,True,False,False,False,False,97.0
33,100,96,96,96,0,0,96,76.22,0.26,100.0,97.0,0.0,3.0,0.0,0.0,0.0,97.0,100.0,True,97.0,False,gams,startup,1.968862,95,1.968862,2.1550605,0.0,96,0.0026944782584905,per layer,"{""attn.o_proj.max_weight"": 1.3419170450155935, ""attn.o_proj.max_weight_position"": 45.83435158370315, ""attn.o_proj.min_weight"": 0.3460871558694677, ""attn.o_proj.min_weight_distance"": 8.643169640079961, ""direction_index"": 19.69205981300913, ""direction_scope"": ""per layer"", ""mlp.down_proj.max_weight"": -0.21511041227033506, ""mlp.down_proj.max_weight_position"": 44.97622696266346, ""mlp.down_proj.min_weight"": 0.012479316662447282, ""mlp.down_proj.min_weight_distance"": 25.723908048530696}",0.0026944782584905624,10,10,10,7,9.763654374682456,3862353739.588317,43.23671185894155,9.352464233544923,9.763654374682456,3862353739.588317,0,0,0,0,0.0,0.0,,0.0,0.0,0.0,10,10,10,7,9.763654374682456,3862353739.588317,43.23671185894155,9.352464233544923,9.763654374682456,3862353739.588317,1.0,this artifact replay,True,False,False,False,False,96.0
34,100,98,98,98,0,0,98,74.39,0.21,100.0,98.0,0.0,2.0,0.0,0.0,0.0,98.0,100.0,True,98.0,False,gams,startup,1.4122667,97,1.4122667,1.6915586,0.0,98,0.0010700109414756,global,"{""attn.o_proj.max_weight"": 1.2068047908482846, ""attn.o_proj.max_weight_position"": 38.9877846162864, ""attn.o_proj.min_weight"": 0.1868274362903105, ""attn.o_proj.min_weight_distance"": 4.454890468639801, ""direction_index"": 33.008329845916094, ""direction_scope"": ""global"", ""mlp.down_proj.max_weight"": -0.058858661218297775, ""mlp.down_proj.max_weight_position"": 33.131881972437114, ""mlp.down_proj.min_weight"": 0.6163035772874993, ""mlp.down_proj.min_weight_distance"": 1.6639960337874107}",0.0010700109414756298,9,9,7,5,6.4528747182337,1435258612.644816,38.99165998967767,7.741306403771095,4.619191953073245,719065770.9277434,0,0,0,0,0.0,0.0,,0.0,0.0,0.0,9,9,7,5,6.4528747182337,1435258612.644816,38.99165998967767,7.741306403771095,4.619191953073245,719065770.9277434,0.7168558197322845,this artifact replay,True,False,False,False,False,98.0
35,100,44,22,32,12,0,22,96.83,0.88,100.0,33.0,30.0,37.0,0.0,0.0,0.0,33.0,100.0,True,33.0,False,gams,startup,4.9560184,30,4.6776166,4.5645585,0.0,44,0.0136359669268131,per layer,"{""attn.o_proj.max_weight"": 1.457141455353892, ""attn.o_proj.max_weight_position"": 32.50819544471224, ""attn.o_proj.min_weight"": 0.034197903779960015, ""attn.o_proj.min_weight_distance"": 23.82266282462345, ""direction_index"": 37.712910759954994, ""direction_scope"": ""per layer"", ""mlp.down_proj.max_weight"": 0.14951531086397102, ""mlp.down_proj.max_weight_position"": 31.84905989809772, ""mlp.down_proj.min_weight"": 0.3636019500909804, ""mlp.down_proj.min_weight_distance"": 1.8299550871517556}",0.013635966926813126,38,35,31,24,33.16484952244789,5132028954.113738,30.99773217201218,32.49334613024131,33.16484952244789,5132028954.113738,2,0,0,0,0.3367045843092291,3346016.752166544,31.95338135111921,2.8911650535706688,0.3367045843092291,3346016.752166544,38,35,31,24,33.50155410675712,5217802267.118206,31.007336844636363,32.21618879397227,33.50155410675712,5217802267.118206,1.0,this artifact replay,True,True,False,False,False,44.0
36,100,40,16,24,16,0,16,99.01,0.95,100.0,43.0,31.0,26.0,0.0,0.0,0.0,43.0,100.0,True,43.0,False,gams,startup,4.8026934,23,4.247748,4.220629,0.0,40,0.0266678426414728,global,"{""attn.o_proj.max_weight"": 0.8805866320659838, ""attn.o_proj.max_weight_position"": 42.76856180894208, ""attn.o_proj.min_weight"": 0.9779337072418082, ""attn.o_proj.min_weight_distance"": 14.288024182734462, ""direction_index"": 40.92608766475045, ""direction_scope"": ""global"", ""mlp.down_proj.max_weight"": 1.2052854364245358, ""mlp.down_proj.max_weight_position"": 34.86792532843242, ""mlp.down_proj.min_weight"": 0.7589161983100051, ""mlp.down_proj.min_weight_distance"": 26.632785863219492}",0.026667842641472816,19,19,19,19,16.577582214652086,3547503330.3982067,38.03230599088448,18.99919591083028,12.866585307054264,2577350844.2570896,39,39,39,39,42.34429606647195,6624365436.992199,28.64501456151108,38.78926850580821,19.349998249309976,4369442379.315695,39,39,39,39,58.92187828112403,19366433131.02008,31.28611494702255,35.159301849352765,32.21658355636424,13613942161.696686,0.4357051165202238,this artifact replay,True,False,False,False,False,40.0
37,100,97,97,97,0,0,97,75.08,0.17,100.0,97.0,0.0,3.0,0.0,0.0,0.0,97.0,100.0,True,97.0,False,gams,startup,1.6940321,96,1.6940321,1.9220487,0.0,97,0.0069876355119049,global,"{""attn.o_proj.max_weight"": 0.8634650166196551, ""attn.o_proj.max_weight_position"": 35.00604838143942, ""attn.o_proj.min_weight"": 0.8145166082909967, ""attn.o_proj.min_weight_distance"": 1.9935889089158465, ""direction_index"": 25.62812741013691, ""direction_scope"": ""global"", ""mlp.down_proj.max_weight"": 1.3248362709407664, ""mlp.down_proj.max_weight_position"": 37.16360888284453, ""mlp.down_proj.min_weight"": 0.16095080919104532, ""mlp.down_proj.min_weight_distance"": 15.065154838734076}",0.006987635511904955,3,3,3,3,2.429235676636725,322488623.7509248,35.00040004945548,2.993530340492542,0.8662035601715727,40344201.24859314,25,25,22,15,21.254730119523494,4528770774.00876,36.16136897535715,22.41645524552593,8.892849070244988,529827859.34256655,25,25,22,15,23.68396579616022,5787588712.375711,36.0422897992369,20.18771859126104,9.759052630416562,686306663.5170734,0.4691068148350727,this artifact replay,True,False,False,False,False,97.0
38,100,98,98,98,0,0,98,74.99,0.24,100.0,98.0,0.0,2.0,0.0,0.0,0.0,98.0,100.0,True,98.0,False,gams,startup,1.4122667,97,1.4122667,1.6915586,0.0,98,0.001457433681935,global,"{""attn.o_proj.max_weight"": 1.1245198985960119, ""attn.o_proj.max_weight_position"": 40.54072679299568, ""attn.o_proj.min_weight"": 0.13525010165780937, ""attn.o_proj.min_weight_distance"": 11.300147867429402, ""direction_index"": 28.726301985396887, ""direction_scope"": ""global"", ""mlp.down_proj.max_weight"": -0.21954369142123015, ""mlp.down_proj.max_weight_position"": 45.36964388891234, ""mlp.down_proj.min_weight"": 0.3711928459617799, ""mlp.down_proj.min_weight_distance"": 6.249751959549539}",0.001457433681935072,18,17,14,8,12.912707583356562,3162499286.680155,39.580526885064224,15.9980279348159,5.83749648109655,530888899.6373169,0,0,0,0,0.0,0.0,,0.0,0.0,0.0,18,17,14,8,12.912707583356562,3162499286.680155,39.580526885064224,15.9980279348159,5.83749648109655,530888899.6373169,0.4946225386032593,this artifact replay,True,False,False,False,False,98.0
39,100,91,90,90,1,0,90,80.89,0.29,100.0,92.0,5.0,3.0,0.0,0.0,0.0,92.0,100.0,True,92.0,False,gams,startup,2.8446422,89,2.9879048,3.1047668,0.0,91,0.004189885687083,per layer,"{""attn.o_proj.max_weight"": 0.821136473740773, ""attn.o_proj.max_weight_position"": 32.894097945113245, ""attn.o_proj.min_weight"": 0.6017175868107278, ""attn.o_proj.min_weight_distance"": 11.045423350330022, ""direction_index"": 27.972161766147913, ""direction_scope"": ""per layer"", ""mlp.down_proj.max_weight"": 0.2456345928381416, ""mlp.down_proj.max_weight_position"": 42.87884706793598, ""mlp.down_proj.min_weight"": 0.98480204415062, ""mlp.down_proj.min_weight_distance"": 5.610813857207085}",0.004189885687083006,22,22,21,5,14.482310395065532,1479053998.8835807,32.59749353020265,21.557104146492733,14.482310395065532,1479053998.8835807,10,0,0,0,2.4397122287433533,207738511.57617345,42.50258293919363,9.999840580245335,2.4397122287433533,207738511.57617345,26,22,21,11,16.922022623808886,2232304215.115172,34.02554786478977,23.72644396485913,16.922022623808886,2232304215.115172,1.0,this artifact replay,True,False,False,False,False,91.0
40,100,38,17,24,14,0,17,99.55,0.98,100.0,40.0,27.0,33.0,0.0,0.0,0.0,40.0,100.0,True,40.0,False,gams,startup,4.8304467,23,4.2291217,4.22405,0.0,38,0.0146996052935719,global,"{""attn.o_proj.max_weight"": 1.1192766655794548, ""attn.o_proj.max_weight_position"": 31.082562757892905, ""attn.o_proj.min_weight"": 0.04007411920348303, ""attn.o_proj.min_weight_distance"": 20.179642521408283, ""direction_index"": 32.04187289094359, ""direction_scope"": ""global"", ""mlp.down_proj.max_weight"": 1.330161076552074, ""mlp.down_proj.max_weight_position"": 43.20461336154763, ""mlp.down_proj.min_weight"": 0.6771435097209595, ""mlp.down_proj.min_weight_distance"": 16.663112646301364}",0.014699605293571949,36,33,23,14,22.969214677017856,2311126987.473713,30.645187808307643,30.187274475599303,13.422784887831686,1093776181.332758,21,21,21,21,24.102033925046364,7210490521.560225,37.64577142068763,20.73803750896604,15.91104526875972,2563805854.594494,36,33,28,23,47.07124860206422,16612771641.64714,34.22971782889662,27.51920748673153,29.333830156591404,6659959688.121481,0.4667330907685112,this artifact replay,True,False,False,False,False,38.0
41,100,43,7,18,25,0,7,99.51,0.98,100.0,19.0,34.0,47.0,0.0,0.0,0.0,19.0,100.0,True,19.0,False,gams,startup,5.0879135,20,3.8306444,4.0213675,0.03389830508474576,43,0.027672566473484,per layer,"{""attn.o_proj.max_weight"": 0.8871654713186036, ""attn.o_proj.max_weight_position"": 35.573859739228766, ""attn.o_proj.min_weight"": 0.7466298988106123, ""attn.o_proj.min_weight_distance"": 25.90939340356853, ""direction_index"": 27.916640144412895, ""direction_scope"": ""per layer"", ""mlp.down_proj.max_weight"": 0.3946349771781381, ""mlp.down_proj.max_weight_position"": 45.09693840725191, ""mlp.down_proj.min_weight"": 0.23150000564704665, ""mlp.down_proj.min_weight_distance"": 27.094467043557504}",0.02767256647348404,38,38,38,28,30.146294502002,3578902582.5088835,29.200626376703458,37.7593612796633,30.146294502002,3578902582.5088835,29,15,0,0,7.454853309964081,566762990.5844018,35.932743992963005,25.805973120674157,7.454853309964081,566762990.5844018,38,38,38,29,37.60114781196608,6922728715.712009,30.535344921616296,36.637948133602926,37.60114781196608,6922728715.712009,1.0,this artifact replay,True,False,False,False,False,43.0
42,100,49,22,35,14,0,22,96.72,0.86,100.0,46.0,31.0,23.0,0.0,0.0,0.0,46.0,100.0,True,46.0,False,gams,startup,4.8434167,26,4.584578,4.2219086,0.0,49,0.0121314683929085,per layer,"{""attn.o_proj.max_weight"": 0.9914719132125418, ""attn.o_proj.max_weight_position"": 46.81057253187694, ""attn.o_proj.min_weight"": 0.6956487695918402, ""attn.o_proj.min_weight_distance"": 16.90554481002505, ""direction_index"": 20.707173880117146, ""direction_scope"": ""per layer"", ""mlp.down_proj.max_weight"": 1.0927104465907158, ""mlp.down_proj.max_weight_position"": 35.522484050808224, ""mlp.down_proj.min_weight"": 0.08952500356210458, ""mlp.down_proj.min_weight_distance"": 10.280412108698776}",0.012131468392908573,18,18,18,14,15.169618358293071,3570474473.5728307,39.06630347336992,17.7880134487746,15.169618358293071,3570474473.5728307,20,18,12,8,12.176721984325994,1662561065.1882584,35.517869267977325,16.550106084751118,12.176721984325994,1662561065.1882584,22,21,18,18,27.346340342619065,9054897891.485634,37.48626401443733,18.94255886237916,27.346340342619065,9054897891.485634,1.0,this artifact replay,True,False,False,False,False,49.0
43,100,43,16,29,14,0,16,97.16,0.89,100.0,26.0,31.0,43.0,0.0,0.0,0.0,26.0,100.0,True,26.0,False,gams,startup,4.9392304,26,4.462204,4.3087234,0.0,43,0.0178275611251592,per layer,"{""attn.o_proj.max_weight"": 1.3001684248538212, ""attn.o_proj.max_weight_position"": 32.08985260021106, ""attn.o_proj.min_weight"": 0.25262995261362176, ""attn.o_proj.min_weight_distance"": 21.93028725527035, ""direction_index"": 19.74196437508657, ""direction_scope"": ""per layer"", ""mlp.down_proj.max_weight"": 0.04773746643899546, ""mlp.down_proj.max_weight_position"": 31.856750941965675, ""mlp.down_proj.min_weight"": 0.715795166288015, ""mlp.down_proj.min_weight_distance"": 21.851661425348215}",0.017827561125159264,37,37,33,25,32.52593841210004,4560026620.610521,30.427177295111765,34.11947994252413,32.52593841210004,4560026620.610521,0,0,0,0,1.5488027352009688,9308857.465217523,29.388797110342157,36.73705044934256,1.5488027352009686,9308857.465217523,37,37,34,27,34.07474114730101,4977868679.198431,30.3799796931286,34.28876881863924,34.07474114730101,4977868679.198431,1.0,this artifact replay,True,False,False,False,False,43.0
44,100,97,97,97,0,0,97,75.0,0.26,100.0,97.0,0.0,3.0,0.0,0.0,0.0,97.0,100.0,True,97.0,False,gams,startup,1.6940321,96,1.6940321,1.9220487,0.0,97,0.0016358256107196,per layer,"{""attn.o_proj.max_weight"": 0.8608309420938871, ""attn.o_proj.max_weight_position"": 46.3735620403464, ""attn.o_proj.min_weight"": 0.502590991896195, ""attn.o_proj.min_weight_distance"": 8.658475800852349, ""direction_index"": 39.7690645250466, ""direction_scope"": ""per layer"", ""mlp.down_proj.max_weight"": -0.092752712610608, ""mlp.down_proj.max_weight_position"": 29.63871079480795, ""mlp.down_proj.min_weight"": 0.9992755258816318, ""mlp.down_proj.min_weight_distance"": 3.1835017901662406}",0.0016358256107196212,10,10,8,3,6.630770037204465,1672440163.1035306,43.073242144486095,9.61166391192564,6.630770037204465,1672440163.1035306,0,0,0,0,0.0,0.0,,0.0,0.0,0.0,10,10,8,3,6.630770037204465,1672440163.1035306,43.073242144486095,9.61166391192564,6.630770037204465,1672440163.1035306,1.0,this artifact replay,True,True,False,False,False,97.0
45,100,87,81,83,4,0,81,81.52,0.37,100.0,84.0,10.0,6.0,0.0,0.0,0.0,84.0,100.0,True,84.0,False,gams,startup,3.3505776,77,3.8019283,4.2358637,0.0,87,0.0081041892990469,global,"{""attn.o_proj.max_weight"": 1.421942562175185, ""attn.o_proj.max_weight_position"": 31.527901420390748, ""attn.o_proj.min_weight"": 0.6502695878566195, ""attn.o_proj.min_weight_distance"": 25.246664793542234, ""direction_index"": 33.691115749168816, ""direction_scope"": ""global"", ""mlp.down_proj.max_weight"": -0.14674264560933245, ""mlp.down_proj.max_weight_position"": 30.914000792448224, ""mlp.down_proj.min_weight"": 0.36151160508403934, ""mlp.down_proj.min_weight_distance"": 12.747432535979712}",0.008104189299046993,41,41,41,41,49.61794339660394,8070890075.348605,27.742820254608773,40.51763179504548,23.110515398326285,4096253332.6712713,0,0,0,0,0.0,0.0,,0.0,0.0,0.0,41,41,41,41,49.61794339660394,8070890075.348605,27.742820254608773,40.51763179504548,23.110515398326285,4096253332.6712713,0.4365784980156326,this artifact replay,True,True,False,False,False,87.0
46,100,98,98,98,0,0,98,72.98,0.16,100.0,98.0,0.0,2.0,0.0,0.0,0.0,98.0,100.0,True,98.0,False,gams,startup,1.4122667,97,1.4122667,1.6915586,0.0,98,0.0017511872574687,global,"{""attn.o_proj.max_weight"": 1.0364867415484358, ""attn.o_proj.max_weight_position"": 38.53861980666168, ""attn.o_proj.min_weight"": 0.8368933166547248, ""attn.o_proj.min_weight_distance"": 9.969385806794154, ""direction_index"": 25.20970557411984, ""direction_scope"": ""global"", ""mlp.down_proj.max_weight"": 1.4151029466167038, ""mlp.down_proj.max_weight_position"": 35.45490983602075, ""mlp.down_proj.min_weight"": 0.39116532363649714, ""mlp.down_proj.min_weight_distance"": 1.431900881182661}",0.0017511872574687004,19,19,19,19,18.157920781894276,4294733328.6364975,38.045271597189625,18.95474441203905,5.85375507400268,335565468.7884149,2,2,2,2,2.22851358628209,437307664.1551213,35.48782578443654,1.9988150103198248,0.6911502682440783,41586268.96342303,19,19,19,19,20.386434368176364,5508448386.583649,37.76570810722508,17.12551822517469,6.544905342246759,450711395.9966967,0.3253927544143378,this artifact replay,True,False,False,False,False,98.0
47,100,90,89,89,1,0,89,79.59,0.3,100.0,90.0,5.0,5.0,0.0,0.0,0.0,90.0,100.0,True,90.0,False,gams,startup,2.9968667,83,3.132102,3.7257092,0.0,90,0.0061405324377119,global,"{""attn.o_proj.max_weight"": 1.3952361406377172, ""attn.o_proj.max_weight_position"": 33.90596335448413, ""attn.o_proj.min_weight"": 0.629061209478275, ""attn.o_proj.min_weight_distance"": 14.98287012005069, ""direction_index"": 38.28327271371856, ""direction_scope"": ""global"", ""mlp.down_proj.max_weight"": 0.29428359153216843, ""mlp.down_proj.max_weight_position"": 41.18497188653289, ""mlp.down_proj.min_weight"": 0.3351470873157041, ""mlp.down_proj.min_weight_distance"": 1.3224300221628427}",0.006140532437711954,29,29,29,29,33.17660891578456,6797347142.443484,33.1980855914273,28.533584345668164,20.59297153228384,4362538933.783935,3,1,0,0,0.5595812410034153,37973716.02764313,41.09781185554272,2.7094809181464456,0.4958347310792733,29694315.66415229,29,29,29,29,33.73619015678798,7260169582.287457,33.32911812965752,28.471634847315684,21.088806263363114,4724285184.736931,0.5971211923768143,this artifact replay,True,False,False,False,False,90.0
48,100,91,90,90,1,0,90,78.74,0.31,100.0,92.0,4.0,4.0,0.0,0.0,0.0,92.0,100.0,True,92.0,False,gams,startup,2.8446422,85,2.9879048,3.560769,0.0,91,0.005195636767894,global,"{""attn.o_proj.max_weight"": 1.2525927062772837, ""attn.o_proj.max_weight_position"": 33.15227622365866, ""attn.o_proj.min_weight"": 0.7168953208903243, ""attn.o_proj.min_weight_distance"": 9.098398231975944, ""direction_index"": 40.87239608615868, ""direction_scope"": ""global"", ""mlp.down_proj.max_weight"": 1.1778839766101659, ""mlp.down_proj.max_weight_position"": 43.15584027763268, ""mlp.down_proj.min_weight"": 0.05089421168977348, ""mlp.down_proj.min_weight_distance"": 12.622494084876362}",0.00519563676789403,18,18,18,18,19.389651113071466,3349492698.59178,33.44338371147482,17.841461667809583,12.807551862427434,2114550716.735229,17,15,12,9,12.105910378238075,3674403701.757525,41.019978390449374,14.042732881224104,10.407952356402951,2899818268.6779704,23,23,23,23,31.49556149130954,10642129715.560007,36.35559012447082,21.42837085399144,23.215504218830382,8027562384.818256,0.6953643876259432,this artifact replay,True,False,False,False,False,91.0
49,100,98,98,98,0,0,98,74.54,0.16,100.0,98.0,0.0,2.0,0.0,0.0,0.0,98.0,100.0,True,98.0,False,gams,startup,1.4122667,97,1.4122667,1.6915586,0.0,98,0.001347831217572,per layer,"{""attn.o_proj.max_weight"": 1.1453616302799037, ""attn.o_proj.max_weight_position"": 29.61234963453288, ""attn.o_proj.min_weight"": 0.20936944959777493, ""attn.o_proj.min_weight_distance"": 2.9007037550866377, ""direction_index"": 38.38447664938904, ""direction_scope"": ""per layer"", ""mlp.down_proj.max_weight"": -0.18380213233627782, ""mlp.down_proj.max_weight_position"": 30.58960805518623, ""mlp.down_proj.min_weight"": 0.09779690989022694, ""mlp.down_proj.min_weight_distance"": 18.954780972809075}",0.001347831217572093,6,6,4,2,4.0624995245467055,274988303.36456525,29.577702267936136,5.242877877736521,4.062499524546705,274988303.36456525,0,0,0,0,0.0,0.0,,0.0,0.0,0.0,6,6,4,2,4.0624995245467055,274988303.36456525,29.577702267936136,5.242877877736521,4.062499524546705,274988303.36456525,1.0,this artifact replay,True,True,False,False,False,98.0
50,100,25,0,4,21,0,0,100.0,1.0,100.0,3.0,16.0,81.0,0.0,0.0,0.0,3.0,100.0,True,3.0,False,gams,startup,4.353602,5,1.9541082,2.1666293,0.0,25,0.1909691840410232,per layer,"{""attn.o_proj.max_weight"": 1.0078580294611137, ""attn.o_proj.max_weight_position"": 42.215291959073284, ""attn.o_proj.min_weight"": 0.6205395940163719, ""attn.o_proj.min_weight_distance"": 26.528766456157843, ""direction_index"": 41.53789786362955, ""direction_scope"": ""per layer"", ""mlp.down_proj.max_weight"": 1.2772427646426443, ""mlp.down_proj.max_weight_position"": 33.132717104414816, ""mlp.down_proj.min_weight"": 0.8326683261031333, ""mlp.down_proj.min_weight_distance"": 16.548577386211065}",0.19096918404102325,32,32,32,23,26.90687147853956,4539587243.126135,32.749470791915265,31.39241391335032,26.90687147853956,4539587243.126135,31,31,31,31,36.476893482510384,7161998195.899088,32.09615714229205,30.923092356876666,36.476893482510384,7161998195.899088,32,32,32,31,63.38376496104994,23046924368.641567,32.37349356142698,31.367109561950134,63.38376496104994,23046924368.641563,1.0,this artifact replay,True,False,False,False,False,25.0
51,100,49,21,33,16,0,21,99.46,0.95,100.0,47.0,29.0,24.0,0.0,0.0,0.0,47.0,100.0,True,47.0,False,gams,startup,4.9293747,27,4.649277,4.401142,0.0,49,0.0239807981997728,per layer,"{""attn.o_proj.max_weight"": 1.2112696711202506, ""attn.o_proj.max_weight_position"": 44.85399627216432, ""attn.o_proj.min_weight"": 0.294173885432223, ""attn.o_proj.min_weight_distance"": 12.49704783904286, ""direction_index"": 34.93754595670812, ""direction_scope"": ""per layer"", ""mlp.down_proj.max_weight"": 0.7490654216316108, ""mlp.down_proj.max_weight_position"": 41.82885184296859, ""mlp.down_proj.min_weight"": 0.9051468488813411, ""mlp.down_proj.min_weight_distance"": 17.02543531597856}",0.023980798199772835,15,15,13,9,12.71758321149153,4093460957.28002,41.26275994578609,13.7464227535854,12.71758321149153,4093460957.2800193,23,23,23,0,16.535257160706955,2673330253.060108,36.17781556312905,22.98001349076229,16.53525716070696,2673330253.060108,23,23,23,15,29.252840372198484,12775617379.70992,38.38847963846128,20.203267466902904,29.252840372198484,12775617379.70992,1.0,this artifact replay,True,False,False,False,False,49.0
52,100,98,98,98,0,0,98,73.72,0.23,100.0,98.0,0.0,2.0,0.0,0.0,0.0,98.0,100.0,True,98.0,False,gams,startup,1.4122667,97,1.4122667,1.6915586,0.0,98,0.0028759730048477,global,"{""attn.o_proj.max_weight"": 0.9993916880290334, ""attn.o_proj.max_weight_position"": 39.83371638729182, ""attn.o_proj.min_weight"": 0.29754617346961454, ""attn.o_proj.min_weight_distance"": 8.86790022261646, ""direction_index"": 21.0882679696928, ""direction_scope"": ""global"", ""mlp.down_proj.max_weight"": 1.069815189119748, ""mlp.down_proj.max_weight_position"": 43.02715069627446, ""mlp.down_proj.min_weight"": 0.6067421633079724, ""mlp.down_proj.min_weight_distance"": 13.357930683821355}",0.002875973004847765,17,17,13,6,11.223784155768492,2354245059.343013,39.42339355800426,15.57993431006739,1.6663340981028796,41327407.982125536,18,18,18,15,16.06708802047862,4184048299.866211,39.15868152444747,17.65366837481179,2.536034003915037,73931929.4993711,18,18,18,17,27.290872176247117,12646757419.44351,39.26754835394594,17.10627498365936,4.202368102017917,220818674.97528252,0.1663383584642792,this artifact replay,True,False,False,False,False,98.0
53,100,99,97,98,1,0,97,73.06,0.24,100.0,97.0,1.0,2.0,0.0,0.0,0.0,97.0,100.0,True,97.0,False,gams,startup,1.0044299,96,1.3947697,1.9220487,0.0,99,0.0041299648582935,global,"{""attn.o_proj.max_weight"": 1.1066104074661325, ""attn.o_proj.max_weight_position"": 39.65487292814977, ""attn.o_proj.min_weight"": 0.4641550699508056, ""attn.o_proj.min_weight_distance"": 14.375881850200637, ""direction_index"": 19.376469531956555, ""direction_scope"": ""global"", ""mlp.down_proj.max_weight"": 0.38488689737004567, ""mlp.down_proj.max_weight_position"": 34.33851287705576, ""mlp.down_proj.min_weight"": 0.32122363530065223, ""mlp.down_proj.min_weight_distance"": 26.15991619599247}",0.004129964858293533,22,22,22,16,18.944903472705317,4255514741.689135,37.30742150430835,21.278206551994625,2.345422364166976,41078524.21659492,39,27,0,0,10.81215928626172,515624255.7837074,30.146965984277195,36.5949970531446,2.7575461780937944,12771512.645151043,39,27,22,22,29.75706275896704,7643881471.786646,34.70568670703105,27.23239538848488,5.10296854226077,87787680.11034419,0.2736921173926657,this artifact replay,True,False,False,False,False,99.0
54,100,75,61,70,5,0,61,83.9,0.48,100.0,71.0,17.0,12.0,0.0,0.0,0.0,71.0,100.0,True,71.0,False,gams,startup,4.321617,60,4.5863156,4.910037,0.0,75,0.0081592919304966,global,"{""attn.o_proj.max_weight"": 0.8658403007871216, ""attn.o_proj.max_weight_position"": 34.80381393405317, ""attn.o_proj.min_weight"": 0.06958978432555363, ""attn.o_proj.min_weight_distance"": 25.6367267302216, ""direction_index"": 41.75213960302098, ""direction_scope"": ""global"", ""mlp.down_proj.max_weight"": 0.5076479582671709, ""mlp.down_proj.max_weight_position"": 43.03233793037233, ""mlp.down_proj.min_weight"": 0.9999344804266129, ""mlp.down_proj.min_weight_distance"": 19.786651245255584}",0.008159291930496693,37,32,23,7,20.31238014890017,2248629997.0073595,31.890609830602106,32.51381796874728,11.250606351026445,1502773544.2518024,24,24,24,0,12.183213933546714,1303474900.2895634,35.50013005318633,23.99999999082897,8.12384380968826,893007998.5531893,37,32,24,24,32.495594082446885,6918417416.068602,33.24388735362979,29.8587677572651,19.374450160714705,4686116966.796164,0.4402996291410541,this artifact replay,True,False,False,False,False,75.0
55,100,73,60,69,4,0,60,88.62,0.57,100.0,65.0,23.0,12.0,0.0,0.0,0.0,65.0,100.0,True,65.0,False,gams,startup,4.3977165,67,4.558302,4.6680293,0.0,73,0.006073635071516,per layer,"{""attn.o_proj.max_weight"": 1.2265553005430525, ""attn.o_proj.max_weight_position"": 37.3087895676923, ""attn.o_proj.min_weight"": 0.3847640933914611, ""attn.o_proj.min_weight_distance"": 14.399946856284853, ""direction_index"": 29.546022982570697, ""direction_scope"": ""per layer"", ""mlp.down_proj.max_weight"": 1.3499833148979605, ""mlp.down_proj.max_weight_position"": 39.44023395533196, ""mlp.down_proj.min_weight"": 0.5516684673786048, ""mlp.down_proj.min_weight_distance"": 1.4194550679695772}",0.006073635071516037,25,25,24,18,22.19826563043668,4612186539.442504,35.84117656861616,23.71342980922674,22.198265630436683,4612186539.442504,2,2,2,2,2.2735775863954397,725098737.0304751,39.488791415447466,1.998995445876684,2.2735775863954397,725098737.0304751,25,25,24,18,24.47184321683212,6755451802.916113,36.18006135494295,21.069464471142663,24.47184321683212,6755451802.916113,1.0,this artifact replay,True,False,False,False,False,73.0
56,100,97,97,97,0,0,97,73.4,0.2,100.0,97.0,0.0,3.0,0.0,0.0,0.0,97.0,100.0,True,97.0,False,gams,startup,1.6940321,96,1.6940321,1.9220487,0.0,97,0.0015815484803169,global,"{""attn.o_proj.max_weight"": 1.4688189561885374, ""attn.o_proj.max_weight_position"": 45.921792152519146, ""attn.o_proj.min_weight"": 0.30988888991363694, ""attn.o_proj.min_weight_distance"": 6.255437806117127, ""direction_index"": 38.14275740584639, ""direction_scope"": ""global"", ""mlp.down_proj.max_weight"": 1.1651524774595807, ""mlp.down_proj.max_weight_position"": 41.36636763795114, ""mlp.down_proj.min_weight"": 0.35463413404787414, ""mlp.down_proj.min_weight_distance"": 5.886798062346417}",0.0015815484803169966,8,8,8,6,8.236303430746293,3668300111.267414,44.17013312109992,7.317315054559001,6.181224454394264,2050758222.3564696,12,12,10,6,9.383372866165232,2741994475.225933,41.43451153852736,11.128554485614558,7.967557398387554,1947011947.727288,12,12,11,9,17.61967629691152,11524800131.441174,42.7132756341944,10.35014836695582,14.148781852781816,7118375020.197109,0.8397468731556711,this artifact replay,True,False,False,False,False,97.0
57,100,54,33,45,9,0,33,94.86,0.84,100.0,50.0,30.0,20.0,0.0,0.0,0.0,50.0,100.0,True,50.0,False,gams,startup,5.0527725,42,4.9775476,4.9728503,0.0,54,0.0117198703810572,per layer,"{""attn.o_proj.max_weight"": 1.3749544886389322, ""attn.o_proj.max_weight_position"": 44.100777532485104, ""attn.o_proj.min_weight"": 0.17231372804156564, ""attn.o_proj.min_weight_distance"": 21.543362271039832, ""direction_index"": 30.586423263772943, ""direction_scope"": ""per layer"", ""mlp.down_proj.max_weight"": 0.19345080063046738, ""mlp.down_proj.max_weight_position"": 31.740337131841493, ""mlp.down_proj.min_weight"": 0.41679066507472884, ""mlp.down_proj.min_weight_distance"": 13.88134967660555}",0.011719870381057262,25,25,20,15,21.75315779903687,6438344272.373001,37.84279693448304,21.545949000073623,21.75315779903687,6438344272.373001,23,0,0,0,3.823609215093032,79471392.15980181,31.60013058410301,26.470823929319906,3.823609215093031,79471392.15980183,27,25,23,18,25.576767014129903,7684162799.724256,36.909546982646766,23.485099381968404,25.576767014129903,7684162799.724256,1.0,this artifact replay,True,False,False,False,False,54.0
58,100,29,9,15,14,0,9,99.93,0.98,100.0,26.0,33.0,41.0,0.0,0.0,0.0,26.0,100.0,True,26.0,False,gams,startup,4.5200505,13,3.5269647,3.3546424,0.0,29,0.147615447640419,per layer,"{""attn.o_proj.max_weight"": 0.9822008771775055, ""attn.o_proj.max_weight_position"": 29.039957049912342, ""attn.o_proj.min_weight"": 0.6786047308856499, ""attn.o_proj.min_weight_distance"": 4.809321506641856, ""direction_index"": 40.152229809377644, ""direction_scope"": ""per layer"", ""mlp.down_proj.max_weight"": 1.3051969775316312, ""mlp.down_proj.max_weight_position"": 31.682130278182054, ""mlp.down_proj.min_weight"": 0.615137672033594, ""mlp.down_proj.min_weight_distance"": 14.165996240019785}",0.147615447640419,9,9,9,7,7.524423234513417,583018121.8711354,29.00697117816709,8.90611506029158,7.524423234513417,583018121.8711354,28,28,28,28,29.5954256498072,4843726320.826767,31.542770858891107,27.49609852245477,29.5954256498072,4843726320.826767,28,28,28,28,37.11984888432061,7077410429.633073,31.028748560600697,24.493192262255587,37.11984888432062,7077410429.633074,1.0,this artifact replay,True,False,False,False,False,29.0
59,100,70,48,63,7,0,48,90.32,0.61,100.0,57.0,22.0,21.0,0.0,0.0,0.0,57.0,100.0,True,57.0,False,gams,startup,4.5666723,57,4.78568,4.879617,0.0,70,0.010180058889091,per layer,"{""attn.o_proj.max_weight"": 0.9140407262271384, ""attn.o_proj.max_weight_position"": 37.234499068830424, ""attn.o_proj.min_weight"": 0.19806400799400048, ""attn.o_proj.min_weight_distance"": 27.7249000183254, ""direction_index"": 23.44505402202606, ""direction_scope"": ""per layer"", ""mlp.down_proj.max_weight"": 0.13853397475972695, ""mlp.down_proj.max_weight_position"": 33.614878898431776, ""mlp.down_proj.min_weight"": 0.7051025221187837, ""mlp.down_proj.min_weight_distance"": 9.57752301962177}",0.010180058889091015,38,35,26,12,23.1741218321206,3051122937.8570437,31.84289914883628,33.9109719809654,23.1741218321206,3051122937.8570437,18,0,0,0,2.246604055682596,45816317.392657146,33.93419067522849,18.81590507234338,2.2466040556825955,45816317.392657146,38,35,26,17,25.4207258878032,3731429751.063628,32.02772093738566,32.96733507017664,25.4207258878032,3731429751.063628,1.0,this artifact replay,True,False,False,False,False,70.0
60,100,31,10,24,7,0,10,99.86,0.99,,,,,,,,,,False,,False,gams,tpe,4.539414,22,4.215541,4.150774,0.0,31,0.0179642792791128,global,"{""attn.o_proj.max_weight"": 1.2865233921152455, ""attn.o_proj.max_weight_position"": 35.907144749803244, ""attn.o_proj.min_weight"": 0.5924089514998193, ""attn.o_proj.min_weight_distance"": 22.675863678501404, ""direction_index"": 32.04133892260182, ""direction_scope"": ""global"", ""mlp.down_proj.max_weight"": 0.576538198859111, ""mlp.down_proj.max_weight_position"": 28.204509325998888, ""mlp.down_proj.min_weight"": 0.5968862800156369, ""mlp.down_proj.min_weight_distance"": 26.51100204134654}",0.017964279279112816,34,34,34,34,36.38644822365816,6768705022.273491,31.459647650517425,33.40771954773324,19.554141467756743,2576871314.194335,46,46,17,0,21.763702002631685,1186887617.5672393,25.282417205861048,45.21119749235006,8.864695410066387,459353495.5249572,46,46,34,34,58.150150226289846,13596821395.734123,29.147712048013947,39.026322517511005,28.41883687782313,5202700019.464518,0.3780608062619031,this artifact replay,False,False,False,False,False,31.0
61,100,27,9,13,14,0,9,99.24,0.97,,,,,,,,,,False,,False,gams,tpe,4.480618,12,3.3347046,3.2261152,0.0,27,0.0981512293219566,global,"{""attn.o_proj.max_weight"": 1.1407049591610943, ""attn.o_proj.max_weight_position"": 33.08591747490373, ""attn.o_proj.min_weight"": 0.8812401767941305, ""attn.o_proj.min_weight_distance"": 15.855713867472325, ""direction_index"": 27.71635242094774, ""direction_scope"": ""global"", ""mlp.down_proj.max_weight"": 0.9525036688761532, ""mlp.down_proj.max_weight_position"": 31.61072666877471, ""mlp.down_proj.min_weight"": 0.9584986636473846, ""mlp.down_proj.min_weight_distance"": 21.368244994450407}",0.09815122932195663,30,30,30,30,32.29729907877057,5958498176.832661,32.53485191967111,29.964285755095453,16.3933882379249,1355297542.6415694,37,37,37,37,34.59690413767395,4535244591.787342,29.04744016771885,36.99539249259362,14.767479014033354,1012431759.3943696,37,37,37,37,66.89420321644452,20879489704.989933,30.73120310901857,35.01157120404384,31.160867251958248,4709867033.277082,0.4244028454672495,this artifact replay,False,False,False,False,False,27.0
62,100,69,53,63,6,0,53,89.35,0.62,,,,,,,,,,False,,False,gams,tpe,4.5807304,60,4.6867604,4.7884426,0.0,69,0.0060840011574327,per layer,"{""attn.o_proj.max_weight"": 1.093511514792143, ""attn.o_proj.max_weight_position"": 35.887553867265126, ""attn.o_proj.min_weight"": 0.6718374060628826, ""attn.o_proj.min_weight_distance"": 11.021368837455125, ""direction_index"": 29.764921723033027, ""direction_scope"": ""per layer"", ""mlp.down_proj.max_weight"": 0.4545428017909351, ""mlp.down_proj.max_weight_position"": 42.06348907412926, ""mlp.down_proj.min_weight"": 0.0685312300611612, ""mlp.down_proj.min_weight_distance"": 12.527961711495909}",0.006084001157432795,22,22,22,21,20.117561329007597,4084372490.825493,35.57589602159404,21.72049300183816,20.117561329007597,4084372490.825493,16,11,0,0,5.021596197073891,552027337.37668,40.3415329516515,15.185721233360344,5.021596197073891,552027337.37668,23,23,22,21,25.139157526081483,7364045582.035585,36.52784137854498,21.696793602109096,25.139157526081483,7364045582.035585,1.0,this artifact replay,False,False,False,False,False,69.0
63,100,41,9,23,18,0,9,98.53,0.94,,,,,,,,,,False,,False,gams,tpe,4.903646,21,4.193026,4.0774527,0.0,41,0.0194420665502548,per layer,"{""attn.o_proj.max_weight"": 1.1871930022953738, ""attn.o_proj.max_weight_position"": 31.825260049518956, ""attn.o_proj.min_weight"": 0.6999250855415722, ""attn.o_proj.min_weight_distance"": 16.622310096727425, ""direction_index"": 29.06967053274347, ""direction_scope"": ""per layer"", ""mlp.down_proj.max_weight"": 0.40497195509525113, ""mlp.down_proj.max_weight_position"": 42.459317835940816, ""mlp.down_proj.min_weight"": 0.019621696036595165, ""mlp.down_proj.min_weight_distance"": 15.570176216484004}",0.019442066550254822,32,32,32,32,32.50362275124142,5217022837.682651,31.554903313976048,31.698621822192987,32.50362275124142,5217022837.682651,17,11,0,0,4.933196309329522,473689110.8210207,39.82606322596338,16.6781863907308,4.933196309329522,473689110.8210207,32,32,32,32,37.43681906057095,8496794176.380188,32.64482645850584,31.314021861596373,37.43681906057094,8496794176.380188,1.0,this artifact replay,False,False,False,False,False,41.0
64,100,26,4,12,14,0,4,99.67,0.99,,,,,,,,,,False,,False,gams,tpe,4.4254813,7,3.2141976,2.5805132,0.0,26,0.1315203160047531,global,"{""attn.o_proj.max_weight"": 1.1718833149678818, ""attn.o_proj.max_weight_position"": 36.456863401082146, ""attn.o_proj.min_weight"": 0.9048682144287199, ""attn.o_proj.min_weight_distance"": 18.669475635800993, ""direction_index"": 25.24673579854318, ""direction_scope"": ""global"", ""mlp.down_proj.max_weight"": 0.835061338571167, ""mlp.down_proj.max_weight_position"": 34.680231367059804, ""mlp.down_proj.min_weight"": 0.9249060131381087, ""mlp.down_proj.min_weight_distance"": 23.588493088572577}",0.1315203160047531,30,30,30,30,33.719446994507095,6667945650.775025,32.653889667378714,29.97781134978545,14.624779605594906,882312164.4388962,36,36,36,36,29.12962884629374,3451604856.019282,29.6488832937614,35.98454256814288,11.283446241731252,463669648.506813,36,36,36,36,62.84907584080083,19706531953.36458,31.26111309631269,33.91361952093353,25.90822584732616,2624814932.8239174,0.385790756741221,this artifact replay,False,False,False,False,False,26.0
65,100,27,2,14,13,0,2,100.01,1.0,,,,,,,,,,False,,False,gams,tpe,4.4004126,11,3.4506128,3.0797684,0.0,27,0.0588068515062332,global,"{""attn.o_proj.max_weight"": 1.3156908441742408, ""attn.o_proj.max_weight_position"": 32.187411727806904, ""attn.o_proj.min_weight"": 0.9112050174269143, ""attn.o_proj.min_weight_distance"": 15.907142629782873, ""direction_index"": 25.545576477312203, ""direction_scope"": ""global"", ""mlp.down_proj.max_weight"": 0.6340614954062251, ""mlp.down_proj.max_weight_position"": 31.539678019993, ""mlp.down_proj.min_weight"": 0.8671122029129363, ""mlp.down_proj.min_weight_distance"": 22.086817285262853}",0.058806851506233215,31,31,31,31,39.02240900013709,8129799337.71074,32.008465332743626,30.97890514868613,17.555537515156054,1261982606.570377,38,38,38,0,22.68191501455004,1864628234.2978,28.68290247303329,37.94642798026966,8.82925304375027,291857109.5477035,38,38,38,31,61.70432401468712,17778693268.863327,30.78602046580789,34.63739791515282,26.384790558906325,2767520580.889689,0.3827469774044171,this artifact replay,False,False,False,False,False,27.0
66,100,89,86,88,1,0,86,78.37,0.33,,,,,,,,,,False,,False,gams,tpe,3.1093943,87,3.2768948,3.3780518,0.0,89,0.0062870923429727,global,"{""attn.o_proj.max_weight"": 1.4590444708335593, ""attn.o_proj.max_weight_position"": 33.56680603126871, ""attn.o_proj.min_weight"": 0.897634922585918, ""attn.o_proj.min_weight_distance"": 12.627110391128326, ""direction_index"": 22.49563507509158, ""direction_scope"": ""global"", ""mlp.down_proj.max_weight"": 0.09070617963631444, ""mlp.down_proj.max_weight_position"": 33.23228269604805, ""mlp.down_proj.min_weight"": 0.9333902125619157, ""mlp.down_proj.min_weight_distance"": 27.211231694076485}",0.006287092342972755,26,26,26,26,35.936200973743965,9603330203.809769,33.503716093090404,25.97336150201653,13.417038256787094,684013313.3371589,0,0,0,0,3.617033691420916,40973523.586868376,27.155787300366526,40.98610990250209,1.1341933797827797,3018027.995592489,26,26,26,26,39.55323466516488,10890809721.511278,32.923215597785905,27.71050393027912,14.551231636569874,775587665.8755977,0.3120712739134375,this artifact replay,False,False,False,False,False,89.0
67,100,98,98,98,0,0,98,74.22,0.21,,,,,,,,,,False,,False,gams,tpe,1.4122667,97,1.4122667,1.6915586,0.0,98,0.0009150009718723,global,"{""attn.o_proj.max_weight"": 1.0447867052184077, ""attn.o_proj.max_weight_position"": 40.24209188049715, ""attn.o_proj.min_weight"": 0.09389004358679003, ""attn.o_proj.min_weight_distance"": 2.092590542511271, ""direction_index"": 37.867596227383345, ""direction_scope"": ""global"", ""mlp.down_proj.max_weight"": -0.10744255547813736, ""mlp.down_proj.max_weight_position"": 36.653901634341544, ""mlp.down_proj.min_weight"": 0.6237996339166391, ""mlp.down_proj.min_weight_distance"": 1.0158638922423684}",0.0009150009718723595,4,3,2,1,2.3695397970543426,498068794.171972,40.30303671407732,3.3766607778598634,2.0975996924361,389786750.47120166,0,0,0,0,0.0,0.0,,0.0,0.0,0.0,4,3,2,1,2.3695397970543426,498068794.171972,40.30303671407732,3.3766607778598634,2.0975996924361,389786750.47120166,0.8796588790518488,this artifact replay,False,False,False,False,False,98.0
68,100,95,95,95,0,0,95,75.18,0.27,,,,,,,,,,False,,False,gams,tpe,2.201468,94,2.201468,2.3703976,0.0,95,0.0027008664328604,per layer,"{""attn.o_proj.max_weight"": 0.876980058843116, ""attn.o_proj.max_weight_position"": 44.04002041445002, ""attn.o_proj.min_weight"": 0.8835939368272501, ""attn.o_proj.min_weight_distance"": 2.661397515005847, ""direction_index"": 29.96525472703762, ""direction_scope"": ""per layer"", ""mlp.down_proj.max_weight"": 0.7445949731681206, ""mlp.down_proj.max_weight_position"": 44.96019761862122, ""mlp.down_proj.min_weight"": 0.49991071294427514, ""mlp.down_proj.min_weight_distance"": 6.127311768844733}",0.0027008664328604937,5,5,5,5,4.153217394844244,1649250708.9337547,44.00221770482295,4.994224205884743,4.153217394844244,1649250708.9337547,9,9,7,0,5.250102940430376,1245067544.9021635,43.43156597209445,8.673500450575377,5.250102940430375,1245067544.9021635,9,9,7,5,9.40332033527462,5542640821.099137,43.68360893333179,7.294197588240271,9.40332033527462,5542640821.099136,1.0,this artifact replay,False,False,False,False,False,95.0
69,100,37,20,28,9,0,20,96.3,0.85,,,,,,,,,,False,,False,gams,tpe,4.8000617,28,4.51196,4.5092487,0.0,37,0.0090955616906285,per layer,"{""attn.o_proj.max_weight"": 1.0700394297630405, ""attn.o_proj.max_weight_position"": 38.049859710496776, ""attn.o_proj.min_weight"": 0.9476402166020039, ""attn.o_proj.min_weight_distance"": 16.123918143027915, ""direction_index"": 32.14897618112367, ""direction_scope"": ""per layer"", ""mlp.down_proj.max_weight"": 0.5241002020579364, ""mlp.down_proj.max_weight_position"": 46.87410696633696, ""mlp.down_proj.min_weight"": 0.10699303166677034, ""mlp.down_proj.min_weight_distance"": 7.535789464650109}",0.009095561690628529,26,26,26,26,27.19070438119828,5630346248.218246,34.57477524730378,25.994210480647567,27.19070438119828,5630346248.218246,7,5,1,0,2.5007191679808902,333772794.45568424,44.5212107692471,6.67320273167562,2.5007191679808902,333772794.4556842,26,26,26,26,29.69142354917917,7917186286.951829,35.412500050953255,25.465472369727134,29.69142354917917,7917186286.951829,1.0,this artifact replay,False,False,False,False,False,37.0
70,100,55,36,45,10,0,36,94.25,0.81,,,,,,,,,,False,,False,gams,tpe,4.953894,40,4.9086614,4.8904967,0.0,55,0.0075410110875964,per layer,"{""attn.o_proj.max_weight"": 1.0874406380258455, ""attn.o_proj.max_weight_position"": 39.046074043345136, ""attn.o_proj.min_weight"": 0.9571033154307494, ""attn.o_proj.min_weight_distance"": 14.161859456933843, ""direction_index"": 35.10199694333517, ""direction_scope"": ""per layer"", ""mlp.down_proj.max_weight"": 0.7062068607350344, ""mlp.down_proj.max_weight_position"": 45.34876141347939, ""mlp.down_proj.min_weight"": 0.23716184044895533, ""mlp.down_proj.min_weight_distance"": 6.153935296252862}",0.0075410110875964165,23,23,23,23,24.545633936681675,5759391752.865909,36.052809416416345,22.996599064948317,24.545633936681675,5759391752.865908,8,7,5,0,3.9517935342396617,867905282.1115525,44.1022110157473,7.355426292029713,3.9517935342396617,867905282.1115525,23,23,23,23,28.497427470921338,9948923705.870216,37.16903554690453,22.076897277832312,28.497427470921338,9948923705.870216,1.0,this artifact replay,False,False,False,False,False,55.0
71,100,97,97,97,0,0,97,73.52,0.22,100.0,97.0,0.0,3.0,0.0,0.0,0.0,97.0,100.0,True,97.0,False,gams,tpe,1.6940321,96,1.6940321,1.9220487,0.0,97,0.0008423471590504,global,"{""attn.o_proj.max_weight"": 0.9571860731683777, ""attn.o_proj.max_weight_position"": 46.020527892725774, ""attn.o_proj.min_weight"": 0.02403258682418692, ""attn.o_proj.min_weight_distance"": 5.7338397508978165, ""direction_index"": 37.822607648114584, ""direction_scope"": ""global"", ""mlp.down_proj.max_weight"": -0.1771693081993121, ""mlp.down_proj.max_weight_position"": 37.60023303676391, ""mlp.down_proj.min_weight"": 0.8607945581012071, ""mlp.down_proj.min_weight_distance"": 4.766511100009815}",0.000842347159050405,7,6,4,3,4.076789598016997,1167762848.4480343,44.88412799765278,5.7452216925132005,2.8917399444685103,590308201.8000529,0,0,0,0,0.0,0.0,,0.0,0.0,0.0,7,6,4,3,4.076789598016997,1167762848.4480343,44.88412799765278,5.7452216925132005,2.8917399444685103,590308201.8000529,0.7460082704899024,this artifact replay,False,True,False,False,False,97.0
72,100,29,1,8,21,0,1,100.0,1.0,100.0,2.0,16.0,82.0,0.0,0.0,0.0,2.0,100.0,True,2.0,False,gams,tpe,4.4741044,5,2.7088258,2.1614196,0.0,29,0.1518833935260772,per layer,"{""attn.o_proj.max_weight"": 1.3841746024659234, ""attn.o_proj.max_weight_position"": 33.60586093463302, ""attn.o_proj.min_weight"": 0.9675473865281179, ""attn.o_proj.min_weight_distance"": 17.441136057271002, ""direction_index"": 25.406200966061057, ""direction_scope"": ""per layer"", ""mlp.down_proj.max_weight"": 0.8258468112382618, ""mlp.down_proj.max_weight_position"": 35.67214698167511, ""mlp.down_proj.min_weight"": 0.7552741142365152, ""mlp.down_proj.min_weight_distance"": 22.222596952484768}",0.15188339352607727,31,31,31,31,42.28402990189696,9631921559.133272,32.02340135529688,30.99765419562202,42.28402990189696,9631921559.133272,34,34,34,17,25.207424536961238,3053375656.313299,31.022406685706216,33.81289823791143,25.20742453696124,3053375656.313299,34,34,34,31,67.4914544388582,23522327019.367256,31.649539244820872,32.52490498057099,67.4914544388582,23522327019.367256,1.0,this artifact replay,False,True,False,False,False,29.0
73,100,97,97,97,0,0,97,73.55,0.21,,,,,,,,,,False,,False,gams,tpe,1.6940321,96,1.6940321,1.9220487,0.0,97,0.0011005733394995,global,"{""attn.o_proj.max_weight"": 0.8522453250725381, ""attn.o_proj.max_weight_position"": 44.90955240571489, ""attn.o_proj.min_weight"": 0.17404894695213752, ""attn.o_proj.min_weight_distance"": 4.855736158830363, ""direction_index"": 40.43225763412283, ""direction_scope"": ""global"", ""mlp.down_proj.max_weight"": -0.00822315557165157, ""mlp.down_proj.max_weight_position"": 41.66446044829044, ""mlp.down_proj.min_weight"": 0.8825056097425305, ""mlp.down_proj.min_weight_distance"": 7.989680375069842}",0.0011005733394995332,7,7,5,1,4.094281002961546,1131753722.0546548,44.386451666606206,6.436161114852776,3.4460796617876235,807312002.0171659,0,0,0,0,0.0,0.0,,0.0,0.0,0.0,7,7,5,1,4.094281002961546,1131753722.0546548,44.386451666606206,6.436161114852776,3.4460796617876235,807312002.0171659,0.8573020644176664,this artifact replay,False,False,False,False,False,97.0
74,100,97,95,96,1,0,95,80.67,0.25,,,,,,,,,,False,,False,gams,tpe,1.7199347,95,1.9678953,2.1784894,0.0,97,0.0183454118669033,global,"{""attn.o_proj.max_weight"": 1.3064267193398384, ""attn.o_proj.max_weight_position"": 33.69025040324085, ""attn.o_proj.min_weight"": 0.4256958758658015, ""attn.o_proj.min_weight_distance"": 10.207024980583338, ""direction_index"": 25.789876242965043, ""direction_scope"": ""global"", ""mlp.down_proj.max_weight"": 0.4672881362360331, ""mlp.down_proj.max_weight_position"": 28.294502267732945, ""mlp.down_proj.min_weight"": 0.8814980124043879, ""mlp.down_proj.min_weight_distance"": 23.598459714033716}",0.018345411866903305,20,20,20,15,18.77784940049333,2944536214.029387,33.574474491349584,19.033296937020506,9.35667567410286,581065626.027811,43,43,0,0,18.99645001619823,1006016717.911484,26.13047842299613,42.95022611371954,6.622395535208177,166622861.95379227,43,43,20,20,37.77429941669157,6745388001.516578,29.830937181144243,32.47459551361914,15.979071209311035,1317577148.314429,0.3407023819981254,this artifact replay,False,False,False,False,False,97.0
75,100,64,52,57,7,0,52,84.09,0.55,,,,,,,,,,False,,False,gams,tpe,4.749658,55,4.948901,4.933143,0.0,64,0.0442604981362819,global,"{""attn.o_proj.max_weight"": 1.3616588645776788, ""attn.o_proj.max_weight_position"": 28.621826829292303, ""attn.o_proj.min_weight"": 0.9880757761824841, ""attn.o_proj.min_weight_distance"": 13.43304396942803, ""direction_index"": 18.965991191118817, ""direction_scope"": ""global"", ""mlp.down_proj.max_weight"": 0.8006169533803633, ""mlp.down_proj.max_weight_position"": 30.896505680307257, ""mlp.down_proj.min_weight"": 0.842151445917874, ""mlp.down_proj.min_weight_distance"": 21.994273749598293}",0.04426049813628197,27,27,27,27,36.54434606489991,5812244578.641566,28.997723509153197,26.999673071101885,10.69378967927279,189709264.86368328,39,39,39,17,28.99189123965892,2889567263.3257,28.21667850687707,38.91668796126669,7.090015921063081,61012727.97868523,39,39,39,27,65.53623730455882,15258324667.291502,28.652205171656373,33.900488588035934,17.783805600335874,462643800.62157536,0.2455589481498236,this artifact replay,False,False,False,False,False,64.0
76,100,91,91,91,0,0,91,77.52,0.25,100.0,94.0,1.0,5.0,0.0,0.0,0.0,94.0,100.0,True,94.0,False,gams,tpe,2.8601918,90,2.8601918,2.9877326,0.0,91,0.0042065205052495,per layer,"{""attn.o_proj.max_weight"": 1.0223237236155511, ""attn.o_proj.max_weight_position"": 37.33234185934802, ""attn.o_proj.min_weight"": 0.5278514718396978, ""attn.o_proj.min_weight_distance"": 5.3583709269239685, ""direction_index"": 28.64326583426352, ""direction_scope"": ""per layer"", ""mlp.down_proj.max_weight"": 0.8788254822825681, ""mlp.down_proj.max_weight_position"": 45.291863949020026, ""mlp.down_proj.min_weight"": 0.09174230350282407, ""mlp.down_proj.min_weight_distance"": 10.325779370089156}",0.0042065205052495,11,11,11,6,8.513186310368063,1494248904.6391132,37.10549903018084,10.638702534144604,8.513186310368063,1494248904.639113,12,10,7,3,6.738180163233617,1662632850.314723,42.771546872714026,10.506356305556023,6.738180163233617,1662632850.3147228,16,16,16,11,15.251366473601678,4401224806.441318,39.60880594648718,14.943902754642234,15.251366473601678,4401224806.441318,1.0,this artifact replay,False,True,False,False,False,91.0
77,100,64,44,55,9,0,44,91.61,0.73,,,,,,,,,,False,,False,gams,tpe,4.764219,46,4.944141,5.0528364,0.0,64,0.0080923167988657,per layer,"{""attn.o_proj.max_weight"": 1.1646592293187334, ""attn.o_proj.max_weight_position"": 43.43642875197197, ""attn.o_proj.min_weight"": 0.8745802333370825, ""attn.o_proj.min_weight_distance"": 2.171530472769883, ""direction_index"": 27.00199562432939, ""direction_scope"": ""per layer"", ""mlp.down_proj.max_weight"": 1.1753957530770198, ""mlp.down_proj.max_weight_position"": 45.99522014224898, ""mlp.down_proj.min_weight"": 0.3960500571973759, ""mlp.down_proj.min_weight_distance"": 16.83533919883791}",0.008092316798865795,4,4,4,4,4.389570854210852,2192717541.610353,43.496103294376816,3.996185622193307,4.389570854210852,2192717541.610353,18,18,18,12,15.3831927668789,4296808543.690372,39.78102088140896,16.958735641130104,15.3831927668789,4296808543.690372,18,18,18,12,19.77276362108975,10786928516.968006,40.60577243326392,13.87889642972403,19.77276362108975,10786928516.968006,1.0,this artifact replay,False,False,False,False,False,64.0
78,100,87,85,86,1,0,85,81.49,0.35,,,,,,,,,,False,,False,gams,tpe,3.3515408,83,3.471522,3.7582896,0.0,87,0.0081737004220485,global,"{""attn.o_proj.max_weight"": 1.1010153013337605, ""attn.o_proj.max_weight_position"": 33.82480398450045, ""attn.o_proj.min_weight"": 0.976626040372263, ""attn.o_proj.min_weight_distance"": 22.658517763397477, ""direction_index"": 30.77866920515, ""direction_scope"": ""global"", ""mlp.down_proj.max_weight"": 0.3271887600434135, ""mlp.down_proj.max_weight_position"": 44.33650064750816, ""mlp.down_proj.min_weight"": 0.14331503316062935, ""mlp.down_proj.min_weight_distance"": 2.328293749221798}",0.008173700422048569,36,36,36,36,39.24743446308807,6177870341.545246,29.53976327371164,35.99859130976766,18.921818066400093,2151231898.663152,4,1,0,0,0.8272046479317946,92511907.55891377,44.40482019471169,3.657037666608996,0.3902954750661586,20627244.79261586,36,36,36,36,40.07463911101986,7163449689.941396,29.84660182421628,35.86511243776519,19.31211354146625,2369295519.125564,0.4804809645924813,this artifact replay,False,False,False,False,False,87.0
79,100,91,90,90,1,0,90,77.2,0.3,,,,,,,,,,False,,False,gams,tpe,2.8446422,88,2.9879048,3.1899035,0.0,91,0.003344683907926,per layer,"{""attn.o_proj.max_weight"": 0.9364594591533049, ""attn.o_proj.max_weight_position"": 39.99989842749194, ""attn.o_proj.min_weight"": 0.5828147976517472, ""attn.o_proj.min_weight_distance"": 12.545090178540148, ""direction_index"": 34.25183200848351, ""direction_scope"": ""per layer"", ""mlp.down_proj.max_weight"": 0.108070898882338, ""mlp.down_proj.max_weight_position"": 41.453967201204236, ""mlp.down_proj.min_weight"": 0.04314836282210126, ""mlp.down_proj.min_weight_distance"": 16.13774156765184}",0.0033446839079260826,20,20,20,11,15.428168165920738,3134786737.298543,37.99451392337379,19.63489107648654,15.428168165920738,3134786737.298543,2,0,0,0,1.4449670927421838,34465589.028453134,38.97485509906802,18.33112733303711,1.4449670927421838,34465589.028453134,20,20,20,15,16.87313525866292,3818887655.203901,38.07846754057787,19.596520916369016,16.87313525866292,3818887655.203901,1.0,this artifact replay,False,False,False,False,False,91.0
80,100,43,24,32,11,0,24,97.66,0.91,,,,,,,,,,False,,False,gams,tpe,4.8774314,28,4.604437,4.456349,0.02666666666666667,43,0.0098555125296115,global,"{""attn.o_proj.max_weight"": 1.1754193720532398, ""attn.o_proj.max_weight_position"": 30.675213184608367, ""attn.o_proj.min_weight"": 0.7979052492607722, ""attn.o_proj.min_weight_distance"": 11.451780950916294, ""direction_index"": 31.298073180908563, ""direction_scope"": ""global"", ""mlp.down_proj.max_weight"": 0.39941756420903474, ""mlp.down_proj.max_weight_position"": 34.99794834769372, ""mlp.down_proj.min_weight"": 0.5332648844659071, ""mlp.down_proj.min_weight_distance"": 27.898788892762916}",0.009855512529611588,23,23,23,23,24.28981178923729,3400428417.5310707,30.963388036781573,22.90275710864699,15.364485437408597,1563602618.5582757,40,35,0,0,12.929861708894194,652254473.9571548,28.977661887606214,39.00777144321806,6.1899425158320005,243960480.2188197,40,35,23,23,37.219673498131485,6453097119.053625,30.273560263255792,29.22259626674432,21.554427953240594,2900658885.721721,0.434144645738272,this artifact replay,False,False,False,False,False,43.0
81,100,77,67,75,2,0,67,86.92,0.51,,,,,,,,,,False,,False,gams,tpe,4.2229557,71,4.316519,4.50868,0.0,77,0.0059159491211175,per layer,"{""attn.o_proj.max_weight"": 0.9475132691752979, ""attn.o_proj.max_weight_position"": 37.73708952153043, ""attn.o_proj.min_weight"": 0.9604915350160155, ""attn.o_proj.min_weight_distance"": 13.498839575701242, ""direction_index"": 26.68862815701336, ""direction_scope"": ""per layer"", ""mlp.down_proj.max_weight"": 0.17887206071914002, ""mlp.down_proj.max_weight_position"": 44.59822035716188, ""mlp.down_proj.min_weight"": 0.0066545505074376565, ""mlp.down_proj.min_weight_distance"": 1.7492675350093956}",0.005915949121117592,23,23,23,23,21.417839175080164,4366204981.563252,36.02949839165221,22.997459129474315,21.417839175080168,4366204981.563252,2,0,0,0,0.3091884768301715,17679575.899452977,44.62906984291586,2.7617376393269324,0.3091884768301715,17679575.89945298,23,23,23,23,21.72702765191034,4676216567.0773535,36.15187538868128,22.96539769983513,21.72702765191034,4676216567.0773535,1.0,this artifact replay,False,False,False,False,False,77.0
82,100,45,27,37,8,0,27,95.79,0.85,100.0,44.0,23.0,33.0,0.0,0.0,0.0,44.0,100.0,True,44.0,False,gams,tpe,5.046348,33,4.826694,4.7327385,0.05063291139240506,45,0.0084277251735329,per layer,"{""attn.o_proj.max_weight"": 1.0260302921080215, ""attn.o_proj.max_weight_position"": 39.549216461435044, ""attn.o_proj.min_weight"": 0.9775148445106373, ""attn.o_proj.min_weight_distance"": 17.035530563943357, ""direction_index"": 38.9804994999799, ""direction_scope"": ""per layer"", ""mlp.down_proj.max_weight"": 0.4919732716799098, ""mlp.down_proj.max_weight_position"": 42.573384697950395, ""mlp.down_proj.min_weight"": 0.3608425851375082, ""mlp.down_proj.min_weight_distance"": 5.994962316600371}",0.008427725173532963,25,25,25,25,25.41113144903181,5277738960.587699,35.036170129357295,24.99899702883274,25.41113144903181,5277738960.587699,11,10,0,0,3.8080677488966095,522145955.70162976,42.23693300894165,10.379594868235856,3.8080677488966095,522145955.70162976,25,25,25,25,29.21919919792842,8578613430.4161,35.97462818576909,24.38757904205096,29.21919919792842,8578613430.4161,1.0,this artifact replay,False,True,False,False,False,45.0
83,100,36,12,22,14,0,12,99.27,0.98,,,,,,,,,,False,,False,gams,tpe,4.743869,19,4.106929,3.922721,0.0,36,0.011403638869524,global,"{""attn.o_proj.max_weight"": 1.4010686840593338, ""attn.o_proj.max_weight_position"": 32.04903192873276, ""attn.o_proj.min_weight"": 0.8577484060802245, ""attn.o_proj.min_weight_distance"": 20.96057375350027, ""direction_index"": 37.86713470358992, ""direction_scope"": ""global"", ""mlp.down_proj.max_weight"": 0.4128293036363867, ""mlp.down_proj.max_weight_position"": 29.290277188216564, ""mlp.down_proj.min_weight"": 0.9957616016253549, ""mlp.down_proj.min_weight_distance"": 23.040527476841646}",0.011403638869524002,36,36,36,36,47.29786025262017,9019334619.753565,29.66493826061916,35.94307585409627,23.32453820908333,5400059840.48591,41,41,0,0,16.893691980369667,878594009.1901774,27.0043072494805,40.99994768122972,7.208717746605622,523721228.13151664,41,41,36,36,64.19155223298984,15525715918.554115,28.964723369219534,38.08657721785772,30.53325595568896,9285998453.796549,0.426555189352352,this artifact replay,False,False,False,False,False,36.0
84,100,38,6,15,23,0,6,100.0,1.0,,,,,,,,,,False,,False,gams,tpe,4.8013268,14,3.6015878,3.5433865,0.0,38,0.1308792531490326,per layer,"{""attn.o_proj.max_weight"": 1.080764095225543, ""attn.o_proj.max_weight_position"": 30.798502900343824, ""attn.o_proj.min_weight"": 0.4641773122945773, ""attn.o_proj.min_weight_distance"": 19.94074543833488, ""direction_index"": 26.098537212813916, ""direction_scope"": ""per layer"", ""mlp.down_proj.max_weight"": 0.7692890902125851, ""mlp.down_proj.max_weight_position"": 28.889453733951587, ""mlp.down_proj.min_weight"": 0.6716948604167085, ""mlp.down_proj.min_weight_distance"": 27.475373883728338}",0.1308792531490326,37,37,37,23,29.957662483582887,3452398059.1702795,29.594717721663027,35.62098893152313,29.957662483582887,3452398059.1702795,46,46,46,4,30.34886117342589,2331120546.14612,25.194760078764254,45.52685072046236,30.34886117342589,2331120546.14612,46,46,46,37,60.30652365700878,11433694840.476255,27.38046799251668,41.817767688530544,60.30652365700879,11433694840.476255,1.0,this artifact replay,False,False,False,False,False,38.0
85,100,35,7,19,16,0,7,99.34,0.98,100.0,23.0,37.0,40.0,0.0,0.0,0.0,,100.0,False,23.0,True,gams,tpe,4.660126,16,3.9663148,3.6054256,0.0,35,0.0154580902308225,per layer,"{""attn.o_proj.max_weight"": 1.1738565470638225, ""attn.o_proj.max_weight_position"": 36.42450902848518, ""attn.o_proj.min_weight"": 0.9696039175868322, ""attn.o_proj.min_weight_distance"": 16.892680645733808, ""direction_index"": 27.230888416431053, ""direction_scope"": ""per layer"", ""mlp.down_proj.max_weight"": 0.93019307846987, ""mlp.down_proj.max_weight_position"": 44.79260236817496, ""mlp.down_proj.min_weight"": 0.03033733549939116, ""mlp.down_proj.min_weight_distance"": 7.532425405727153}",0.015458090230822563,28,28,28,28,32.43593999519536,6938701571.376074,33.536752056740674,27.99809779794736,32.435939995195355,6938701571.376075,10,8,6,3,5.6891622099536745,1597839326.301124,43.61858803758263,8.36762347089889,5.689162209953675,1597839326.301124,28,28,28,28,38.12510220514904,13634929009.338049,35.04119917823353,26.60722563139598,38.12510220514904,13634929009.338049,1.0,this artifact replay,False,False,False,True,False,35.0
86,100,60,43,53,7,0,43,92.56,0.7,,,,,,,,,,False,,False,gams,tpe,4.8301115,49,4.9871716,5.045778,0.0,60,0.0549777895212173,global,"{""attn.o_proj.max_weight"": 1.1523535875536617, ""attn.o_proj.max_weight_position"": 41.396998441064504, ""attn.o_proj.min_weight"": 0.7105897164107555, ""attn.o_proj.min_weight_distance"": 16.35056950313115, ""direction_index"": 27.375809749156833, ""direction_scope"": ""global"", ""mlp.down_proj.max_weight"": 0.9787796565585716, ""mlp.down_proj.max_weight_position"": 39.205733302377254, ""mlp.down_proj.min_weight"": 0.7547229615444353, ""mlp.down_proj.min_weight_distance"": 23.63499731848268}",0.054977789521217346,22,22,22,22,22.394822497550276,5601506832.0728855,37.00331445365551,21.81772217804821,11.286740849377894,1010490596.7145782,32,32,32,31,28.11837736633196,4446363903.879163,32.1572767420152,31.79796073019457,13.356210393258875,885864563.0470738,32,32,32,31,50.51319986388222,19835473372.1288,34.30574792699388,28.612183024042192,24.64295124263677,3734698791.850136,0.4734619322217324,this artifact replay,False,False,False,False,False,60.0
87,100,22,3,9,13,0,3,99.89,0.99,,,,,,,,,,False,,False,gams,tpe,4.127749,7,2.9140902,2.6192713,0.0,22,0.1302226483821869,global,"{""attn.o_proj.max_weight"": 1.4172086928017371, ""attn.o_proj.max_weight_position"": 33.20555767250594, ""attn.o_proj.min_weight"": 0.9206955379776921, ""attn.o_proj.min_weight_distance"": 23.976278651429993, ""direction_index"": 26.318635805793463, ""direction_scope"": ""global"", ""mlp.down_proj.max_weight"": 1.075014958107268, ""mlp.down_proj.max_weight_position"": 28.253129322410594, ""mlp.down_proj.min_weight"": 0.8910504851661226, ""mlp.down_proj.min_weight_distance"": 27.105930610376735}",0.1302226483821869,38,38,38,38,52.05832269317819,9865576014.615494,28.64979588315961,37.98186639226554,20.716043757163536,1745707182.086516,46,46,46,46,47.10432433855439,5450131579.66412,24.68046688240917,45.95828300756303,15.714646834567588,994330414.4360734,46,46,46,46,99.16264703173258,29979579758.07251,26.764281869017303,43.25697965200545,36.43069059173112,5374553923.634031,0.3263068572277041,this artifact replay,False,False,False,False,False,22.0
88,100,16,0,1,15,0,0,100.0,1.0,100.0,1.0,4.0,95.0,0.0,0.0,0.0,,100.0,False,1.0,True,gams,tpe,3.6263514,2,0.9953507,1.3758407,0.0,16,0.1749354153871536,global,"{""attn.o_proj.max_weight"": 1.3822688097043079, ""attn.o_proj.max_weight_position"": 32.33680882259359, ""attn.o_proj.min_weight"": 0.628390724800135, ""attn.o_proj.min_weight_distance"": 22.339042167113348, ""direction_index"": 22.303238934783742, ""direction_scope"": ""global"", ""mlp.down_proj.max_weight"": 1.3503011653737298, ""mlp.down_proj.max_weight_position"": 29.629692445168732, ""mlp.down_proj.min_weight"": 0.8496601642391542, ""mlp.down_proj.min_weight_distance"": 27.056216185114664}",0.17493541538715363,38,38,38,38,43.88749653410562,7366248619.177232,29.215531410068923,37.44745981408409,14.67416458588716,523572196.9169354,45,45,45,45,56.80444052158708,8394536938.65097,25.305121693532588,44.916525632987145,16.26845380200966,592947654.601737,45,45,45,45,100.69193705569272,31467454388.94684,27.00950933269877,42.97618791811805,30.94261838789682,2229501800.215054,0.2796736711636797,this artifact replay,False,False,True,False,False,16.0
89,100,16,2,5,11,0,2,100.01,1.0,100.0,14.0,27.0,59.0,0.0,0.0,0.0,14.0,100.0,True,14.0,False,gams,tpe,3.6223617,4,2.1312132,1.9065295,0.0,16,0.5154604315757751,global,"{""attn.o_proj.max_weight"": 1.420920953133819, ""attn.o_proj.max_weight_position"": 34.32596977770893, ""attn.o_proj.min_weight"": 0.5145697715598838, ""attn.o_proj.min_weight_distance"": 19.46777975210137, ""direction_index"": 25.210421991558704, ""direction_scope"": ""global"", ""mlp.down_proj.max_weight"": 1.4009777098516016, ""mlp.down_proj.max_weight_position"": 32.031932391560744, ""mlp.down_proj.min_weight"": 0.9550846051507329, ""mlp.down_proj.min_weight_distance"": 26.088857647254727}",0.5154604315757751,33,33,33,32,36.85350602166737,7141340412.199515,31.858286737794657,32.09423785141487,15.337109238354282,957029388.6785415,42,42,42,42,57.70410305864318,9860321822.837755,26.59962482422429,41.993327772447024,19.18463640022678,1309418887.3939123,42,42,42,42,94.55760908031056,33699250381.822227,28.64917039102345,39.999278265189496,34.52174563858105,4496066568.420073,0.3302380056593218,this artifact replay,False,True,False,False,False,16.0
90,100,26,2,10,16,0,2,100.0,1.0,,,,,,,,,,False,,False,gams,tpe,4.3157635,5,2.9249473,2.1553729,0.0,26,0.1522092670202255,global,"{""attn.o_proj.max_weight"": 1.4042197478696778, ""attn.o_proj.max_weight_position"": 29.400365970519655, ""attn.o_proj.min_weight"": 0.8920121082399396, ""attn.o_proj.min_weight_distance"": 25.24521669479895, ""direction_index"": 28.922657448349597, ""direction_scope"": ""global"", ""mlp.down_proj.max_weight"": 1.0912990826300915, ""mlp.down_proj.max_weight_position"": 28.78852579683894, ""mlp.down_proj.min_weight"": 0.8686051153279422, ""mlp.down_proj.min_weight_distance"": 26.739290093332055}",0.15220926702022552,43,43,43,43,57.5354914597084,9316197244.783394,26.162670411934883,42.96177431555151,21.701410155598712,2283594897.323034,45,45,45,45,46.317139344779534,5522935586.317015,25.219926317495894,44.93995517857986,16.81438847618028,1362751137.8749163,45,45,45,45,103.85263080448794,29185079099.188023,25.74221683988428,44.24917300981824,38.515798631778985,7174447934.564712,0.3539549225282999,this artifact replay,False,False,False,False,False,26.0
91,100,25,4,8,17,0,4,100.01,1.0,,,,,,,,,,False,,False,gams,tpe,4.3013124,5,2.6761832,2.1448169,0.0,25,0.2622140645980835,global,"{""attn.o_proj.max_weight"": 1.4048503927401204, ""attn.o_proj.max_weight_position"": 30.81535996986439, ""attn.o_proj.min_weight"": 0.3895379992828678, ""attn.o_proj.min_weight_distance"": 23.759044001357804, ""direction_index"": 25.11279086512675, ""direction_scope"": ""global"", ""mlp.down_proj.max_weight"": 1.3978901736947564, ""mlp.down_proj.max_weight_position"": 33.36732313373174, ""mlp.down_proj.min_weight"": 0.3546755689686199, ""mlp.down_proj.min_weight_distance"": 26.99739661660555}",0.2622140645980835,40,40,40,35,41.36242932162308,5996286642.661762,28.64652854209964,38.19774599871459,15.609459020498996,919527807.711606,41,41,41,34,41.91712605400786,6806313997.474995,29.06368948035522,38.75460816043319,15.310051509798912,900967156.4169075,41,41,41,40,83.27955537563095,25551240653.91201,28.85649829463729,38.58803364155194,30.919510530297917,3636017036.1206665,0.3303261744950753,this artifact replay,False,False,False,False,False,25.0
92,100,18,2,7,11,0,2,99.83,0.98,,,,,,,,,,False,,False,gams,tpe,3.7769535,7,2.6174536,2.6174536,0.0,18,0.2213340997695922,global,"{""attn.o_proj.max_weight"": 1.472922272943088, ""attn.o_proj.max_weight_position"": 38.30623225150359, ""attn.o_proj.min_weight"": 0.7822219974947329, ""attn.o_proj.min_weight_distance"": 25.849192059692275, ""direction_index"": 26.078709800915487, ""direction_scope"": ""global"", ""mlp.down_proj.max_weight"": 1.3920901361497722, ""mlp.down_proj.max_weight_position"": 28.84825389695956, ""mlp.down_proj.min_weight"": 0.7734147999759848, ""mlp.down_proj.min_weight_distance"": 19.097724467507778}",0.22133409976959229,35,35,35,35,46.896240858159146,10240504258.04016,30.62227601437219,34.83247490184134,19.446835577631106,1582044680.9539735,38,38,38,38,46.93697896089631,7642366496.265228,28.54423900248773,37.79643843372331,18.71496272995958,1394384284.804935,38,38,38,38,93.83321981905549,35518534920.66012,29.582806414001755,36.92053244992029,38.16179830759069,5933889916.389797,0.3832238524876124,this artifact replay,False,False,False,False,False,18.0
93,100,33,1,11,22,0,1,100.0,1.0,,,,,,,,,,False,,False,gams,tpe,4.571903,7,3.1103382,2.5354693,0.0,33,0.047863733023405,global,"{""attn.o_proj.max_weight"": 1.4287961108977545, ""attn.o_proj.max_weight_position"": 37.2815235429685, ""attn.o_proj.min_weight"": 0.8115073326030959, ""attn.o_proj.min_weight_distance"": 27.443452766612154, ""direction_index"": 22.40144805610399, ""direction_scope"": ""global"", ""mlp.down_proj.max_weight"": 0.7884747830242098, ""mlp.down_proj.max_weight_position"": 30.50088215869645, ""mlp.down_proj.min_weight"": 0.8878435559061468, ""mlp.down_proj.min_weight_distance"": 26.358874871098337}",0.047863733023405075,38,38,38,38,49.99525733619442,9756537984.2347,29.077744227560032,37.86418856139293,16.54398528114777,658218505.7693993,43,43,43,22,32.28562894129858,2959775290.53596,26.21296121448833,42.95853463673182,9.69926196204559,215372007.91381407,43,43,43,38,82.28088627749301,23459524862.69817,27.95365179805653,40.791437795325294,26.243247243193363,1626092537.4801016,0.2961359093418716,this artifact replay,False,False,False,False,False,33.0
94,100,87,87,87,0,0,87,80.75,0.32,,,,,,,,,,False,,False,gams,tpe,3.3770812,85,3.3770812,3.6083207,0.0,87,0.0044709020294249,per layer,"{""attn.o_proj.max_weight"": 1.1456325991052045, ""attn.o_proj.max_weight_position"": 39.79993785618711, ""attn.o_proj.min_weight"": 0.9951859057771705, ""attn.o_proj.min_weight_distance"": 8.739649732805695, ""direction_index"": 35.30196085147567, ""direction_scope"": ""per layer"", ""mlp.down_proj.max_weight"": 0.48415490647603865, ""mlp.down_proj.max_weight_position"": 46.40208932307859, ""mlp.down_proj.min_weight"": 0.03741385223828912, ""mlp.down_proj.min_weight_distance"": 8.232674831691488}",0.004470902029424906,16,16,16,16,18.28973418567196,5717202914.409262,39.500662322921336,15.999973961586324,18.289734185671957,5717202914.409261,8,5,0,0,2.5564104059112456,338021050.4264434,44.22270860437768,7.32792129961724,2.5564104059112456,338021050.4264434,16,16,16,16,20.846144591583204,8261775054.920792,40.07973766215617,15.721054970748446,20.846144591583204,8261775054.920792,1.0,this artifact replay,False,False,False,False,False,87.0
95,100,34,16,25,9,0,16,98.36,0.95,100.0,29.0,29.0,42.0,0.0,0.0,0.0,29.0,100.0,True,29.0,False,gams,tpe,4.7845902,24,4.336723,4.2279935,0.0,34,0.0247603710740804,global,"{""attn.o_proj.max_weight"": 1.3268438028934435, ""attn.o_proj.max_weight_position"": 32.85703573787501, ""attn.o_proj.min_weight"": 0.900436063653543, ""attn.o_proj.min_weight_distance"": 22.005213400650778, ""direction_index"": 28.55460674193555, ""direction_scope"": ""global"", ""mlp.down_proj.max_weight"": 0.4182319704987627, ""mlp.down_proj.max_weight_position"": 31.8763614303349, ""mlp.down_proj.min_weight"": 0.6153667454434723, ""mlp.down_proj.min_weight_distance"": 17.921140309146733}",0.024760371074080467,37,37,37,37,46.95001637616249,8463297875.368513,29.166332965508357,36.97039075636518,20.59011447718856,2068760928.5387535,34,34,0,0,11.609996967435745,606079241.5039384,30.806858923484405,33.42225941204161,5.736240573618271,164367758.8143086,37,37,37,37,58.56001334359824,13580905996.75756,29.491580524544027,36.73492234292292,26.326355050806825,3395300248.1899843,0.4323417297379891,this artifact replay,False,True,False,False,False,34.0
96,100,20,0,3,17,0,0,100.0,1.0,,,,,,,,,,False,,False,gams,tpe,3.8871498,3,1.7458676,1.7458676,0.0,20,0.2273662537336349,per layer,"{""attn.o_proj.max_weight"": 1.3168683027925137, ""attn.o_proj.max_weight_position"": 31.514738684188284, ""attn.o_proj.min_weight"": 0.7152254616100996, ""attn.o_proj.min_weight_distance"": 26.69256633663935, ""direction_index"": 23.38709063858726, ""direction_scope"": ""per layer"", ""mlp.down_proj.max_weight"": 1.365234360332852, ""mlp.down_proj.max_weight_position"": 30.275610281318997, ""mlp.down_proj.min_weight"": 0.6456395590164159, ""mlp.down_proj.min_weight_distance"": 24.611596445025235}",0.22736625373363495,43,43,43,43,49.70380318343194,7362781458.377157,26.704491181261936,42.66504466499229,49.70380318343194,7362781458.377157,42,42,42,42,48.39197511576052,7154310835.631482,27.16886194292289,41.47244388137255,48.39197511576052,7154310835.631482,43,43,43,43,98.09577829919246,29026459958.66296,26.93357156303173,42.244577879237376,98.09577829919246,29026459958.66296,1.0,this artifact replay,False,False,False,False,False,20.0
97,100,30,9,19,11,0,9,99.78,0.99,,,,,,,,,,False,,False,gams,tpe,4.610319,18,3.8868344,3.7952573,0.0,30,0.0347782969474792,global,"{""attn.o_proj.max_weight"": 1.3239551519585275, ""attn.o_proj.max_weight_position"": 33.62944625310155, ""attn.o_proj.min_weight"": 0.6966854537673028, ""attn.o_proj.min_weight_distance"": 13.15211835713937, ""direction_index"": 31.202185431684494, ""direction_scope"": ""global"", ""mlp.down_proj.max_weight"": 0.8448606956131426, ""mlp.down_proj.max_weight_position"": 28.30770786839934, ""mlp.down_proj.min_weight"": 0.8332534317970799, ""mlp.down_proj.min_weight_distance"": 27.494594478879865}",0.03477829694747925,26,26,26,26,29.26274119276176,6199950229.810373,33.522826114231755,25.73452600313057,18.463811423120777,2403984368.0950413,47,47,47,37,36.783927601944775,3208390312.605474,24.327580936823555,46.88930500694381,14.0193957810554,1161506332.4358246,47,47,47,37,66.04666879470653,18243805557.299503,28.401640760595512,39.87831480702152,32.48320720417618,6896279250.8922,0.3697324515428394,this artifact replay,False,False,False,False,False,30.0
98,100,98,98,98,0,0,98,73.66,0.21,,,,,,,,,,False,,False,gams,tpe,1.4122667,97,1.4122667,1.6915586,0.0,98,0.0015058465069159,global,"{""attn.o_proj.max_weight"": 0.950097280578216, ""attn.o_proj.max_weight_position"": 42.42208940603193, ""attn.o_proj.min_weight"": 0.04078766263514863, ""attn.o_proj.min_weight_distance"": 14.991175084552768, ""direction_index"": 27.09440386028143, ""direction_scope"": ""global"", ""mlp.down_proj.max_weight"": -0.08246339938286733, ""mlp.down_proj.max_weight_position"": 35.72846384087997, ""mlp.down_proj.min_weight"": 0.8996322553940138, ""mlp.down_proj.min_weight_distance"": 6.729666755772472}",0.0015058465069159865,19,17,12,6,11.450296445543067,2588568359.261983,39.89794317007992,16.48670956619366,4.290225970024871,274360035.98985416,0,0,0,0,0.0,0.0,,0.0,0.0,0.0,19,17,12,6,11.450296445543067,2588568359.261983,39.89794317007992,16.48670956619366,4.290225970024871,274360035.98985416,0.4554640363030779,this artifact replay,False,False,False,False,False,98.0
99,100,88,84,86,2,0,84,81.22,0.32,,,,,,,,,,False,,False,gams,tpe,3.2386785,84,3.3997169,3.6325634,0.0,88,0.0123707298189401,global,"{""attn.o_proj.max_weight"": 1.1899299934546226, ""attn.o_proj.max_weight_position"": 31.95165434635181, ""attn.o_proj.min_weight"": 0.8239399373050733, ""attn.o_proj.min_weight_distance"": 19.069337310205768, ""direction_index"": 24.567278276268055, ""direction_scope"": ""global"", ""mlp.down_proj.max_weight"": 0.15925663521358696, ""mlp.down_proj.max_weight_position"": 28.460855348358123, ""mlp.down_proj.min_weight"": 0.8650900724879048, ""mlp.down_proj.min_weight_distance"": 23.347473896353534}",0.012370729818940163,35,35,35,35,38.2434277455024,6216269594.168059,30.17101250379084,34.90320338897561,14.829405692587011,756655472.1813986,42,0,0,0,6.279415554763935,114952024.18661168,26.626309516256796,41.93870039142156,2.068477272146334,14249013.15982357,42,35,35,35,44.52284330026634,8021588985.184681,29.67107446239431,36.42630495847947,16.897882964733345,978519974.8399754,0.3212749138811486,this artifact replay,False,False,False,False,False,88.0
100,100,19,0,4,15,0,0,99.99,0.99,,,,,,,,,,False,,False,gams,tpe,3.8365061,2,1.9709829,1.432541,0.0,19,0.2104219794273376,per layer,"{""attn.o_proj.max_weight"": 1.3579340940739775, ""attn.o_proj.max_weight_position"": 35.65855958077577, ""attn.o_proj.min_weight"": 0.9483213398135927, ""attn.o_proj.min_weight_distance"": 19.59828740263327, ""direction_index"": 26.67315471739924, ""direction_scope"": ""per layer"", ""mlp.down_proj.max_weight"": 1.0872971769868982, ""mlp.down_proj.max_weight_position"": 28.731399503254604, ""mlp.down_proj.min_weight"": 0.9453115900517864, ""mlp.down_proj.min_weight_distance"": 26.48450202628352}",0.21042197942733765,31,31,31,31,41.18784777390525,9217040456.499071,32.07495253875263,30.994044125854856,41.18784777390525,9217040456.499071,45,45,45,45,47.76060883855329,5844794960.825295,25.087968653371643,44.99013536482563,47.76060883855329,5844794960.825295,45,45,45,45,88.94845661245856,29735112289.27566,28.32331235274161,40.88613384773814,88.94845661245854,29735112289.27566,1.0,this artifact replay,False,False,False,False,False,19.0
101,100,39,5,17,22,0,5,100.0,1.0,,,,,,,,,,False,,False,gams,tpe,4.9672604,19,3.7890248,3.9990883,0.01694915254237288,39,0.0558491274714469,per layer,"{""attn.o_proj.max_weight"": 1.3954655579152395, ""attn.o_proj.max_weight_position"": 36.53845162750564, ""attn.o_proj.min_weight"": 0.5618224781348895, ""attn.o_proj.min_weight_distance"": 19.069932324611692, ""direction_index"": 28.261441964833615, ""direction_scope"": ""per layer"", ""mlp.down_proj.max_weight"": 0.38947713413566754, ""mlp.down_proj.max_weight_position"": 30.221922912975625, ""mlp.down_proj.min_weight"": 0.53133445834141, ""mlp.down_proj.min_weight_distance"": 23.323460956013633}",0.05584912747144699,30,30,30,30,34.126637296858554,7540335127.115143,33.33248827843071,29.380789262482885,34.12663729685856,7540335127.115143,41,35,0,0,12.59895685034429,511635566.5202741,27.833961708642494,39.96052292146113,12.59895685034429,511635566.5202741,41,35,30,30,46.72559414720284,11950920565.876917,31.849881149348747,32.980028000950426,46.72559414720284,11950920565.876917,1.0,this artifact replay,False,False,False,False,False,39.0
102,100,72,58,66,6,0,58,90.05,0.58,,,,,,,,,,False,,False,gams,tpe,4.3514447,64,4.6455355,4.788039,0.0,72,0.0201588366180658,global,"{""attn.o_proj.max_weight"": 1.1951190521275785, ""attn.o_proj.max_weight_position"": 35.06106276052247, ""attn.o_proj.min_weight"": 0.48409822545830017, ""attn.o_proj.min_weight_distance"": 27.833679547735933, ""direction_index"": 27.047955079429315, ""direction_scope"": ""global"", ""mlp.down_proj.max_weight"": 0.46576258567106554, ""mlp.down_proj.max_weight_position"": 28.84956630551286, ""mlp.down_proj.min_weight"": 0.4779703083083264, ""mlp.down_proj.min_weight_distance"": 21.91633840605954}",0.020158836618065834,40,40,40,33,37.68193275188701,5693944920.22167,29.193342678503512,38.71761047556957,15.225516562776676,1081607578.4176016,41,38,0,0,14.397377308330691,632321547.1149272,27.597278172436045,39.55109607942835,5.882611795539246,153320878.28107303,41,40,40,40,52.07931006021769,10086405936.416676,28.75210905087447,39.18102699956322,21.10812835831592,2039660319.856088,0.3641335230249395,this artifact replay,False,False,False,False,False,72.0
103,100,26,8,17,9,0,8,96.54,0.94,,,,,,,,,,False,,False,gams,tpe,4.32639,15,3.7619178,3.5679615,0.0,26,0.1101854518055915,global,"{""attn.o_proj.max_weight"": 1.3887612984886546, ""attn.o_proj.max_weight_position"": 28.957299416402037, ""attn.o_proj.min_weight"": 0.582555280238098, ""attn.o_proj.min_weight_distance"": 23.781844311541633, ""direction_index"": 19.530029414548487, ""direction_scope"": ""global"", ""mlp.down_proj.max_weight"": 1.0976324322328586, ""mlp.down_proj.max_weight_position"": 29.773825681804926, ""mlp.down_proj.min_weight"": 0.6870421451333821, ""mlp.down_proj.min_weight_distance"": 27.793874464233934}",0.11018545180559158,42,42,42,42,47.43559941406368,6633762023.425453,27.05441328793837,41.2359949223094,13.006897238076045,255422041.63462856,46,46,46,46,43.610199574438056,4905070218.076993,25.276670336376384,45.554209508195456,10.99798461684018,172399545.52559406,46,46,46,46,91.04579898850172,22933967463.419502,26.202888826941987,43.88962699467901,24.004881854916224,847272039.605752,0.2442262809497904,this artifact replay,False,False,False,False,False,26.0
104,100,59,33,47,12,0,33,94.15,0.78,100.0,38.0,35.0,27.0,0.0,0.0,0.0,38.0,100.0,True,38.0,False,gams,tpe,4.8690944,43,5.07283,4.920455,0.0,59,0.0120233073830604,per layer,"{""attn.o_proj.max_weight"": 1.1033661140426811, ""attn.o_proj.max_weight_position"": 42.29318215681139, ""attn.o_proj.min_weight"": 0.6143500246023679, ""attn.o_proj.min_weight_distance"": 25.900552848531497, ""direction_index"": 31.47234977075091, ""direction_scope"": ""per layer"", ""mlp.down_proj.max_weight"": 0.2942614331786383, ""mlp.down_proj.max_weight_position"": 46.080460584094084, ""mlp.down_proj.min_weight"": 0.18686612322006518, ""mlp.down_proj.min_weight_distance"": 9.168589447890536}",0.012023307383060455,31,31,31,27,28.51743351547374,5404609893.497503,33.21447199490028,30.405897909866987,28.51743351547374,5404609893.497503,9,3,0,0,2.017509319360789,165385136.7395396,43.30394027869339,9.367518535830888,2.017509319360789,165385136.7395396,31,31,31,27,30.53494283483453,7136508857.267207,33.8811048554906,29.63619914150072,30.53494283483453,7136508857.267206,1.0,this artifact replay,False,True,False,False,False,59.0
105,100,36,18,22,14,0,18,94.7,0.85,,,,,,,,,,False,,False,gams,tpe,4.620506,21,4.090289,4.0156326,0.0,36,0.1282995045185089,global,"{""attn.o_proj.max_weight"": 1.1073814419539219, ""attn.o_proj.max_weight_position"": 31.760151102421354, ""attn.o_proj.min_weight"": 0.47413636220594985, ""attn.o_proj.min_weight_distance"": 28.180301193603206, ""direction_index"": 20.003370475950028, ""direction_scope"": ""global"", ""mlp.down_proj.max_weight"": 1.3343263912517735, ""mlp.down_proj.max_weight_position"": 32.883183706022805, ""mlp.down_proj.min_weight"": 0.687305588868492, ""mlp.down_proj.min_weight_distance"": 24.209543652982465}",0.1282995045185089,44,44,44,33,37.91473645889967,4476979726.630963,27.106488242700173,42.55396658911824,9.649126186032175,165351845.7967152,39,39,39,39,45.07692583061255,7426643024.094057,28.69506002636834,38.62870593019215,12.126618899378164,260817094.819601,44,44,44,39,82.99166228951222,23427250428.042946,27.969321092332866,40.8757763250952,21.775745085410342,841304638.3634697,0.2455645581201837,this artifact replay,False,False,False,False,False,36.0
106,100,17,4,7,10,0,4,99.2,0.97,,,,,,,,,,False,,False,gams,tpe,3.6581826,4,2.4960299,1.8892806,0.0,17,0.136049211025238,global,"{""attn.o_proj.max_weight"": 1.4456589350338176, ""attn.o_proj.max_weight_position"": 30.092798236147615, ""attn.o_proj.min_weight"": 0.6615390296843933, ""attn.o_proj.min_weight_distance"": 26.006865076610897, ""direction_index"": 19.465265812330856, ""direction_scope"": ""global"", ""mlp.down_proj.max_weight"": 1.2637406441725414, ""mlp.down_proj.max_weight_position"": 28.863909138130726, ""mlp.down_proj.min_weight"": 0.5899136867184315, ""mlp.down_proj.min_weight_distance"": 26.667008642826456}",0.13604921102523804,43,43,43,43,53.15441920070248,8236484866.886103,26.66154633549673,42.53934387045995,13.986186665122611,279579590.63487035,45,45,45,45,46.74237080170902,5782380061.20006,25.805242131080515,44.23314620870104,12.11873994294749,210612583.0847669,45,45,45,45,99.8967900024115,27816494056.99972,26.260875917148763,43.58879088888598,26.1049266080701,975406530.8426204,0.2475036538195806,this artifact replay,False,False,False,False,False,17.0
107,100,48,35,41,7,0,35,89.63,0.7,,,,,,,,,,False,,False,gams,tpe,4.8125377,39,4.8191357,4.7678366,0.044444444444444446,48,0.0449836589395999,global,"{""attn.o_proj.max_weight"": 1.3866720767005571, ""attn.o_proj.max_weight_position"": 28.54399838718559, ""attn.o_proj.min_weight"": 0.7642243416094618, ""attn.o_proj.min_weight_distance"": 26.043373958003418, ""direction_index"": 18.884544328438125, ""direction_scope"": ""global"", ""mlp.down_proj.max_weight"": 1.1156027924357286, ""mlp.down_proj.max_weight_position"": 30.639846466738955, ""mlp.down_proj.min_weight"": 0.5262499843304999, ""mlp.down_proj.min_weight_distance"": 17.617917820698825}",0.04498365893959999,45,45,45,45,55.88722746252844,8069580792.176956,25.39955284266554,44.778977197784016,12.742281230917628,183535914.69858968,34,34,34,24,29.260834405779768,3649385890.662303,30.54143495626669,33.03585259822873,7.373594655010036,85287047.05511218,45,45,45,45,85.14806186830822,22506602404.044346,27.16654269256749,42.37971095510232,20.11587588592766,517811121.2057679,0.223064044470229,this artifact replay,False,False,False,False,False,48.0
108,100,97,97,97,0,0,97,75.32,0.25,,,,,,,,,,False,,False,gams,tpe,1.6940321,96,1.6940321,1.9220487,0.0,97,0.0012558061862364,global,"{""attn.o_proj.max_weight"": 1.0205881549859082, ""attn.o_proj.max_weight_position"": 46.06609041713773, ""attn.o_proj.min_weight"": 0.022790945593997348, ""attn.o_proj.min_weight_distance"": 6.183379798128742, ""direction_index"": 33.59871107661692, ""direction_scope"": ""global"", ""mlp.down_proj.max_weight"": -0.20253642224752863, ""mlp.down_proj.max_weight_position"": 34.12709573142495, ""mlp.down_proj.min_weight"": 0.9167586654815992, ""mlp.down_proj.min_weight_distance"": 6.284943559440117}",0.0012558061862364411,7,6,5,3,4.552328294904122,1366694755.7770069,44.75646236820375,6.0553668471032775,2.7194883466567847,486340563.3976328,0,0,0,0,0.0,0.0,,0.0,0.0,0.0,7,6,5,3,4.552328294904122,1366694755.7770069,44.75646236820375,6.0553668471032775,2.7194883466567847,486340563.3976328,0.639149896003405,this artifact replay,False,False,False,False,False,97.0
109,100,18,1,7,11,0,1,100.0,1.0,100.0,2.0,0.0,98.0,0.0,0.0,0.0,2.0,100.0,True,2.0,False,gams,tpe,3.8060386,5,2.6005228,2.1706877,0.0,18,0.1075933650135994,global,"{""attn.o_proj.max_weight"": 1.3368618666260343, ""attn.o_proj.max_weight_position"": 30.21450942348039, ""attn.o_proj.min_weight"": 0.6914943697867048, ""attn.o_proj.min_weight_distance"": 25.99144938140911, ""direction_index"": 20.753242855440963, ""direction_scope"": ""global"", ""mlp.down_proj.max_weight"": 1.2845544434927954, ""mlp.down_proj.max_weight_position"": 28.547817703987654, ""mlp.down_proj.min_weight"": 0.3985657516079524, ""mlp.down_proj.min_weight_distance"": 27.87672389213479}",0.1075933650135994,43,43,43,43,49.86957540633195,7238815862.530789,26.61181560232003,42.623465567680384,14.134592801249177,370994836.8720262,47,47,47,38,44.49587693010088,5038447066.8636055,25.54430329604127,44.84463041441154,12.604956986094573,305140178.575292,47,47,47,43,94.36545233643282,24312116787.750614,26.10845452021341,44.05800901610503,26.739549787343748,1347637660.7152758,0.2529182108612595,this artifact replay,False,True,False,False,False,18.0
110,100,62,43,49,13,0,43,88.98,0.62,,,,,,,,,,False,,False,gams,tpe,4.7481337,47,4.9357996,4.975356,0.0,62,0.0687018558382988,global,"{""attn.o_proj.max_weight"": 1.1458728315919684, ""attn.o_proj.max_weight_position"": 30.44997305896887, ""attn.o_proj.min_weight"": 0.5553935379765583, ""attn.o_proj.min_weight_distance"": 24.019613497882546, ""direction_index"": 19.978359216637443, ""direction_scope"": ""global"", ""mlp.down_proj.max_weight"": 1.1750420479397532, ""mlp.down_proj.max_weight_position"": 29.881863799635187, ""mlp.down_proj.min_weight"": 0.23084571651809127, ""mlp.down_proj.min_weight_distance"": 26.996614238905455}",0.0687018558382988,41,41,41,36,37.81477231062156,4623923093.63056,27.80522048116009,40.13389819580784,10.147043891190702,182623780.9963461,45,45,38,25,35.13574788063259,3752644985.1586,27.31780308321548,40.94868847677824,9.412287382052376,166381786.02530217,45,45,41,41,72.95052019125416,16677542063.456451,27.57046170545956,40.77756006033256,19.559331273243075,697028206.7413597,0.2412701644384594,this artifact replay,False,False,False,False,False,62.0
111,100,17,1,5,12,0,1,100.0,1.0,100.0,11.0,23.0,66.0,0.0,0.0,0.0,11.0,100.0,True,11.0,False,gams,tpe,3.6807766,3,2.1778135,1.7061628,0.0,17,0.1742615848779678,global,"{""attn.o_proj.max_weight"": 1.302777210208722, ""attn.o_proj.max_weight_position"": 34.34646139006491, ""attn.o_proj.min_weight"": 0.7615606590314539, ""attn.o_proj.min_weight_distance"": 26.269763378897025, ""direction_index"": 26.049337614213403, ""direction_scope"": ""global"", ""mlp.down_proj.max_weight"": 1.388875155228765, ""mlp.down_proj.max_weight_position"": 28.45850709784764, ""mlp.down_proj.min_weight"": 0.3176291201207197, ""mlp.down_proj.min_weight_distance"": 28.008570716569068}",0.17426158487796783,39,39,39,39,45.83595726861188,7692923518.886158,28.600345669141536,38.80090543341046,17.516799013047127,1239464827.41656,47,47,45,38,45.9180458319303,5439593770.423412,25.7920893776763,44.0564677808643,16.994989509405727,1169168690.7990625,47,47,45,39,91.75400310054218,25921914577.13108,27.194961307240657,42.118860314361285,34.51178852245285,4789247597.614819,0.3096777348441452,this artifact replay,False,True,False,False,False,17.0
112,100,17,0,4,13,0,0,100.0,1.0,,,,,,,,,,False,,False,gams,tpe,3.6382153,4,2.0083601,1.9614869,0.0,17,0.0929764807224273,global,"{""attn.o_proj.max_weight"": 1.4176128853734693, ""attn.o_proj.max_weight_position"": 29.220798345598496, ""attn.o_proj.min_weight"": 0.9561368531083683, ""attn.o_proj.min_weight_distance"": 24.455228712598178, ""direction_index"": 21.992618235705276, ""direction_scope"": ""global"", ""mlp.down_proj.max_weight"": 1.2815425337814026, ""mlp.down_proj.max_weight_position"": 29.018239604345425, ""mlp.down_proj.min_weight"": 0.4794552481232118, ""mlp.down_proj.min_weight_distance"": 27.902193933724504}",0.09297648072242737,43,43,43,43,59.75583844717519,10009565632.774456,26.06286247593073,42.993723780030926,16.475641469050082,560470550.1920552,46,46,46,41,45.820816708271934,5506095380.287923,25.73124754766624,44.608890553120006,12.984087743089097,370769869.7773566,46,46,46,43,105.57665515544711,30278437147.04582,25.918939874638227,44.19712675424872,29.45972921213918,1839670413.7022865,0.2568341388693569,this artifact replay,False,False,False,False,False,17.0
113,100,17,0,6,11,0,0,100.0,1.0,,,,,,,,,,False,,False,gams,tpe,3.809183,5,2.389237,2.2100317,0.0,17,0.1217165738344192,global,"{""attn.o_proj.max_weight"": 1.4713682751998711, ""attn.o_proj.max_weight_position"": 29.14955023098513, ""attn.o_proj.min_weight"": 0.9875622339023228, ""attn.o_proj.min_weight_distance"": 16.866687294360407, ""direction_index"": 29.245014697833053, ""direction_scope"": ""global"", ""mlp.down_proj.max_weight"": 1.1736938695287764, ""mlp.down_proj.max_weight_position"": 28.356070243961103, ""mlp.down_proj.min_weight"": 0.3932805175020692, ""mlp.down_proj.min_weight_distance"": 21.35193194748459}",0.12171657383441925,34,34,34,34,49.71295329426583,11028792951.02578,29.497789512636004,33.999548364781575,23.4254384362304,2937277539.2766485,40,40,39,26,33.58370449813613,3449301973.0063114,27.839699229727657,37.984593153866726,15.582424489580315,1181619977.4809022,40,40,39,34,83.29665779240196,26542020629.419064,28.829277527062622,36.359647657584965,39.00786292581071,7767350545.278145,0.4110545012191786,this artifact replay,False,False,False,False,False,17.0
114,100,24,10,16,8,0,10,96.39,0.92,,,,,,,,,,False,,False,gams,tpe,4.178826,12,3.66115,3.2404706,0.0,24,0.118950568139553,global,"{""attn.o_proj.max_weight"": 1.3609866636657448, ""attn.o_proj.max_weight_position"": 28.275560960090317, ""attn.o_proj.min_weight"": 0.9792107015161923, ""attn.o_proj.min_weight_distance"": 17.029934473233553, ""direction_index"": 18.801056572495643, ""direction_scope"": ""global"", ""mlp.down_proj.max_weight"": 1.4896140738599326, ""mlp.down_proj.max_weight_position"": 29.9735684572248, ""mlp.down_proj.min_weight"": 0.44687927076173595, ""mlp.down_proj.min_weight_distance"": 22.920324939966363}",0.11895056813955307,34,34,34,34,45.79339475488744,8322154519.6577,28.497646717135357,33.99875577636421,12.62574277999055,194557122.74412903,40,40,40,38,44.99353613010776,6742197692.243501,28.28659853002076,38.566258727918914,11.17080358215104,163724823.3987462,40,40,40,38,90.7869308849952,29389557378.11788,28.39305232078812,37.040317888134446,23.79654636214159,712335239.9909121,0.2473906332345296,this artifact replay,False,False,False,False,False,24.0
115,100,30,1,9,21,0,1,100.0,1.0,100.0,2.0,8.0,90.0,0.0,0.0,0.0,2.0,100.0,True,2.0,False,gams,tpe,4.412532,6,2.8069198,2.2954526,0.0,30,0.0599851720035076,global,"{""attn.o_proj.max_weight"": 1.439510406111143, ""attn.o_proj.max_weight_position"": 29.282678263051825, ""attn.o_proj.min_weight"": 0.9629383986962716, ""attn.o_proj.min_weight_distance"": 28.190447854695744, ""direction_index"": 22.72473993376889, ""direction_scope"": ""global"", ""mlp.down_proj.max_weight"": 1.1015236785150866, ""mlp.down_proj.max_weight_position"": 36.514991481626126, ""mlp.down_proj.min_weight"": 0.4652536453231445, ""mlp.down_proj.min_weight_distance"": 27.399899258996545}",0.059985172003507614,46,46,46,46,65.17314379013942,10429161290.791168,24.57239113193075,45.99546873429024,18.336538962873945,817541771.7805781,38,38,38,27,32.716205907333745,4916462694.804106,30.28760233646416,36.645960691257805,11.017231451875888,343954744.9744108,46,46,46,46,97.88934969747316,29627326169.82395,26.48250726968504,44.64381551454752,29.353770414749828,2216467543.014964,0.2795985152100007,this artifact replay,False,True,False,False,True,30.0
