source,trial,direction_scope,direction_index,keyword_refusals,kl,attn_cov0.10,attn_cov0.25,attn_cov0.50,attn_cov0.75,attn_mass,attn_energy,attn_centroid,attn_partic,attn_A1,attn_A2,attn_A1_x8,attn_A2_x8,mlp_cov0.10,mlp_cov0.25,mlp_cov0.50,mlp_cov0.75,mlp_mass,mlp_energy,mlp_centroid,mlp_partic,mlp_A1,mlp_A2,mlp_A1_x8,mlp_A2_x8,sum_cov0.10,sum_cov0.25,sum_cov0.50,sum_cov0.75,sum_mass,sum_energy,sum_centroid,sum_partic,sum_A1,sum_A2,sum_A1_x8,sum_A2_x8,mean_cos_in_support,corrected_refusals
iter1_keyword_run,0,global,35.28625933815789,99,0.0038859159685671,18,18,18,18,20.609793235501822,16628471286.560646,37.5327239754276,17.83623079172396,15.095717975508936,7630948841.418984,13.113399811810226,5614215771.885775,8,6,2,0,3.1638385196413066,228217879.2924535,28.4427430927553,6.4442426328471285,1.633449253028918,65108232.75786132,1.4340334534971406,50110070.06292047,22,21,19,18,23.77363175514313,17399399762.646034,36.3230126466913,19.857432952977096,16.729167228537857,7907986562.274679,14.547433265307363,5829372157.698212,0.6622533202171326,
iter1_keyword_run,1,per layer,,89,0.0057059731334447,29,29,29,29,29.458442978304028,14197905618.732653,33.18773280504912,28.860591694635247,29.458442832467213,14197905155.851131,25.74120015409097,11000474589.858246,13,7,0,0,3.385039815801351,1072530688.8781308,41.83253506421893,12.606942314100031,3.3850397896856794,1072530633.5786598,2.955733276790661,819449482.8353682,29,29,29,29,32.84348279410538,22250597794.190376,34.07871626226857,28.49185894902112,32.84348262215289,22250596935.12476,28.696933430881632,17185985120.526043,1.0,
iter1_keyword_run,2,per layer,,80,0.0435309521853923,37,37,37,37,47.74899123994185,25060436658.577667,29.748669670043324,36.665983155701866,47.74899110625368,25060435832.099228,40.28735637314735,19394088977.61436,0,0,0,0,0.2207157324173241,567264.7389452094,29.988605275623488,35.90996847736497,0.2207157316989152,567264.7185736225,0.1872124827436739,438230.7008640625,37,37,37,37,47.96970697235918,25299246752.175827,29.74977364933069,36.66586042914874,47.96970683795259,25299245917.45825,40.47456885589102,19578739289.645515,1.0,
iter1_keyword_run,3,global,26.71310013858545,99,0.0061843274161219,11,10,7,5,7.122913581431355,6485406863.099871,42.607768961441664,9.6808253176646,1.9292029020944408,421615248.64973104,1.3260015447798073,195537072.6965025,28,28,0,0,11.540998890468988,2537544090.809347,33.87122489206866,27.94086084588317,5.546047125823781,302441260.0023679,4.405184566952552,172684956.1961624,28,28,11,9,18.663912471900343,16177594651.743525,37.20544800848119,21.52057582838504,7.475250027918222,1201460753.8389716,5.731186111732359,591599096.58077,0.4876885414123535,
iter1_keyword_run,4,per layer,,87,0.0232132021337747,35,35,35,32,33.88752925735045,15254530638.017933,31.13072367278321,34.37149048986517,33.887529158476745,15254530118.339188,29.0934436868,11813327496.507845,11,11,11,1,7.744065637818802,1171220104.3525383,31.000146187902413,10.983742712390857,7.744065723219623,1171220146.3170383,6.836749464602901,919182517.010721,35,35,35,32,41.63159489516926,19989395783.911125,31.10643441323684,31.46855742447296,41.63159488169636,19989395440.362946,35.930193151402904,15530834144.198725,1.0,
iter1_keyword_run,5,per layer,,100,0.0017024590633809,16,16,16,13,16.54042494429521,5948066602.822002,33.63321566953142,15.138180131919798,16.54042508738637,5948066709.017778,14.672819954746464,4714624091.911456,0,0,0,0,0.0,0.0,,0.0,0.0,0.0,0.0,0.0,16,16,16,13,16.54042494429521,5948066602.822002,33.63321566953142,15.138180131919798,16.54042508738637,5948066709.017778,14.672819954746464,4714624091.911456,1.0,
iter1_keyword_run,6,global,29.901351072329795,91,0.0160616114735603,33,33,33,33,36.56096508582683,17609766560.06809,31.49376334071682,32.68908552778984,17.948464614124145,3937367919.8744473,15.07633069810136,2639908184.996176,46,46,24,0,23.036267878768484,3429169571.8957634,24.94200458839176,45.76726695721812,8.416458484681693,764486330.9507568,7.18269767069966,513992997.959753,46,46,33,33,59.597232964595314,36566314299.33937,28.961295603745075,39.2846477576645,26.36492309880584,8168119381.265058,22.25902836880102,5480950599.885878,0.347910463809967,
iter1_keyword_run,7,per layer,,71,0.2608214914798736,37,37,37,28,34.757925592595825,10219913754.186752,29.13904659524229,35.21541009826653,34.75792549458858,10219913522.54514,29.504092429154632,7945040340.896427,32,32,32,24,29.214516019012137,9985537017.586464,31.461753390061865,30.76212750299185,29.21451594938329,9985536788.7634,25.4632658853134,7772102080.335382,37,37,37,32,63.97244161160796,40384497465.6839,30.199765135214545,33.66470784825742,63.972441443971874,40384496545.19746,54.96735831446803,31415708752.416965,1.0,
iter1_keyword_run,8,per layer,,99,0.0029953604098409,3,3,3,3,2.8477877141053507,4319122501.765413,43.9935485844001,2.988519857090981,2.8477875432689035,4319122064.403424,2.493561463764326,3300817862.854389,14,14,11,7,10.33698849914565,9137440528.011974,41.57095830686435,13.00324924396833,10.336988443183262,9137440061.34053,9.038672364254754,7000465317.531077,14,14,11,7,13.184776213251002,22350224791.474903,42.0942150324312,10.559783090585986,13.184775986452166,22350223033.445683,11.532233828019082,17090200891.730034,1.0,
iter1_keyword_run,9,per layer,,100,0.0035488177090883,8,6,4,2,4.13646783402878,699266108.5378332,32.747831078828135,6.348397412908146,4.136467929486464,699266131.0239667,3.682333693767873,555482354.426223,20,18,0,0,6.667871882678147,1642441757.9748204,37.990545397207455,19.389730037200614,6.667871887788108,1642441694.6496043,5.877696028737409,1277746694.256883,20,19,7,5,10.804339716706927,3016054864.3485303,35.983359422904535,15.492492618038222,10.804339817274572,3016054854.81092,9.560029722505282,2367942321.223318,1.0,
iter1_keyword_run,10,per layer,,100,0.0017228056676685,14,14,14,10,12.284799915396674,5414559258.59259,36.47014185816702,13.560826512423912,12.284799960381454,5414559176.995935,10.944753282200478,4299627666.858446,18,0,0,0,2.68475828594996,233629629.9716928,36.97598808733779,22.496852517849327,2.6847582938547507,233629620.30789825,2.3565218056344555,180246172.0134807,18,14,14,13,14.969558201346633,7195388066.636522,36.56086429879728,15.581174791338562,14.969558254236205,7195387926.823296,13.301275087834934,5707911225.359011,1.0,
iter1_keyword_run,11,per layer,,100,0.0018426487222313,11,11,9,4,7.392146563895244,1275890382.06149,32.068617395835666,10.484785755934384,7.392146674789635,1275890434.1989677,6.548185667917549,1007123499.99799,5,5,4,3,4.164440362108495,2507925747.4814672,39.15080667764008,4.566287551450756,4.164440322262705,2507925702.20201,3.721450581197524,2005353509.4806647,15,15,14,8,11.55658692600374,3978920186.15732,34.620699172755,14.136810670294404,11.556586997052342,3978920193.01534,10.269636249115072,3167507788.615776,1.0,
iter1_keyword_run,12,per layer,,79,0.2390509992837906,34,34,34,34,28.220110104818083,9592395597.466942,30.52546185257401,33.99973450543539,28.220110006005967,9592395257.857883,24.222388028335825,7404769461.631659,38,38,32,13,25.345752453645662,6991103930.806234,30.035828224502318,36.25938322985655,25.345752373234586,6991103731.885876,21.44725134015812,5428878918.488391,38,38,34,34,53.56586255846375,32844115864.439915,30.29378197032548,35.6133596883136,53.56586237924055,32844114801.909718,45.66963936849395,25424127036.53225,1.0,
iter1_keyword_run,13,per layer,,79,0.2013163119554519,28,28,25,14,20.16036033126549,9867013247.45705,35.11689982693147,26.79250459829948,20.16036028850513,9867012840.855503,17.64999919613126,7635719964.166593,44,43,35,18,29.648681766792134,6680723540.678225,27.72104111100261,39.817602138625794,29.64868160255915,6680723385.214373,24.117255263684942,5194090012.123404,44,43,35,28,49.80904209805763,32138291793.2917,30.714537279403537,36.03658500706677,49.80904189106428,32138290715.00905,41.7672544598162,24932380107.20376,1.0,
iter1_keyword_run,14,global,39.94325768298423,100,0.0071879029273986,36,36,36,24,27.758228110828124,8956280997.858946,30.038014923881523,35.876509400768605,12.765622544846558,5231363842.783839,11.195124073908696,3968369885.8504167,32,32,28,22,29.482655700293137,19460022222.62816,34.373851214727694,28.843787679641785,17.411281238460372,12075345986.290253,15.2503320104777,9184670484.845472,36,36,36,32,57.24088381112127,54659786858.49457,32.27124334428228,33.30949198072297,30.176903783306933,33170283983.931618,26.445456084386397,25202531978.80348,0.4424515962600708,
iter1_keyword_run,15,per layer,,94,0.1058634743094444,5,5,5,5,4.139570186926852,696482538.6503139,31.004745856721478,4.987550037998534,4.139570240551911,696482555.8279157,3.670233361120309,548790920.9225426,36,35,25,15,24.136531453787324,5498239656.044092,30.25734101476721,31.625662868446536,24.136531406907828,5498239580.537329,20.843331400815693,4296428932.583851,36,35,25,15,28.27610164071417,7937623488.365412,30.36675973311217,26.23733354280097,28.27610164745974,7937623471.159964,24.513564761936003,6218103694.189899,1.0,
iter1_keyword_run,16,per layer,,99,0.0197210535407066,20,20,17,12,15.200938518191002,10511029312.076263,38.82222605278045,18.582853807688448,15.200938491611472,10511028807.957506,13.379848044576782,8147586366.814972,13,13,13,13,17.508590502916466,9272136454.751904,34.966432849533255,12.96241186740508,17.508590683114868,9272136502.611584,15.578914915362525,7368252871.935745,20,20,19,19,32.70952902110747,31171394737.69178,36.75831665756966,17.446296146848592,32.709529174726335,31171394211.94553,28.958762959939307,24580814147.121243,1.0,
iter1_keyword_run,17,per layer,,76,0.1889256685972213,25,25,25,25,30.94665210010669,22749127559.50917,35.41082922643518,24.88900302166441,30.946652092013693,22749126721.935204,27.13177878419637,17604780294.121166,39,39,32,18,28.36299009413971,6562674826.749374,28.900602966392025,35.718898757526674,28.362989982906317,6562674696.859247,23.88701916516088,5110160826.613897,39,39,34,27,59.30964219424639,52695207531.88238,32.29751617828928,31.56424880239308,59.30964207492001,52695205887.67224,51.01879794935725,40887234935.41943,1.0,
iter1_keyword_run,18,per layer,,99,0.0199506115168333,6,6,4,4,4.715877297360818,1295658491.4315252,33.52379690790359,4.9252887710812985,4.715877411861611,1295658523.96734,4.201883688508403,1029709542.4950042,30,27,21,12,19.12648364482453,8181776532.660133,34.969894236524674,26.293241305919967,19.12648361548003,8181776267.0746975,16.78553206541278,6376119364.339939,30,27,21,13,23.84236094218535,11736544488.216791,34.6838647791922,21.664206004275872,23.84236102734164,11736544364.4392,20.987415753921184,9198586645.776983,1.0,
iter1_keyword_run,19,per layer,,98,0.0166861657053232,14,14,12,7,10.304258883398958,5559252754.427982,38.57653651927352,13.179557094590251,10.304258827361728,5559252540.495338,9.163095465300062,4383584966.423955,34,30,0,0,11.275030585519572,1715648475.0718498,31.589296667361992,33.0911083835526,11.27503055736711,1715648422.199571,9.747708588835456,1330949653.0621336,34,30,14,14,21.579289468918528,12667695522.145784,34.92575167058166,23.6293939683352,21.579289384728835,12667695045.281277,18.91080405413552,9953325593.223404,1.0,
iter1_keyword_run,20,per layer,,100,0.0019282773137092,18,18,15,11,14.50016087133204,12014513548.397877,39.84865102775796,16.64026656298986,14.500160825376268,12014512905.844551,12.74510026865114,9272596813.960257,0,0,0,0,0.0,0.0,,0.0,0.0,0.0,0.0,0.0,18,18,15,11,14.50016087133204,12014513548.397877,39.84865102775796,16.64026656298986,14.500160825376268,12014512905.844551,12.74510026865114,9272596813.960257,1.0,
iter1_keyword_run,21,global,39.6387281607985,99,0.0057263090275228,29,29,29,29,41.13287118559451,27768403289.401108,33.02629651763393,28.999206365464445,22.56210951695085,16228597743.560646,19.721545307331283,12308772183.750582,0,0,0,0,1.6445082568927545,72071858.57116216,35.65067011776016,25.828134781632347,1.066411907978179,46079691.94981675,0.9351487607089496,35233333.86464265,29,29,29,29,42.77737944248727,30638694078.182423,33.12718638304472,29.01799615081237,23.62852142492903,17995090832.38725,20.65669406804023,13654206855.284788,0.5015197396278381,
iter1_keyword_run,22,global,35.24217725632163,100,0.0008227156358771,17,17,17,17,17.623446251571117,8028479010.383728,35.05059911581541,16.649524217048725,13.195257181888454,4819688421.741466,11.5807893919206,3685796100.7347846,5,3,1,0,1.9129710686778425,882458354.7982407,41.9974807752825,4.400596864254918,1.1916887478520477,334995849.29434896,1.0114727425619083,240905871.15537396,18,17,17,17,19.53641732024896,11896827636.207424,35.73082535250187,16.960082580020515,14.386945929740502,6346800714.80036,12.592262134482509,4791439269.236239,0.7151909470558167,
iter1_keyword_run,23,per layer,,100,0.0066380258649587,6,6,6,6,7.319176862450786,11959202641.227224,44.54673983578674,5.995165941186981,7.319176797784379,11959201966.758268,6.283671257608781,9073607963.702509,13,13,13,13,11.345230695230653,7742732096.062008,39.00611431921107,12.963513707368907,11.345230543519122,7742731713.3101635,10.077403110056256,6058934932.19283,15,15,15,15,18.66440755768144,31549081537.467323,41.178849669052674,12.92091715340634,18.6644073413035,31549079529.009518,16.361074367665037,24241572994.86167,1.0,
iter1_keyword_run,24,global,26.55538795597595,100,0.0019290989730507,12,12,11,6,9.08446999754486,5689319263.172495,39.552783577815966,11.384594593455589,2.981629480903379,530120808.098901,2.146429145779406,269942504.5628968,41,6,0,0,8.005511358281197,440008490.444806,27.16958779920436,40.09680488321052,3.4052673970947223,79180794.60217012,2.783578758062353,48851968.12114692,41,18,12,10,17.089981355826055,8682860315.637606,33.75208594137883,23.88445041621828,6.386896877998102,852440522.7699026,4.930007903841759,443113372.7171521,0.3613355755805969,
iter1_keyword_run,25,per layer,,97,0.0037621494848281,25,24,18,12,18.063616071583063,7001087997.311256,35.18346725049671,21.5382462919614,18.063616128770445,7001087908.778381,15.94889540649016,5505182286.100767,2,2,2,2,2.299238388028414,560367036.5697172,31.476303573236223,1.995517902031136,2.2992385185787345,560367099.5536406,2.047149073803697,444225910.11563206,25,24,18,12,20.36285445961148,8459765277.972142,34.76487893055523,18.82097454897257,20.362854647349177,8459765363.129168,17.99604448029386,6661529872.92854,1.0,
iter1_keyword_run,26,per layer,,99,0.0131049444898962,17,17,17,17,24.02591422646798,26810773933.88645,39.15509295745048,16.982641296343786,24.025914298409948,26810772909.094456,21.137907036072903,20719189014.20778,33,24,0,0,9.807323337810004,1504317916.4282577,32.622404451327604,31.266292494126105,9.807323315537186,1504317869.9874513,8.53989073825456,1168807205.8334608,33,24,17,17,33.83323756427798,40576475525.2656,37.26144655949574,21.29675604822205,33.833237613947134,40576474019.94714,29.677797774327463,31396290149.632347,1.0,
iter1_keyword_run,27,per layer,,98,0.0164533294737339,4,4,4,4,3.505961288314204,5325144901.892159,44.50236933703376,3.999900354792502,3.505961132186365,5325144543.664803,3.05356349223788,4019256720.671441,13,13,11,7,9.87926672955382,1906083822.497818,31.8513773837021,12.120708822912924,9.879266854239953,1906083892.7376647,8.741836130754134,1502499237.1363106,17,17,15,11,13.385228017868023,7231228724.389976,35.16502194679411,16.10415980721613,13.385227986426315,7231228436.402467,11.795399622992017,5521755957.807752,1.0,
iter1_keyword_run,28,global,20.23355475524272,99,0.0036170503590255,26,26,26,19,23.28926363955655,5664931702.288384,30.480986254533896,24.94098459289784,7.999193922864221,257236687.0444597,6.042197711400103,134420931.44726413,19,19,12,0,10.38752519574938,5437128353.900104,39.27946514637567,17.836652716040167,1.3988690669177837,63025597.7812346,0.915954324638506,27415098.601048484,30,30,30,23,33.676788835305935,18037804477.048607,33.19485608399518,27.40133168178408,9.398062989782003,457850848.6955044,6.958152036038609,220693890.20850056,0.3232549130916595,
iter1_keyword_run,29,per layer,,97,0.0709021985530853,3,3,3,2,2.819046591919809,5441870711.553907,44.88392424799285,2.7819211366899776,2.819046535711321,5441870541.990713,2.4452363505002506,4090886462.8443866,34,32,28,22,29.141628585857468,14130449054.679794,33.244078903298565,29.402803132569765,29.14162854854669,14130448682.723846,25.44726491600982,11016998629.593582,34,32,28,22,31.96067517777728,28694534730.21191,34.270755159883095,27.94440111012777,31.96067508425801,28694533863.709324,27.89250126651007,21963681477.462917,1.0,
iter1_keyword_run,30,per layer,,96,0.0346440523862838,20,20,20,20,22.52496457383488,18026371022.490368,37.7560599424469,19.95153132884298,22.524964621895503,18026370330.22148,19.815851496539175,13942554526.74557,38,35,19,0,17.569757144470596,4387285858.194672,31.277665065977693,35.17340986330313,17.56975708678253,4387285707.612676,14.951976881148628,3403150141.67012,38,35,20,20,40.09472171830548,39973115896.13277,34.917186899126094,26.83283888484084,40.09472170867803,39973114412.89145,34.767828377687806,30953798850.062256,1.0,
iter1_keyword_run,31,per layer,,99,0.0044582257978618,18,16,12,9,11.839694183558994,9221735977.460066,40.38051298132924,15.504521231888102,11.839694109625096,9221735434.931095,10.398933913915704,7116958965.423795,21,18,7,0,8.785812982560428,3026963622.4586143,38.17256611069653,19.35581107719975,8.78581296575407,3026963494.4492774,7.743433955762017,2356644825.1506166,21,19,17,14,20.62550716611942,22524689314.56487,39.43999752517242,17.443342122218798,20.62550707537917,22524688112.540977,18.142367869677724,17437497565.044598,1.0,
iter1_keyword_run,32,global,32.17034262306488,100,0.0011960474075749,14,14,14,14,17.880552584083155,20407734744.02792,40.59677697773526,13.991799986628868,9.805841659698798,4932440530.581589,8.126865460738975,3303299382.957796,16,14,10,6,10.335339544427068,4514226522.272946,37.5192205553572,13.027706275933651,6.928404372589556,1759768705.3910031,5.920752863483058,1268746339.732099,18,17,15,14,28.215892128510227,39739495481.45189,39.46948352029147,14.91917715246589,16.734246032288354,11585828546.412636,14.047618324222032,8020332850.671684,0.6321053504943848,
iter1_keyword_run,33,per layer,,100,0.0015782749978825,10,10,10,7,9.763654374682456,12811339218.47263,43.23671185894155,9.352464233544923,9.763654275263995,12811338580.846691,8.472348293659955,9743937596.329334,0,0,0,0,0.0,0.0,,0.0,0.0,0.0,0.0,0.0,10,10,10,7,9.763654374682456,12811339218.47263,43.23671185894155,9.352464233544923,9.763654275263995,12811338580.846691,8.472348293659955,9743937596.329334,1.0,
iter1_keyword_run,34,global,33.008329845916094,100,0.0008611937519162,9,9,7,5,6.4528747182337,3493847919.0802813,38.99165998967767,7.741306403771095,4.187030174725539,1381853388.6186962,3.56887521550586,998262595.117578,0,0,0,0,0.0,0.0,,0.0,0.0,0.0,0.0,0.0,9,9,7,5,6.4528747182337,3493847919.0802813,38.99165998967767,7.741306403771095,4.187030174725539,1381853388.6186962,3.56887521550586,998262595.117578,0.6524617671966553,
iter1_keyword_run,35,per layer,,91,0.0084215234965085,38,35,31,24,33.16484952244789,12454043569.59117,30.99773217201218,32.49334613024131,33.16484946030596,12454043327.25769,28.56009779465313,9721640116.872557,2,0,0,0,0.3367045843092291,8885981.174456522,31.95338135111921,2.8911650535706688,0.3367045958524702,8885981.966506945,0.3000347705360445,7054962.370233541,38,35,31,24,33.50155410675712,12680876552.424046,31.007336844636363,32.21618879397227,33.501554056158426,12680876323.774792,28.86013256518917,9901813726.371784,1.0,
iter1_keyword_run,36,global,40.92608766475045,100,0.0090381233021616,19,19,19,19,16.577582214652086,10146031645.158903,38.03230599088448,18.99919591083028,11.6521789632186,6313883554.798903,10.154831838391162,4733585650.888855,39,39,39,39,42.34429606647195,17572495373.11156,28.64501456151108,38.78926850580821,17.764980047924414,10484814914.35315,15.51946972102452,7879344301.346788,39,39,39,39,58.92187828112403,53826850330.65527,31.28611494702255,35.159301849352765,29.417159011143013,33028312146.93857,25.674301559415685,24795974325.229004,0.4012261033058166,
iter1_keyword_run,37,global,25.62812741013691,100,0.0036275687161833,3,3,3,3,2.429235676636725,664328781.8034617,35.00040004945548,2.993530340492542,0.8930727722681898,89353845.6916288,0.6479359846397926,46982666.851131245,25,25,22,15,21.254730119523494,11789869726.214169,36.16136897535715,22.41645524552593,8.631487946181796,1087690186.1484249,6.51270818175103,564785886.252081,25,25,22,15,23.68396579616022,14371914010.183138,36.0422897992369,20.18771859126104,9.524560718449983,1434037388.9464116,7.160644166390823,746594335.6235921,0.4568844139575958,
iter1_keyword_run,38,global,28.726301985396887,100,0.0011987603502348,18,17,14,8,12.912707583356562,8943775963.86345,39.580526885064224,15.9980279348159,5.45174812942835,1170058480.4919524,4.172600221044688,651769774.0412481,0,0,0,0,0.0,0.0,,0.0,0.0,0.0,0.0,0.0,18,17,14,8,12.912707583356562,8943775963.86345,39.580526885064224,15.9980279348159,5.45174812942835,1170058480.4919524,4.172600221044688,651769774.0412481,0.468063473701477,
iter1_keyword_run,39,per layer,,98,0.0016559404321014,22,22,21,5,14.482310395065532,3285142334.932596,32.59749353020265,21.557104146492733,14.482310399627744,3285142279.086245,12.77032924590966,2597239888.928676,10,0,0,0,2.4397122287433533,641061501.6432532,42.50258293919363,9.999840580245335,2.4397121992631385,641061467.3595747,2.1299974804601187,493550878.3586462,26,22,21,11,16.922022623808886,5345290715.301159,34.02554786478977,23.72644396485913,16.922022598890884,5345290524.98073,14.90032672636978,4217547390.181199,1.0,
iter1_keyword_run,40,global,32.04187289094359,98,0.0091715268790721,36,33,23,14,22.969214677017856,5239095040.92491,30.645187808307643,30.187274475599303,12.766819146188787,2234588822.346405,11.037342589509912,1658247224.131236,21,21,21,21,24.102033925046364,20716321112.55564,37.64577142068763,20.73803750896604,14.6743030596019,5302849790.482027,12.4442812066976,3629084297.8365498,36,33,28,23,47.07124860206422,44496502876.21266,34.22971782889662,27.51920748673153,27.441122205790684,13773778282.759245,23.481623796207515,9758166304.274902,0.4398527443408966,
iter1_keyword_run,41,per layer,,92,0.0233800783753395,38,38,38,28,30.146294502002,9508253106.43486,29.200626376703458,37.7593612796633,30.146294376162736,9508252784.369614,25.15697242514605,7353786191.141728,29,15,0,0,7.454853309964081,1667885144.146233,35.932743992963005,25.805973120674157,7.454853285218386,1667885072.4531488,6.520160791042905,1283846091.0450077,38,38,38,29,37.60114781196608,18986822119.904408,30.535344921616296,36.637948133602926,37.60114766138112,18986821420.76668,31.67713321618896,14667269237.966282,1.0,
iter1_keyword_run,42,per layer,,98,0.012888035736978,18,18,18,14,15.169618358293071,10605211356.457874,39.06630347336992,17.7880134487746,15.169618392314783,10605210927.417225,13.335139939752391,8176052765.479458,20,18,12,8,12.176721984325994,3870032022.741376,35.517869267977325,16.550106084751118,12.176722037870013,3870032028.776924,10.813401485343748,3065146019.2278547,22,21,18,18,27.346340342619065,24123551044.122646,37.48626401443733,18.94255886237916,27.3463404301848,24123550375.65709,24.148541425096138,18850480684.96482,1.0,
iter1_keyword_run,43,per layer,,88,0.0165845975279808,37,37,33,25,32.52593841210004,11217081375.14816,30.427177295111765,34.11947994252413,32.52593834954345,11217081122.529606,27.860492244062108,8735596134.521982,0,0,0,0,1.5488027352009688,24256956.93367876,29.388797110342157,36.73705044934256,1.548802730784267,24256956.1621318,1.3050343040539718,18774165.218917564,37,37,34,27,34.07474114730101,12274528939.679884,30.3799796931286,34.28876881863924,34.074741080327726,12274528657.8719,29.16552654811608,9556608417.527555,1.0,
iter1_keyword_run,44,per layer,,100,0.0011283347848802,10,10,8,3,6.630770037204465,5462250006.93161,43.073242144486095,9.61166391192564,6.630769973615834,5462249731.4914055,5.758553012834986,4164797476.902373,0,0,0,0,0.0,0.0,,0.0,0.0,0.0,0.0,0.0,10,10,8,3,6.630770037204465,5462250006.93161,43.073242144486095,9.61166391192564,6.630769973615834,5462249731.4914055,5.758553012834986,4164797476.902373,1.0,
iter1_keyword_run,45,global,33.691115749168816,99,0.0053700385615229,41,41,41,41,49.61794339660394,20953645202.6529,27.742820254608773,40.51763179504548,21.609903206659748,8035703621.222804,18.939538862242195,5908314039.004346,0,0,0,0,0.0,0.0,,0.0,0.0,0.0,0.0,0.0,41,41,41,41,49.61794339660394,20953645202.6529,27.742820254608773,40.51763179504548,21.609903206659748,8035703621.222804,18.939538862242195,5908314039.004346,0.4070136249065399,
iter1_keyword_run,46,global,25.20970557411984,100,0.0007921619690023,19,19,19,19,18.157920781894276,12129607134.898085,38.045271597189625,18.95474441203905,5.687094454821303,796361212.6235759,4.036035902886929,382645141.978227,2,2,2,2,2.22851358628209,873338729.696471,35.48782578443654,1.9988150103198248,0.7354569220191631,94959607.6706014,0.5209477231500562,47623308.68530975,19,19,19,19,20.386434368176364,14549295145.485638,37.76570810722508,17.12551822517469,6.422551376840466,1059184466.3216846,4.556983626036985,514358798.0621725,0.315691739320755,
iter1_keyword_run,47,global,38.28327271371856,100,0.0024976588319987,29,29,29,29,33.17660891578456,17478529136.277946,33.1980855914273,28.533584345668164,19.1715771040677,9586704449.28173,16.682711733233216,7222464696.67001,3,1,0,0,0.5595812410034153,103808103.3392823,41.09781185554272,2.7094809181464456,0.4612045382888331,69745686.97207934,0.4065756975746335,54280377.93362735,29,29,29,29,33.73619015678798,18735681717.819107,33.32911812965752,28.471634847315684,19.63278164235653,10432915730.714563,17.08928743080785,7879726837.900974,0.5558854341506958,
iter1_keyword_run,48,global,40.87239608615868,99,0.0030793352052569,18,18,18,18,19.389651113071466,7393123466.249111,33.44338371147482,17.841461667809583,11.516693878813772,4390532025.785089,10.121161901205657,3439404407.4142666,17,15,12,9,12.105910378238075,11234814328.17393,41.019978390449374,14.042732881224104,9.644689234626696,7567036688.971005,8.388765932827562,5646985138.632884,23,23,23,23,31.49556149130954,27547260088.896137,36.35559012447082,21.42837085399144,21.161383113440472,18832159453.2144,18.50992783403322,14488577524.39872,0.6299659609794617,
iter1_keyword_run,49,per layer,,100,0.0011772813741117,6,6,4,2,4.0624995245467055,523410321.1541243,29.577702267936136,5.242877877736521,4.06249955256801,523410328.16178674,3.5762482400935403,406367411.6871988,0,0,0,0,0.0,0.0,,0.0,0.0,0.0,0.0,0.0,6,6,4,2,4.0624995245467055,523410321.1541243,29.577702267936136,5.242877877736521,4.06249955256801,523410328.16178674,3.5762482400935403,406367411.6871988,1.0,
iter1_keyword_run,50,per layer,,81,0.283085823059082,32,32,32,23,26.90687147853956,12523086624.163109,32.749470791915265,31.39241391335032,26.906871381593767,12523086132.762676,23.41308919176008,9676860783.256657,31,31,31,31,36.476893482510384,18847020389.413807,32.09615714229205,30.923092356876666,36.476893231516,18847019759.85093,31.76166358530134,14583186132.526012,32,32,32,31,63.38376496104994,61970148159.18749,32.37349356142698,31.367109561950134,63.38376461310976,61970145921.11946,55.17475277706141,47922845905.44882,1.0,
iter1_keyword_run,51,per layer,,99,0.0197558235377073,15,15,13,9,12.71758321149153,12857725515.333776,41.26275994578609,13.7464227535854,12.717583124084474,12857724860.65369,11.12908302232741,9853808044.242325,23,23,23,0,16.535257160706955,7323905837.568588,36.17781556312905,22.98001349076229,16.535257237984325,7323905573.230984,14.5195117081564,5663221289.139348,23,23,23,15,29.252840372198484,38426790409.16512,38.38847963846128,20.203267466902904,29.2528403620688,38426788613.93045,25.64859473048381,29555853688.399124,1.0,
iter1_keyword_run,52,global,21.0882679696928,99,0.0006966453511267,17,17,13,6,11.223784155768492,6501444826.879855,39.42339355800426,15.57993431006739,1.6598618131072895,110894776.27901152,1.091846550451962,48719606.56115495,18,18,18,15,16.06708802047862,12327433766.647388,39.15868152444747,17.65366837481179,2.484731142887165,198586913.78280428,1.6504449008066688,89324907.8624752,18,18,18,17,27.290872176247117,36258512427.173065,39.26754835394594,17.10627498365936,4.144592955994455,595117977.8800541,2.742291451258631,264835075.3909322,0.1622081249952316,
iter1_keyword_run,53,global,19.376469531956555,100,0.0047509102150797,22,22,22,16,18.944903472705317,11816088801.178629,37.30742150430835,21.278206551994625,2.588490528138441,118410301.68563595,1.7184170099250955,50801992.21326437,39,27,0,0,10.81215928626172,1331252298.3211482,30.146965984277195,36.5949970531446,3.0783496167103235,26169818.378653143,2.3552194180449844,13472979.618473211,39,27,22,22,29.75706275896704,20947610629.617622,34.70568670703105,27.23239538848488,5.666840144848765,233818788.8460222,4.073636427970079,102945830.30091289,0.3092983067035675,
iter1_keyword_run,54,global,41.75213960302098,99,0.0021081811282783,37,32,23,7,20.31238014890017,5735151682.463638,31.890609830602106,32.51381796874728,10.230742717930768,3530537349.2033663,8.879219909945471,2673061529.761909,24,24,24,0,12.183213933546714,3514989022.234104,35.50013005318633,23.99999999082897,7.366145037479436,2250629835.7502995,6.383886020767655,1690739481.83137,37,32,24,24,32.495594082446885,18091218911.436348,33.24388735362979,29.8587677572651,17.596887755410204,11360348127.789091,15.263105930713127,8572299700.094062,0.408603310585022,
iter1_keyword_run,55,per layer,,98,0.0033853380009531,25,25,24,18,22.19826563043668,12188600955.121778,35.84117656861616,23.71342980922674,22.198265642196343,12188600568.02492,19.525630109469,9497290831.691105,2,2,2,2,2.2735775863954397,1790868358.8092198,39.488791415447466,1.998995445876684,2.2735775863954397,1790868358.8092198,2.035204875500689,1435024893.2967832,25,25,24,18,24.47184321683212,17481967572.564552,36.18006135494295,21.069464471142663,24.471843228591784,17481967185.467697,21.56083498496969,13738871745.867302,1.0,
iter1_keyword_run,56,global,38.14275740584639,100,0.001217562588863,8,8,8,6,8.236303430746293,12669839481.77438,44.17013312109992,7.317315054559001,5.431608841867687,5156164638.15287,4.558925297358735,3567939734.846442,12,12,10,6,9.383372866165232,7931751544.829084,41.43451153852736,11.128554485614558,7.334845123485362,4494431319.991606,6.35485265104704,3349179861.230451,12,12,11,9,17.61967629691152,37184171654.14975,42.7132756341944,10.35014836695582,12.76645396535305,17202871876.07997,10.913777948405777,12304161409.295584,0.7721437811851501,
iter1_keyword_run,57,per layer,,99,0.0062575303018093,25,25,20,15,21.75315779903687,19227732616.6374,37.84279693448304,21.545949000073623,21.75315775937401,19227731696.45806,19.07640132618832,14809594183.468752,23,0,0,0,3.823609215093032,183483237.5235884,31.60013058410301,26.470823929319906,3.823609192397514,183483234.2678656,3.354770372485284,143944177.0265941,27,25,23,18,25.576767014129903,22457452401.97384,36.909546982646766,23.485099381968404,25.576766951771525,22457451353.581364,22.4311716986736,17336310606.211334,1.0,
iter1_keyword_run,58,per layer,,81,0.1205121427774429,9,9,9,7,7.524423234513417,1000391754.669188,29.00697117816709,8.90611506029158,7.524423320302202,1000391768.138006,6.607390968393011,776950349.4168174,28,28,28,28,29.5954256498072,11633318946.684872,31.542770858891107,27.49609852245477,29.595425385360286,11633318605.901106,25.93332167471819,9099553345.302317,28,28,28,28,37.11984888432061,15531663725.22807,31.028748560600697,24.493192262255587,37.11984870566249,15531663442.109112,32.5407126431112,12132220789.718569,1.0,
iter1_keyword_run,59,per layer,,96,0.0067393244244158,38,35,26,12,23.1741218321206,8105078866.908823,31.84289914883628,33.9109719809654,23.174121766010657,8105078597.89616,19.847308323674405,6294169466.415815,18,0,0,0,2.246604055682596,103812137.54254512,33.93419067522849,18.81590507234338,2.246604066521825,103812135.34863567,1.9889827725547955,82116769.9665578,38,35,26,17,25.4207258878032,9668200254.078735,32.02772093738566,32.96733507017664,25.420725832532483,9668199944.589651,21.836291096229203,7531266655.006229,1.0,
iter1_keyword_run,60,per layer,,80,0.0273368339985609,36,36,36,36,42.07461355608764,22009001086.137127,30.689156182341453,35.24855846769826,42.074613441869886,22009000364.03055,35.927629421290874,17051623296.2042,0,0,0,0,0.0,0.0,,0.0,0.0,0.0,0.0,0.0,36,36,36,36,42.07461355608764,22009001086.137127,30.689156182341453,35.24855846769826,42.074613441869886,22009000364.03055,35.927629421290874,17051623296.2042,1.0,
iter1_keyword_run,61,per layer,,93,0.0125266285613179,33,33,33,25,30.2528263682607,15038894648.62234,32.70558964748252,31.537174482965984,30.25282628500548,15038894132.909763,26.31887073820256,11666661671.188494,0,0,0,0,1.7977580017763604,53166235.80182913,33.02386560792056,28.999763844630355,1.7977579907385903,53166233.90314119,1.5687207801650789,41076809.51226834,33,33,33,27,32.050584370037065,16872169161.118765,32.723442150514735,31.508121116947606,32.05058427574406,16872168581.051622,27.88759151836764,13086129194.187178,1.0,
iter1_keyword_run,62,per layer,,83,0.1378389447927475,22,22,22,22,28.150056931095257,24842354594.263138,36.96688051252975,21.8770292877912,28.15005691733332,24842353618.634323,24.728185560166004,19185703923.062176,37,34,26,18,26.362296319362496,5575060594.171245,29.47591004327557,30.34426801217058,26.362296259836647,5575060561.992095,22.737416644396014,4363222203.820512,37,35,31,27,54.51235325045776,50607318321.31585,33.34423038912099,28.712697114516985,54.51235317716997,50607316804.54238,47.465602204562025,39302472621.19998,1.0,
iter1_keyword_run,63,per layer,,87,0.0133337536826729,32,32,32,32,32.50362275124142,13416356678.457478,31.554903313976048,31.698621822192987,32.503622653534435,13416356275.481571,28.27360340131849,10398575847.21626,17,11,0,0,4.933196309329522,1410236536.9407556,39.82606322596338,16.6781863907308,4.933196285135333,1410236458.8413248,4.336750133530423,1090368755.8920014,32,32,32,32,37.43681906057095,22940186783.329742,32.64482645850584,31.314021861596373,37.43681893866976,22940185934.765766,32.61035353484891,17772800830.929527,1.0,
iter1_keyword_run,64,per layer,,72,0.2486730068922042,32,32,32,30,32.064401570834846,9874054523.311531,29.486840960475703,31.210593069670665,32.064401389430955,9874054251.46226,27.709402322913668,7712625393.395038,32,32,32,28,30.50237854482337,13875434995.503254,32.42879957853528,31.154967664580127,30.502378468804924,13875434571.534792,26.586999319207223,10770262294.936054,34,34,34,33,62.56678011565822,45506983672.72426,30.92109625162821,32.100134895338684,62.56677985823588,45506982296.39102,54.29640164212089,35490316481.17813,1.0,
iter1_keyword_run,65,per layer,,94,0.0043628057464957,29,29,29,26,29.53604696561,15981923609.784138,33.90083416026806,28.07534382391527,29.53604686589466,15981923109.020197,25.86369538566167,12420252499.955044,0,0,0,0,0.0,0.0,,0.0,0.0,0.0,0.0,0.0,29,29,29,26,29.53604696561,15981923609.784138,33.90083416026806,28.07534382391527,29.53604686589466,15981923109.020197,25.86369538566167,12420252499.955044,1.0,
iter1_keyword_run,66,global,33.91590960522286,100,0.0049004186876118,37,37,37,37,47.36017480044523,25974915194.12889,30.0004143571233,36.53412148930621,22.539791155194287,9740639756.633316,19.718465009796915,7163672686.054216,0,0,0,0,0.0,0.0,,0.0,0.0,0.0,0.0,0.0,37,37,37,37,47.36017480044523,25974915194.12889,30.0004143571233,36.53412148930621,22.539791155194287,9740639756.633316,19.718465009796915,7163672686.054216,0.4446412622928619,
iter1_keyword_run,67,per layer,,81,0.0100735425949096,29,29,29,29,34.776764064104455,19957268817.69512,33.072826031995184,28.993809662638093,34.77676385746668,19957268113.19541,30.3543099505235,15427608063.950377,10,6,0,0,2.694431702428913,942674026.044954,43.07204704034555,9.803640072534066,2.6944316743733188,942673978.7429136,2.339992222752047,716756922.0149317,29,29,29,29,37.47119576653337,28413274413.02708,33.79183746286485,28.69348206460413,37.47119553184,28413273268.57032,32.694302173275545,21892630194.142197,1.0,
iter1_keyword_run,68,per layer,,81,0.0241351723670959,32,32,32,32,39.50053085911776,21647832937.55112,31.65957225418948,31.986163693294458,39.50053071545702,21647832172.60875,34.303795127553826,16722282399.870354,6,0,0,0,1.0887513404803597,193095881.14916807,43.84267164189999,8.099702778112766,1.0887513312325674,193095872.1837177,0.940108584151826,146110387.15103328,32,32,32,32,40.58928219959813,25213498122.281406,31.98636704017134,31.900683691082488,40.589282046689576,25213497171.226746,35.243903711705656,19438533911.297543,1.0,
iter1_keyword_run,69,global,20.60375605382504,100,0.0013725593453273,13,13,11,5,8.83430455216307,6706575952.631174,41.48147814320984,12.22937398576524,1.0704793359702265,82631224.06738725,0.7044843042833104,37076138.49540561,17,17,17,17,19.318926355851445,19394069576.42772,39.57278168809653,16.75793987724505,2.717412497125384,269527733.3242446,1.7793850202525308,118607147.95161895,17,17,17,17,28.153230908014518,48095051323.539566,40.17171847930173,15.825676257495775,3.78789183309561,623773653.2538004,2.483869324535841,276715910.6432806,0.1461498439311981,
iter1_keyword_run,70,per layer,,79,0.1718268394470214,29,29,29,28,29.220354544950656,10088812059.781387,30.9211992696934,28.33594635095139,29.22035429075205,10088811784.165154,25.55662823634825,7889733408.078511,30,30,30,29,28.458525859669532,12789344597.63098,32.94243239348135,29.622851760774623,28.458525696498327,12789344196.667004,24.85326138214431,9920255880.856855,31,31,31,31,57.67888040462019,43943322644.27762,31.91846750233289,29.613180096803863,57.67887998725037,43943321298.49986,50.40988961849256,34281665286.271843,1.0,
iter1_keyword_run,71,per layer,,79,0.2569824159145355,38,38,38,33,36.00987258237735,12244723739.178402,29.20544637178759,37.01011645468704,36.00987245072007,12244723395.102032,30.265735734080728,9499042767.272974,32,32,32,27,30.318980263580983,11916433238.556782,31.870088480293948,31.067739559164632,30.31898019000023,11916432921.807648,26.42587179240765,9263494281.693548,38,38,38,33,66.32885284595832,48297613911.51743,30.423456755367354,34.90570122708376,66.3288526407203,48297612590.26258,56.69160752648838,37507842874.07556,1.0,
iter1_keyword_run,72,per layer,,78,0.2857322096824646,28,28,28,28,31.924303427976668,19217512435.825382,33.981814640554795,27.799254198192692,31.924303374668774,19217511772.46474,27.92583135470884,14887549516.69915,41,41,41,31,34.76838930800507,9612588464.524538,27.635290676199396,40.18645126588475,34.76838913431668,9612588182.390594,28.204511419345614,7448004379.746502,41,41,41,33,66.69269273598174,55745740953.07796,30.67323004315641,35.733130539908124,66.69269250898546,55745739149.87036,56.130342774054455,43201433553.03578,1.0,
iter1_keyword_run,73,per layer,,80,0.0327486619353294,42,42,42,39,46.97471650218435,18093761197.513,27.82436387283136,40.38937324878892,46.97471625364708,18093760691.813385,38.15084881793378,14036341291.618914,0,0,0,0,0.0,0.0,,0.0,0.0,0.0,0.0,0.0,42,42,42,39,46.97471650218435,18093761197.513,27.82436387283136,40.38937324878892,46.97471625364708,18093760691.813385,38.15084881793378,14036341291.618914,1.0,
iter1_keyword_run,74,global,39.33933268959045,100,0.0043914592824876,24,24,24,24,27.622861770700915,19896249280.36176,36.03953370658564,23.680535391809784,18.292445367258864,12020623500.008629,16.043198092593713,9185636663.07064,39,33,12,0,15.798788635647847,2138986193.353115,29.294362644809286,34.83362565325748,7.303697398578123,1186678147.8032656,6.42289632935839,918867113.0648124,39,34,24,24,43.42165040634877,34501079806.95105,33.58533100081488,28.94572572093818,25.596142765836987,20590436636.98606,22.466094421952103,15786450322.413078,0.4200547039508819,
iter1_keyword_run,75,per layer,,83,0.1050312519073486,17,17,17,17,16.42153026364089,3656023031.016288,30.951410616714927,16.75328469453728,16.421530394685774,3656023127.054186,14.457377690214845,2878551204.1074457,31,31,31,25,32.47060949225027,20746244570.338043,33.933578423989935,29.094043263872425,32.47060934630931,20746243827.568203,28.388632937584635,16104986340.337055,31,31,31,25,48.89213975589116,33875397579.658447,32.93194995890478,26.891448145677707,48.89213974099508,33875397170.267075,42.84601062779948,26460833649.53955,1.0,
iter1_keyword_run,76,per layer,,81,0.0097420727834105,29,29,29,29,35.53967497343525,20039317837.180367,32.99610605609179,28.93739102254628,35.53967478043859,20039317172.31566,31.038574631675584,15514077854.837185,7,7,5,3,4.645579294839333,4662004587.555905,44.47183959215638,6.555025174015757,4.645579249111316,4662004374.821118,3.991455820526382,3515629737.602168,29,29,29,29,40.185254268274576,39283247068.164734,34.3227476583156,27.94536208037865,40.1852540295499,39283245380.68693,35.03003045220197,30091934944.11049,1.0,
iter1_keyword_run,77,per layer,,80,0.0438216589391231,35,35,35,35,45.481869684587366,22759843728.5707,30.04803655849421,34.9443988553508,45.48186953715336,22759842967.52539,38.83392864174746,17592137438.334156,10,10,10,7,9.18908092545628,10475880063.970833,42.67926227821033,9.602373586288568,9.189080742422885,10475879312.144672,8.036803855763658,8073413046.98188,35,35,35,35,54.67095061004364,59634577321.239136,32.171090100293306,32.748802739905365,54.670950279576246,59634574159.26372,46.87073249751113,46005939638.87695,1.0,
iter1_keyword_run,78,per layer,,97,0.0030890472698956,17,17,17,17,22.35847203151117,11285448468.442486,34.00256130480463,16.9664180199504,22.358472128725374,11285448476.926422,19.81843978952141,8943902767.586231,12,12,9,1,6.933537408496033,4843386364.315782,42.12825379983219,11.39022946737348,6.933537306961348,4843386062.992636,6.0640429525915165,3722799294.388704,22,22,22,18,29.2920094400072,22555370689.73456,35.925945666659295,20.07181318991424,29.29200943568672,22555370239.309937,25.882482742112927,17784591134.81113,1.0,
iter1_keyword_run,79,per layer,,75,0.1952795535326004,33,33,33,33,43.55305741306598,24665539662.793552,31.278031152700063,32.91131704991292,43.55305727159637,24665538832.797157,37.705962066419104,19075325364.02529,38,33,20,4,18.901206797250083,4067061344.3618784,30.923967150420548,33.11406311463635,18.901206759273,4067061257.362975,16.248423020280946,3171940946.2762127,38,33,33,33,62.45426421031606,48401409617.45029,31.17087694936159,33.40907243585115,62.454264030869375,48401408147.331245,53.95438508670004,37526174954.280136,1.0,
iter1_keyword_run,80,per layer,,77,0.2125218510627746,41,41,41,41,50.66807014725843,22905085811.860104,27.98891492549459,40.40312274954387,50.66806989927856,22905085082.884544,41.06412392291215,17734172020.15608,38,33,25,14,22.79886121075601,8582380934.194462,32.52968676734064,32.40904073521172,22.79886115272349,8582380648.612013,19.6519052111053,6669319726.582865,41,41,41,41,73.46693135801445,59395087438.055466,29.39804451752108,38.79451675018285,73.46693105200205,59395085513.0651,60.71602913401745,46054024367.21815,1.0,
iter1_keyword_run,81,per layer,,84,0.0508686751127243,33,33,33,33,38.87728059329351,18369557946.301643,31.30872757852861,32.33106484118056,38.87728049126503,18369557432.327618,33.7433105500388,14259466060.920456,29,23,11,0,12.18482120514092,2143087210.846769,33.02741660341945,25.22841021565384,12.18482120490081,2143087188.9371371,10.710330051898715,1682726110.4139376,33,33,33,33,51.06210179843443,32607623571.11184,31.71885402726353,31.192687272334023,51.06210169616583,32607622798.33605,44.45364060193752,25394748607.65417,1.0,
iter1_keyword_run,82,per layer,,77,0.0576633214950561,30,30,27,19,26.593550067333187,6815213916.763432,30.319103930270057,27.168274975434144,26.59354997942635,6815213861.430715,23.25237011734504,5346483912.74053,29,25,19,11,18.611803755356824,4229625800.615866,31.863947342674603,23.92634080015616,18.61180374827264,4229625814.628487,16.36609116880716,3329985420.5278826,31,30,29,27,45.205353822690014,21620598969.53452,30.955141921194866,26.08275686269582,45.20535372769899,21620598904.204323,39.61846128615221,16994216469.756464,1.0,
iter1_keyword_run,83,per layer,,75,0.1178911998867988,24,24,20,16,21.89532739625941,4385840560.079081,29.535887872090715,21.12860293729257,21.895327395075597,4385840644.353237,19.179630097447102,3440840372.2610087,30,26,18,11,18.316943391300057,2343994008.261733,28.41866585396195,24.40284640294721,18.31694336148645,2343994042.051484,15.914103377298318,1832315559.103335,30,26,24,23,40.21227078755948,13038701428.506378,29.026986184601096,22.717970328126093,40.21227075656205,13038701660.06988,35.09373347474542,10214631636.666096,1.0,
iter1_keyword_run,84,per layer,,82,0.1068965643644332,18,16,13,10,14.575241904575332,2835504428.9928417,30.404813188853726,14.744017794956468,14.575242040896176,2835504512.444688,12.831507023959862,2224324610.774597,32,29,20,10,19.11007751424558,2481342362.8747168,28.34761073220694,27.360557536472697,19.110077453091527,2481342369.78839,16.520936252434957,1942639673.2757664,32,29,21,17,33.68531941882092,9899878595.057585,29.237738062736582,21.88563773976888,33.685319493987706,9899878808.203648,29.352443276394816,7757449961.253808,1.0,
iter1_keyword_run,85,per layer,,81,0.0239425580948591,39,39,36,28,37.24489112623415,11234820297.214691,28.91097746741821,35.47008255693611,37.2448909827025,11234820084.041084,31.403418265787607,8751093013.725294,20,17,10,4,10.07335971602202,2234619615.45992,34.51590368881371,17.111067804742966,10.073359788646895,2234619634.176424,8.93658449060413,1770337974.2542791,39,39,36,29,47.31825084225618,22173032204.99171,30.10418383081701,32.539188027173296,47.3182507713494,22173031963.631943,40.34000275639174,17400941093.555115,1.0,
iter1_keyword_run,86,per layer,,79,0.2163981199264526,33,33,30,21,29.008434159144397,8975493589.726295,31.09222554089791,30.189309052893154,29.008434105399047,8975493449.42601,25.27060024589321,7010784703.028231,38,35,28,18,27.94999466693248,7148185023.611617,29.960809732752377,32.444208714262416,27.949994601333287,7148184926.885729,23.97845347813851,5586161676.401882,38,35,33,33,56.95842882607687,32131546872.76526,30.53702999819233,31.37943019108105,56.958428706732334,32131546402.376823,49.249053724031725,25104148669.63522,1.0,
iter1_keyword_run,87,per layer,,92,0.037787064909935,17,17,16,10,13.46440597084834,3497248663.438523,33.12101611695254,16.183291240802628,13.464406131730328,3497248721.7691164,11.92673812645089,2769677923.4836874,20,20,15,10,15.09667646677748,2092245198.6705816,28.68606193452793,17.310884775057843,15.096676498040466,2092245244.378559,13.20540902355087,1629792062.6688392,23,23,20,15,28.56108243762582,9863058833.475063,30.776809850146517,18.567108666111487,28.561082629770794,9863059068.172695,25.13214715000176,7755472444.136204,1.0,
iter1_keyword_run,88,per layer,,100,0.0022028470411896,20,20,20,19,19.818150946128423,14216578575.74899,37.90203500431403,19.56526334991456,19.81815096887948,14216578035.77644,17.4647741838617,11051192241.65316,0,0,0,0,0.0,0.0,,0.0,0.0,0.0,0.0,0.0,20,20,20,19,19.818150946128423,14216578575.74899,37.90203500431403,19.56526334991456,19.81815096887948,14216578035.77644,17.4647741838617,11051192241.65316,1.0,
iter1_keyword_run,89,global,25.2069849596465,78,0.018060689792037,37,37,36,31,38.06735428312098,15472666534.0933,30.402310448707286,34.39440494877015,16.027636039238924,1668061338.9930272,12.590781506870258,928798229.2231132,20,17,13,9,14.37315028017848,2501152915.472268,30.218269997672927,15.942932397336222,8.005824308055889,640764819.3661039,6.362713300808618,392508062.6380981,37,37,36,31,52.440504563299456,25843897804.46452,30.35186774068269,29.70901486561957,24.033460347294813,4066326955.2658806,18.95349480767888,2384325184.46138,0.3892475962638855,
iter1_keyword_run,90,global,23.08194440125257,93,0.0076486482284963,39,39,39,35,43.01435468441501,19405926693.50773,29.64079138684032,37.2447615371208,15.329616840974518,1053324597.1260054,12.24728618889286,594808549.3365915,10,10,10,7,9.2771577291566,1359829341.1109056,28.56175778268204,9.32706914811738,4.617721373292538,283923791.5478842,3.649627303123173,174495022.79136872,39,39,39,35,52.29151241357161,24393544328.46886,29.44935754836831,32.89884148027235,19.947338214267056,2053105549.540671,15.896913492016033,1207577430.1464913,0.346458226442337,
iter1_keyword_run,91,global,29.152988454004475,94,0.0283290408551692,33,32,28,22,29.614658640072378,13572993593.140556,32.9928905294482,29.1033013284844,15.620055477892048,3112796196.2841907,12.88746336663854,2026231272.231588,29,24,17,9,16.470668051313808,2852324635.0540304,30.930838346640996,23.59452006887085,9.96361068788129,1154120226.1545312,8.372597962214048,810249646.1072686,33,32,30,27,46.085326691386186,27360412921.779957,32.255923267939075,27.790648131592565,25.583666165773337,7787437427.41329,21.260061328852583,5241414074.125055,0.4679939746856689,
iter1_keyword_run,92,global,23.537044728312768,98,0.0068161957897245,31,31,31,23,30.90474886534972,8911703136.177946,29.975447557395096,28.57294903672819,13.651957043833814,918332192.3167652,10.975992744256503,555793149.2500157,17,17,13,9,13.806465356800956,3865063621.011755,33.070976588864305,14.28561863272828,4.9335439559252485,384723999.2520614,3.7888601606875705,220914467.42949504,31,31,31,23,44.71121422215067,22394096591.595467,30.931322164637987,24.719100089775957,18.585500999759063,2335354628.062576,14.764852904944076,1380837481.1653256,0.4156509041786194,
iter1_keyword_run,93,per layer,,74,0.0587288625538349,31,31,31,24,29.919915537105854,7235989335.6071005,28.953743183771486,29.345931115334317,29.919915391832035,7235989199.809576,25.8900322060723,5678719910.915609,22,19,15,10,15.246158951203782,2754762310.662978,30.715433152989885,18.171361663114126,15.24615905722272,2754762386.079222,13.4162874918504,2166738614.3514123,31,31,31,26,45.16607448830963,17579271069.13638,29.548415304333947,26.11520595701894,45.166074449054754,17579271164.428093,39.306319697922696,13815174771.272371,1.0,
iter1_keyword_run,94,per layer,,80,0.0351472608745098,37,37,37,37,37.76295305635488,13722625029.73967,29.373978569052664,36.38001796427479,37.76295295086916,13722624630.024908,31.91005303919933,10637117708.691648,18,16,12,8,12.642571577143755,3038544832.1293297,32.615853639773675,14.165020503976718,12.642571744737117,3038544933.87212,11.19977246252422,2403068905.971112,37,37,37,37,50.40552463349864,24949658708.968285,30.187096534270907,31.810363496245877,50.40552469560628,24949658610.155937,43.10982550172354,19512702617.321487,1.0,
iter1_keyword_run,95,per layer,,92,0.0099627701565623,18,18,18,15,18.228312143279325,2956126130.879554,28.44840530015109,17.20936522153429,18.22831220518328,2956126203.283186,15.930783756968149,2304272850.22458,3,3,2,2,2.5141821412123844,387377628.6314349,29.83538454867228,2.583946163410873,2.5141821412123844,387377628.6314349,2.218993814311665,301949299.7058765,18,18,18,15,20.74249428449171,4393635999.015723,28.616520012347078,15.298642782926729,20.742494346395663,4393636071.419355,18.149777571279813,3423096759.8672266,1.0,
iter1_keyword_run,96,global,26.06958022133516,69,0.0242503006011247,34,34,34,34,35.51247100708673,10950822521.908302,28.4824943899552,33.472795008449296,15.830567734262612,1607674748.5067196,12.756248418660077,962986493.1981714,35,31,22,12,21.07780144100456,4170106149.06124,30.361627851579268,29.97219048832573,10.181004740529216,777162106.3764976,8.14635221300589,475351329.6746826,36,35,34,34,56.59027244809128,27996950581.865498,29.18240270055029,32.83975325711739,26.01157247479183,4579787084.089917,20.902600631665965,2772147054.848993,0.3989007472991943,
iter1_keyword_run,97,global,27.84245331632765,90,0.0142111470922827,26,26,26,26,28.542388944622136,7675988785.871537,29.463067564833207,25.747278637899463,15.236604060824387,2076045234.1142097,12.458983647349294,1334107679.3926394,34,22,4,0,11.16043138580848,1146037491.8067715,30.26094994762953,30.04488753937688,5.805528413729206,310236830.43062365,4.725371765931845,199805229.42393005,34,26,26,26,39.70282033043061,14113315168.147331,29.687351671429003,27.286350776424342,21.0421324745536,3941789009.021711,17.18435541328114,2543314123.7926297,0.4257000684738159,
iter1_keyword_run,98,global,23.630500204028188,79,0.0806011855602264,35,35,35,35,41.99371190566211,19136872175.49147,30.14179281359991,34.7924999158022,16.46767630684915,1207807174.5366333,13.245925550809575,710604958.3283958,40,38,30,22,33.33614567015193,7669515995.845111,28.40090342007342,33.08293983210253,14.266936371882863,890442128.9640453,11.588593840427986,551012278.7312908,40,38,35,35,75.32985757581405,49473193508.1844,29.37138723623884,34.81713345289596,30.734612678732013,4090504553.153084,24.834519391237563,2469075189.9473524,0.3471865057945251,
iter1_keyword_run,99,global,29.864126061076785,90,0.0230807419866323,35,35,35,25,30.74971701679084,9018491158.466898,30.046092764896727,33.403420829396005,15.435848273048643,2567366964.909753,13.068008848493402,1788022961.1028948,32,30,26,22,28.75868672970261,16385940318.658564,34.24242944611618,27.777229745474,15.407956945603438,3691047527.7333736,12.866183941286955,2452458723.0583715,35,35,35,32,59.50840374649344,49251096139.35401,32.07406065564462,31.774168587458224,30.843805218652086,12238027974.362185,25.93419278978036,8303780150.224915,0.4522165358066559,
iter1_keyword_run,100,per layer,,83,0.0070229955017566,26,26,26,26,33.17016880096649,21809890745.061512,33.49890093990553,25.9867043769739,33.17016866131929,21809890011.98793,29.118186941541097,16874698976.501968,9,8,5,0,4.3887653358295005,3163806667.150179,43.74065311561528,8.222272934694336,4.388765285567104,3163806509.024521,3.797735349363278,2398968366.925135,27,27,27,26,37.558934136796,38671280424.47421,34.69565074018476,26.031149943239654,37.5589339468864,38671278789.18088,32.915922290904376,29724777702.067844,1.0,
iter1_keyword_run,101,global,28.04275969616159,77,0.0268982499837875,36,36,36,36,34.77199986465027,11749378763.066551,28.53699230106586,35.78320425056719,15.149840090018149,2017498158.113998,12.346199483301348,1215909894.9552088,40,36,28,16,26.39363122714252,6903179598.697006,30.02941623473428,34.46590604668327,12.4844664491393,1478865239.0980706,10.134616884491171,919631580.2611188,40,37,36,36,61.16563109179278,36386786661.98797,29.18098936668416,35.90478032696902,27.634306539157443,6914637597.146242,22.48081636779252,4231843294.336505,0.3660841584205627,
iter1_keyword_run,102,global,21.23315980153261,91,0.030069675296545,39,39,39,39,40.8933116606771,14566626210.79312,28.240512220710237,38.72259991260277,14.015344171585584,554312028.0620086,11.020318023352246,295036066.10196364,39,33,19,0,18.550352014626466,4202215121.417082,30.97406488506655,34.33077260477006,6.000059156714471,145862724.98635697,4.583079055739892,72962202.6957793,39,39,39,39,59.44366367530356,34308430492.55999,29.09356132702561,38.00905125165715,20.015403328300053,1259675636.160365,15.603397079092138,656192591.9929388,0.3296186327934265,
iter1_keyword_run,103,global,34.18426855119972,92,0.0174756459891796,46,46,46,46,54.4961133689186,19252333799.419296,25.381364398592403,45.187485709796455,21.08101914867975,7592655649.344662,18.63028046669057,5632732413.761351,40,37,28,17,26.804088050446765,5475067398.596892,28.78276811302728,34.264282937262884,13.098608531120728,2587907186.284667,11.554681812727347,1978293003.3806455,46,46,46,46,81.30020141936537,44590935548.04594,26.50278258778661,42.60245899350709,34.179627679800475,18830542839.974644,30.184962279417928,14136028739.283464,0.3599109649658203,
iter1_keyword_run,104,per layer,,99,0.0018798601813614,12,12,12,12,14.423668303715186,4669443755.659241,32.5187873557105,11.946972723792223,14.423668463696057,4669443892.565451,12.770353731071296,3681828980.52955,13,10,0,0,4.018418560223286,1291836707.1740437,41.22462283575902,12.427167393620804,4.018418522386259,1291836632.4507432,3.532710690946037,1002796141.575858,21,20,12,12,18.44208686393847,6916160534.278173,34.4157359566676,16.213609947160645,18.44208698608232,6916160633.631223,16.303064422017332,5440541062.718517,1.0,
iter1_keyword_run,105,global,29.882954870338253,85,0.0330701284110546,26,26,26,25,24.052728629495164,4586114875.821051,28.468022441911103,25.654255972302348,13.068994843028772,1806859558.870904,11.17713829387884,1307930510.587731,40,37,25,15,25.021450192338087,4439232549.073705,28.375814827765637,34.38596271790718,12.408778353663228,1551836531.1002607,10.595461964842864,1112058912.2717917,40,37,26,26,49.07417882183325,16709429022.452488,28.421008548248786,30.407606334301367,25.477773196692,6548405368.322556,21.77260025872171,4742301448.907038,0.3808223307132721,
iter1_keyword_run,106,global,25.429179405880205,74,0.0206909012049436,29,29,28,19,25.50215343039442,5337786963.142498,29.13114066379465,27.033679461848944,12.947488290535128,1071810211.0824862,10.35981180245227,652407029.1404022,36,30,19,9,19.22145547727805,3048934217.385199,29.668766410588923,29.532809527273013,9.40958695087901,579586407.8599832,7.498248833747573,350195630.7420275,36,30,29,28,44.72360890767247,16039204733.064045,29.36220317435318,28.240378364428217,22.357075241414137,3211913482.935101,17.858060636199845,1952205406.6162465,0.3909529149532318,
iter1_keyword_run,107,per layer,,76,0.011138510890305,29,29,29,29,37.349143335887206,22792371078.464344,33.01149741504407,28.998963468229267,37.34914310942044,22792370272.378098,32.59423084614855,17614771985.741142,9,8,6,3,5.443310181691469,4956000259.497238,43.99973848398908,7.83542081273464,5.443310150523095,4956000041.981417,4.6869753924834505,3740039765.377516,29,29,29,29,42.79245351757868,45096320715.63207,34.409229949003546,27.80628436535733,42.792453259943535,45096318800.82534,37.281206238632,34550381088.76301,1.0,
iter1_keyword_run,108,per layer,,95,0.0062704300507903,26,26,26,26,26.440503060727355,14387316295.109957,34.699177649169734,25.892401549216054,26.440503067982437,14387315815.699518,23.168555683374315,11149071451.815746,10,9,7,6,7.614733797542549,9262092753.648792,43.514165668450495,8.649363706434247,7.61473369043563,9262092250.301537,6.605323968613256,7034894356.31048,26,26,26,26,34.05523685826991,42711133480.08383,36.670204527494015,23.63309938379569,34.05523675841806,42711131423.0602,29.77387965198757,32752363625.67375,1.0,
iter1_keyword_run,109,per layer,,79,0.0064752884209156,26,26,26,26,35.32854195139005,25212901999.652832,34.510618552780976,25.99906910128488,35.32854195276528,25212901125.97708,30.92288024643586,19494301761.85144,4,3,2,0,1.949209406309477,1142977574.9574814,45.927933381474894,3.488078782769734,1.949209479415237,1142977564.7694783,1.6236322951479565,847630833.1986961,26,26,26,26,37.27775135769953,32936294664.17919,35.107616404001696,25.56336047779352,37.27775143218052,32936293660.869385,32.546512541583816,25243184731.100018,1.0,
iter1_keyword_run,110,global,19.468426234741024,100,0.0011667785001918,18,18,18,18,21.075465966568835,18082435952.37716,38.55895114208398,17.850588410642114,2.490164609063609,175701662.54756984,1.5984910967924315,73015547.63600962,10,10,8,5,7.089158267209387,7567512719.91608,43.306340714946046,8.915168554215434,0.566043554034268,42233015.53179631,0.3702153062755723,18336407.27779321,18,18,18,18,28.164624233778223,45727739546.56108,39.753889720307775,16.83319930547334,3.056208163097877,339183678.2175495,1.968706403068004,143806896.50894266,0.1194648444652557,
iter1_keyword_run,111,per layer,,88,0.0049829678609967,25,25,25,25,34.69129610829512,26657577101.94028,35.069329525288275,24.99667314817177,34.69129610690162,26657576163.59221,30.397629435771847,20611539093.79246,2,2,1,0,0.8778273739128872,196855417.8273441,46.653901560610926,1.8269131986589784,0.8778274423405321,196855417.835786,0.7091262370734759,144752181.68182567,25,25,25,25,35.569123482208,28658104275.20623,35.35523070732778,24.803339620820505,35.56912354924215,28658103336.907448,31.106755672845324,22082590439.868423,1.0,
iter1_keyword_run,112,per layer,,96,0.0038805198855698,22,22,22,22,29.564848547692627,24772128326.97455,36.55724388674789,21.996693623620697,29.564848545471115,24772127432.084564,25.980673435920902,19160268299.98021,2,0,0,0,0.2923998048341935,78006506.74774227,44.51486154430376,1.9982346356395797,0.2923997963790129,78006502.91090347,0.2546409225835183,59041663.57580881,22,22,22,22,29.857248352526817,26284516550.057117,36.6351749078032,21.97364679075352,29.85724834185013,26284515578.17443,26.235314358504425,20305437587.68221,1.0,
iter1_keyword_run,113,per layer,,77,0.0109977424144744,28,28,28,28,41.11537525700028,29893181350.458817,33.54501824716244,27.9991220669438,41.11537516973706,29893180297.323524,35.913162234248,23099711278.660515,7,3,0,0,1.6298739442331065,595863070.4681613,43.92015140265126,6.475505722882098,1.6298738962770187,595863022.4234291,1.4167810208461034,455431956.26493263,28,28,28,28,42.74524920123339,37129814949.45309,33.940621489957245,27.84981331189578,42.74524906601408,37129813369.35905,37.3299432550941,28627209593.9426,1.0,
iter1_keyword_run,114,per layer,,75,0.009423921816051,26,26,26,26,36.85670836265554,27687994490.88224,34.55275014239,25.99705805865334,36.85670836285938,27687993525.72976,32.26225995038354,21409532947.9983,4,2,2,1,1.941909878452295,2475876643.830069,45.43190594337404,3.0373566264417997,1.9419098853068733,2475876632.176192,1.6621356496870223,1839909592.0712805,26,26,26,26,38.79861824110783,40178777970.80083,35.0972628358026,25.51687561894825,38.79861824816626,40178776860.05377,33.924395600070554,30709498884.55144,1.0,
iter1_keyword_run,115,per layer,,93,0.0071800500154495,23,23,23,23,32.096472784329464,27884297804.992027,36.23548463916401,22.96025700120125,32.096472927882154,27884296790.10111,28.187897213471576,21570130119.036613,10,8,5,1,4.9679697827610605,3904590357.451024,43.31501226886927,8.601859125312076,4.96796968011154,3904590081.60073,4.326616022469432,2985204813.425226,23,23,23,23,37.06444256709052,49637699601.62528,37.18439623487828,22.126754176552595,37.0644426079937,49637697174.19611,32.51451323594101,38235461212.98651,1.0,
community_ref,-1,per layer,,3,0.16,33,33,33,33,41.02718685831622,22207609628.407764,31.56702021597338,32.55556749168933,41.02718674341756,22207608938.104763,35.592537785534404,17214311796.60128,3,3,3,1,2.050903614457831,538387131.7567203,35.97103833161992,2.966609912407045,2.0509036937320086,538387166.32231,1.8232520115002249,425540303.51115656,33,33,33,33,43.07809047277405,24978145401.62345,31.776690992286596,31.462861378208157,43.07809043714957,24978144897.20596,37.41578979703463,19404579948.831604,1.0,
community_ref_minw_as_fraction,-2,per layer,,3,0.16,33,33,33,33,47.55522628336756,28906014813.04617,31.08044355147927,32.99093515129925,47.55522611705625,28906013807.372696,41.12399983362159,22327494700.40715,3,3,3,1,1.921749397590361,476282865.415241,35.958561852528945,2.9324323784750894,1.9217494709756,476282895.0361173,1.7083324349408908,376358088.60595685,33,33,33,33,49.47697568095792,31534882298.71699,31.26991594297843,32.438629607117655,49.47697558803185,31534881464.70492,42.83233226856248,24405521016.596462,1.0,
corrected_run,0,global,35.28625933815789,,0.004301526118069887,18,18,18,18,20.609793235501822,16628471286.560646,37.5327239754276,17.83623079172396,15.095717975508936,7630948841.418984,13.113399811810226,5614215771.885775,8,6,2,0,3.1638385196413066,228217879.2924535,28.4427430927553,6.4442426328471285,1.633449253028918,65108232.75786132,1.4340334534971406,50110070.062920466,22,21,19,18,23.77363175514313,17399399762.646034,36.3230126466913,19.857432952977096,16.729167228537857,7907986562.274679,14.547433265307365,5829372157.698212,0.6622533202171326,94.0
corrected_run,1,per layer,,,0.007675524801015854,29,29,29,29,29.458442978304028,14197905618.732653,33.18773280504912,28.860591694635247,29.458442832467213,14197905155.851131,25.74120015409097,11000474589.858246,13,7,0,0,3.385039815801351,1072530688.8781307,41.83253506421893,12.606942314100031,3.3850397896856794,1072530633.5786598,2.9557332767906606,819449482.8353682,29,29,29,29,32.84348279410538,22250597794.190376,34.07871626226857,28.49185894902112,32.84348262215289,22250596935.12476,28.696933430881632,17185985120.526043,1.0,70.0
corrected_run,2,per layer,,,0.04679075628519058,37,37,37,37,47.74899123994185,25060436658.577667,29.748669670043324,36.665983155701866,47.74899110625368,25060435832.099228,40.28735637314735,19394088977.614357,0,0,0,0,0.22071573241732415,567264.7389452094,29.988605275623488,35.90996847736497,0.22071573169891529,567264.7185736225,0.1872124827436739,438230.7008640625,37,37,37,37,47.96970697235918,25299246752.175827,29.74977364933069,36.66586042914874,47.96970683795259,25299245917.45825,40.47456885589102,19578739289.645515,1.0,39.0
corrected_run,3,global,26.71310013858545,,0.006007713731378317,11,10,7,5,7.122913581431355,6485406863.099871,42.607768961441664,9.6808253176646,1.9292029020944406,421615248.64973104,1.3260015447798073,195537072.6965025,28,28,0,0,11.540998890468988,2537544090.809347,33.87122489206866,27.94086084588317,5.546047125823781,302441260.0023679,4.405184566952552,172684956.1961624,28,28,11,9,18.663912471900346,16177594651.743525,37.20544800848119,21.520575828385038,7.475250027918222,1201460753.8389716,5.731186111732359,591599096.58077,0.4876885414123535,97.0
corrected_run,4,per layer,,,0.026792636141180992,35,35,35,32,33.88752925735045,15254530638.017933,31.13072367278321,34.37149048986517,33.887529158476745,15254530118.339188,29.0934436868,11813327496.507843,11,11,11,1,7.744065637818802,1171220104.3525383,31.000146187902413,10.983742712390855,7.744065723219623,1171220146.3170383,6.836749464602901,919182517.010721,35,35,35,32,41.63159489516926,19989395783.911125,31.10643441323684,31.46855742447296,41.63159488169636,19989395440.362946,35.930193151402904,15530834144.198723,1.0,63.0
corrected_run,5,per layer,,,0.0017074856441468,16,16,16,13,16.54042494429521,5948066602.822002,33.63321566953142,15.138180131919798,16.54042508738637,5948066709.017778,14.672819954746465,4714624091.911456,0,0,0,0,0.0,0.0,,0.0,0.0,0.0,0.0,0.0,16,16,16,13,16.54042494429521,5948066602.822002,33.63321566953142,15.138180131919798,16.54042508738637,5948066709.017778,14.672819954746465,4714624091.911456,1.0,92.0
corrected_run,6,global,29.901351072329795,,0.015053139068186283,33,33,33,33,36.56096508582683,17609766560.06809,31.49376334071682,32.68908552778984,17.948464614124145,3937367919.8744473,15.076330698101359,2639908184.9961762,46,46,24,0,23.036267878768484,3429169571.8957634,24.942004588391757,45.76726695721812,8.416458484681693,764486330.9507568,7.18269767069966,513992997.95975304,46,46,33,33,59.597232964595314,36566314299.33937,28.961295603745075,39.2846477576645,26.36492309880584,8168119381.265058,22.25902836880102,5480950599.885878,0.34791046380996704,65.0
corrected_run,7,per layer,,,0.25837069749832153,37,37,37,28,34.757925592595825,10219913754.186752,29.13904659524229,35.21541009826653,34.75792549458858,10219913522.54514,29.504092429154632,7945040340.896427,32,32,32,24,29.214516019012137,9985537017.586464,31.461753390061865,30.762127502991852,29.214515949383294,9985536788.763401,25.463265885313398,7772102080.335382,37,37,37,32,63.97244161160796,40384497465.6839,30.199765135214545,33.66470784825742,63.972441443971874,40384496545.19746,54.96735831446803,31415708752.416965,1.0,5.0
corrected_run,8,per layer,,,0.002589859301224351,3,3,3,3,2.8477877141053507,4319122501.765413,43.9935485844001,2.9885198570909814,2.8477875432689035,4319122064.403424,2.4935614637643266,3300817862.854389,14,14,11,7,10.33698849914565,9137440528.011974,41.57095830686435,13.00324924396833,10.336988443183262,9137440061.34053,9.038672364254754,7000465317.531077,14,14,11,7,13.184776213251002,22350224791.474903,42.094215032431194,10.559783090585986,13.184775986452166,22350223033.445683,11.532233828019082,17090200891.730034,1.0,95.0
corrected_run,9,per layer,,,0.002927611581981182,8,6,4,2,4.13646783402878,699266108.5378332,32.747831078828135,6.348397412908146,4.136467929486464,699266131.0239667,3.6823336937678732,555482354.426223,20,18,0,0,6.667871882678147,1642441757.9748204,37.990545397207455,19.389730037200618,6.667871887788108,1642441694.6496043,5.877696028737409,1277746694.256883,20,19,7,5,10.804339716706927,3016054864.3485303,35.983359422904535,15.492492618038222,10.804339817274572,3016054854.81092,9.560029722505282,2367942321.223318,1.0,96.0
corrected_run,10,per layer,,,0.002040417632088065,14,14,14,10,12.284799915396674,5414559258.59259,36.47014185816702,13.560826512423912,12.284799960381454,5414559176.995935,10.944753282200478,4299627666.858446,18,0,0,0,2.68475828594996,233629629.9716928,36.97598808733779,22.496852517849327,2.6847582938547507,233629620.30789825,2.3565218056344555,180246172.0134807,18,14,14,13,14.969558201346633,7195388066.636522,36.56086429879728,15.581174791338562,14.969558254236205,7195387926.823296,13.301275087834934,5707911225.359011,1.0,95.0
corrected_run,11,per layer,,,0.0022819670848548412,11,11,9,4,7.392146563895244,1275890382.06149,32.068617395835666,10.484785755934384,7.392146674789635,1275890434.1989675,6.548185667917549,1007123499.9979899,5,5,4,3,4.164440362108495,2507925747.4814672,39.15080667764008,4.566287551450756,4.164440322262705,2507925702.20201,3.721450581197524,2005353509.4806652,15,15,14,8,11.55658692600374,3978920186.1573195,34.620699172754996,14.136810670294404,11.556586997052342,3978920193.01534,10.269636249115072,3167507788.615776,1.0,93.0
corrected_run,12,per layer,,,0.2397099733352661,34,34,34,34,28.220110104818083,9592395597.466942,30.52546185257401,33.99973450543539,28.220110006005967,9592395257.857885,24.222388028335825,7404769461.631659,38,38,32,13,25.345752453645666,6991103930.806234,30.035828224502314,36.259383229856546,25.345752373234582,6991103731.885876,21.44725134015812,5428878918.488391,38,38,34,34,53.56586255846375,32844115864.439915,30.29378197032548,35.6133596883136,53.56586237924055,32844114801.909714,45.66963936849395,25424127036.53225,1.0,19.0
corrected_run,13,per layer,,,0.1988782286643982,28,28,25,14,20.16036033126549,9867013247.45705,35.11689982693147,26.79250459829948,20.160360288505135,9867012840.855503,17.64999919613126,7635719964.166593,44,43,35,18,29.648681766792134,6680723540.678225,27.721041111002606,39.817602138625794,29.64868160255915,6680723385.214373,24.117255263684946,5194090012.123404,44,43,35,28,49.80904209805763,32138291793.2917,30.714537279403537,36.03658500706677,49.80904189106428,32138290715.00905,41.7672544598162,24932380107.20376,1.0,31.0
corrected_run,14,global,39.943257682984225,,0.010438809171319008,36,36,36,24,27.758228110828124,8956280997.858946,30.038014923881523,35.876509400768605,12.765622544846558,5231363842.783839,11.195124073908696,3968369885.8504167,32,32,28,22,29.482655700293137,19460022222.62816,34.373851214727694,28.843787679641785,17.411281238460372,12075345986.290253,15.250332010477699,9184670484.845472,36,36,36,32,57.240883811121265,54659786858.49457,32.271243344282276,33.30949198072297,30.176903783306933,33170283983.931618,26.445456084386393,25202531978.803482,0.4424515962600708,93.0
corrected_run,15,per layer,,,0.10995439440011978,5,5,5,5,4.139570186926852,696482538.6503139,31.004745856721474,4.987550037998534,4.139570240551911,696482555.8279157,3.6702333611203084,548790920.9225426,36,35,25,15,24.136531453787324,5498239656.044092,30.25734101476721,31.625662868446536,24.136531406907828,5498239580.537329,20.843331400815693,4296428932.583851,36,35,25,15,28.276101640714174,7937623488.365412,30.36675973311217,26.23733354280097,28.27610164745974,7937623471.159964,24.513564761936003,6218103694.189899,1.0,71.0
corrected_run,16,per layer,,,0.02382666990160942,20,20,17,12,15.200938518191002,10511029312.076263,38.822226052780444,18.582853807688448,15.200938491611472,10511028807.957506,13.379848044576782,8147586366.814972,13,13,13,13,17.508590502916466,9272136454.751905,34.966432849533255,12.96241186740508,17.508590683114868,9272136502.611584,15.578914915362525,7368252871.935745,20,20,19,19,32.70952902110747,31171394737.69178,36.75831665756966,17.446296146848592,32.709529174726335,31171394211.94553,28.958762959939307,24580814147.121243,1.0,93.0
corrected_run,17,per layer,,,0.19418105483055115,25,25,25,25,30.946652100106686,22749127559.50917,35.41082922643518,24.88900302166441,30.946652092013693,22749126721.935204,27.131778784196374,17604780294.121166,39,39,32,18,28.36299009413971,6562674826.749374,28.900602966392025,35.718898757526674,28.362989982906313,6562674696.859247,23.887019165160876,5110160826.613897,39,39,34,27,59.30964219424639,52695207531.88238,32.29751617828928,31.564248802393077,59.30964207492001,52695205887.67224,51.01879794935725,40887234935.41943,1.0,29.0
corrected_run,18,per layer,,,0.021759428083896637,6,6,4,4,4.715877297360818,1295658491.4315252,33.52379690790359,4.9252887710812985,4.715877411861611,1295658523.96734,4.201883688508403,1029709542.4950042,30,27,21,12,19.126483644824532,8181776532.660133,34.969894236524674,26.293241305919967,19.12648361548003,8181776267.0746975,16.78553206541278,6376119364.339939,30,27,21,13,23.84236094218535,11736544488.216791,34.6838647791922,21.664206004275872,23.84236102734164,11736544364.439201,20.987415753921184,9198586645.776985,1.0,87.0
corrected_run,19,per layer,,,0.020833171904087067,14,14,12,7,10.304258883398958,5559252754.427982,38.57653651927352,13.179557094590251,10.304258827361727,5559252540.495338,9.163095465300062,4383584966.423955,34,30,0,0,11.275030585519573,1715648475.0718498,31.589296667361992,33.0911083835526,11.27503055736711,1715648422.1995707,9.747708588835456,1330949653.0621336,34,30,14,14,21.579289468918528,12667695522.145784,34.92575167058166,23.629393968335197,21.579289384728835,12667695045.281275,18.910804054135518,9953325593.223404,1.0,89.0
corrected_run,20,per layer,,,0.001313182059675455,18,18,15,11,14.500160871332039,12014513548.397877,39.84865102775796,16.64026656298986,14.500160825376268,12014512905.844553,12.745100268651141,9272596813.960257,0,0,0,0,0.0,0.0,,0.0,0.0,0.0,0.0,0.0,18,18,15,11,14.500160871332039,12014513548.397877,39.84865102775796,16.64026656298986,14.500160825376268,12014512905.844553,12.745100268651141,9272596813.960257,1.0,94.0
corrected_run,21,global,39.6387281607985,,0.0018103898037225008,29,29,29,29,41.13287118559451,27768403289.401108,33.02629651763393,28.999206365464445,22.562109516950855,16228597743.560646,19.721545307331283,12308772183.750582,0,0,0,0,1.6445082568927545,72071858.57116216,35.65067011776016,25.828134781632347,1.066411907978179,46079691.94981675,0.9351487607089495,35233333.86464265,29,29,29,29,42.77737944248727,30638694078.182423,33.127186383044716,29.01799615081237,23.62852142492903,17995090832.38725,20.65669406804023,13654206855.284788,0.5015197396278381,93.0
corrected_run,22,global,35.24217725632163,,0.00127992348279804,17,17,17,17,17.623446251571117,8028479010.383728,35.05059911581541,16.649524217048725,13.195257181888454,4819688421.741466,11.5807893919206,3685796100.7347846,5,3,1,0,1.9129710686778423,882458354.7982407,41.9974807752825,4.400596864254918,1.1916887478520477,334995849.29434896,1.0114727425619083,240905871.15537393,18,17,17,17,19.53641732024896,11896827636.207424,35.73082535250187,16.960082580020515,14.386945929740502,6346800714.80036,12.592262134482509,4791439269.2362385,0.7151909470558167,96.0
corrected_run,23,per layer,,,0.006783726159483194,6,6,6,6,7.319176862450786,11959202641.227224,44.54673983578674,5.995165941186981,7.319176797784379,11959201966.758268,6.283671257608781,9073607963.702509,13,13,13,13,11.345230695230653,7742732096.062008,39.00611431921107,12.963513707368909,11.345230543519122,7742731713.3101635,10.077403110056256,6058934932.19283,15,15,15,15,18.664407557681436,31549081537.467323,41.178849669052674,12.92091715340634,18.6644073413035,31549079529.009514,16.361074367665037,24241572994.86167,1.0,94.0
corrected_run,24,global,26.55538795597595,,0.002930873539298773,12,12,11,6,9.08446999754486,5689319263.172495,39.552783577815966,11.384594593455589,2.981629480903379,530120808.09890103,2.146429145779406,269942504.5628968,41,6,0,0,8.005511358281197,440008490.444806,27.169587799204358,40.09680488321052,3.4052673970947223,79180794.60217012,2.783578758062353,48851968.12114692,41,18,12,10,17.089981355826055,8682860315.637606,33.75208594137883,23.88445041621828,6.386896877998102,852440522.7699026,4.930007903841759,443113372.7171521,0.3613355755805969,97.0
corrected_run,25,per layer,,,0.0041165901347994804,25,24,18,12,18.063616071583063,7001087997.311256,35.18346725049671,21.538246291961396,18.063616128770445,7001087908.778381,15.948895406490161,5505182286.100767,2,2,2,2,2.299238388028414,560367036.5697172,31.476303573236223,1.995517902031136,2.2992385185787345,560367099.5536406,2.0471490738036975,444225910.11563206,25,24,18,12,20.362854459611476,8459765277.972142,34.76487893055523,18.82097454897257,20.362854647349177,8459765363.129168,17.99604448029386,6661529872.92854,1.0,89.0
corrected_run,26,per layer,,,0.014867869205772877,17,17,17,17,24.02591422646798,26810773933.88645,39.15509295745048,16.982641296343786,24.025914298409948,26810772909.094456,21.137907036072903,20719189014.20778,33,24,0,0,9.807323337810004,1504317916.4282577,32.622404451327604,31.266292494126102,9.807323315537186,1504317869.9874513,8.53989073825456,1168807205.8334608,33,24,17,17,33.83323756427798,40576475525.265594,37.26144655949574,21.29675604822205,33.833237613947134,40576474019.94714,29.677797774327466,31396290149.632347,1.0,86.0
corrected_run,27,per layer,,,0.02198082208633423,4,4,4,4,3.5059612883142037,5325144901.8921585,44.50236933703376,3.999900354792502,3.505961132186365,5325144543.664803,3.05356349223788,4019256720.671441,13,13,11,7,9.87926672955382,1906083822.497818,31.8513773837021,12.120708822912924,9.879266854239951,1906083892.7376652,8.741836130754134,1502499237.1363106,17,17,15,11,13.385228017868023,7231228724.389976,35.16502194679411,16.10415980721613,13.385227986426317,7231228436.402467,11.795399622992015,5521755957.807752,1.0,94.0
corrected_run,28,global,20.233554755242718,,0.004692482762038708,26,26,26,19,23.28926363955655,5664931702.2883835,30.480986254533896,24.94098459289784,7.999193922864221,257236687.0444597,6.042197711400103,134420931.44726413,19,19,12,0,10.387525195749381,5437128353.900104,39.27946514637567,17.836652716040167,1.3988690669177837,63025597.7812346,0.9159543246385061,27415098.601048484,30,30,30,23,33.676788835305935,18037804477.048607,33.19485608399518,27.401331681784082,9.398062989782005,457850848.6955044,6.958152036038609,220693890.20850056,0.32325491309165955,95.0
corrected_run,29,per layer,,,0.07468357682228088,3,3,3,2,2.819046591919809,5441870711.553907,44.88392424799285,2.7819211366899776,2.8190465357113212,5441870541.990713,2.4452363505002506,4090886462.8443866,34,32,28,22,29.141628585857468,14130449054.679794,33.244078903298565,29.402803132569765,29.14162854854669,14130448682.723846,25.44726491600982,11016998629.593582,34,32,28,22,31.960675177777276,28694534730.21191,34.270755159883095,27.944401110127775,31.960675084258014,28694533863.709324,27.89250126651007,21963681477.462914,1.0,79.0
corrected_run,30,per layer,,,0.038337934762239456,20,20,20,20,22.52496457383488,18026371022.490368,37.7560599424469,19.95153132884298,22.524964621895503,18026370330.22148,19.815851496539178,13942554526.74557,38,35,19,0,17.569757144470596,4387285858.194672,31.277665065977693,35.17340986330313,17.56975708678253,4387285707.612676,14.951976881148628,3403150141.6701193,38,35,20,20,40.09472171830548,39973115896.13277,34.917186899126094,26.83283888484084,40.09472170867803,39973114412.89145,34.767828377687806,30953798850.062256,1.0,83.0
corrected_run,31,per layer,,,0.007034251466393471,18,16,12,9,11.839694183558994,9221735977.460066,40.38051298132924,15.504521231888102,11.839694109625096,9221735434.931095,10.398933913915704,7116958965.423795,21,18,7,0,8.785812982560428,3026963622.4586143,38.17256611069653,19.35581107719975,8.78581296575407,3026963494.4492774,7.743433955762017,2356644825.1506166,21,19,17,14,20.62550716611942,22524689314.56487,39.43999752517242,17.443342122218798,20.62550707537917,22524688112.540977,18.142367869677724,17437497565.044598,1.0,94.0
corrected_run,32,global,32.170342623064876,,0.0031330042984336615,14,14,14,14,17.880552584083155,20407734744.02792,40.59677697773526,13.991799986628868,9.805841659698798,4932440530.581589,8.126865460738975,3303299382.957796,16,14,10,6,10.335339544427068,4514226522.272946,37.5192205553572,13.027706275933651,6.928404372589556,1759768705.3910031,5.920752863483058,1268746339.732099,18,17,15,14,28.215892128510227,39739495481.45189,39.46948352029147,14.91917715246589,16.734246032288354,11585828546.412636,14.047618324222032,8020332850.671684,0.6321053504943848,96.0
corrected_run,33,per layer,,,0.001059329486452043,10,10,10,7,9.763654374682455,12811339218.47263,43.23671185894155,9.352464233544925,9.763654275263995,12811338580.846691,8.472348293659955,9743937596.329334,0,0,0,0,0.0,0.0,,0.0,0.0,0.0,0.0,0.0,10,10,10,7,9.763654374682455,12811339218.47263,43.23671185894155,9.352464233544925,9.763654275263995,12811338580.846691,8.472348293659955,9743937596.329334,1.0,95.0
corrected_run,34,global,33.008329845916094,,0.0006099306046962738,9,9,7,5,6.4528747182337,3493847919.0802813,38.991659989677665,7.7413064037710955,4.187030174725539,1381853388.6186962,3.5688752155058596,998262595.1175779,0,0,0,0,0.0,0.0,,0.0,0.0,0.0,0.0,0.0,9,9,7,5,6.4528747182337,3493847919.0802813,38.991659989677665,7.7413064037710955,4.187030174725539,1381853388.6186962,3.5688752155058596,998262595.1175779,0.6524617671966553,97.0
corrected_run,35,per layer,,,0.010776774026453495,38,35,31,24,33.16484952244789,12454043569.59117,30.99773217201218,32.49334613024131,33.16484946030596,12454043327.25769,28.56009779465313,9721640116.872555,2,0,0,0,0.3367045843092291,8885981.174456522,31.953381351119212,2.8911650535706688,0.33670459585247026,8885981.966506945,0.3000347705360445,7054962.370233541,38,35,31,24,33.50155410675712,12680876552.424046,31.007336844636363,32.21618879397227,33.501554056158426,12680876323.774792,28.860132565189172,9901813726.371784,1.0,71.0
corrected_run,36,global,40.92608766475045,,0.009613808244466782,19,19,19,19,16.577582214652086,10146031645.158905,38.03230599088448,18.999195910830277,11.652178963218601,6313883554.7989025,10.154831838391162,4733585650.888855,39,39,39,39,42.34429606647195,17572495373.11156,28.64501456151108,38.78926850580821,17.764980047924414,10484814914.35315,15.51946972102452,7879344301.346788,39,39,39,39,58.92187828112403,53826850330.65527,31.28611494702255,35.159301849352765,29.417159011143013,33028312146.938572,25.674301559415685,24795974325.229004,0.40122610330581665,94.0
corrected_run,37,global,25.62812741013691,,0.005424742121249437,3,3,3,3,2.429235676636725,664328781.8034617,35.00040004945548,2.993530340492542,0.8930727722681898,89353845.6916288,0.6479359846397926,46982666.851131245,25,25,22,15,21.254730119523494,11789869726.214167,36.16136897535715,22.41645524552593,8.631487946181796,1087690186.1484249,6.51270818175103,564785886.252081,25,25,22,15,23.68396579616022,14371914010.183138,36.0422897992369,20.187718591261042,9.524560718449985,1434037388.9464116,7.1606441663908225,746594335.6235921,0.4568844139575958,97.0
corrected_run,38,global,28.726301985396887,,0.0006252665771171451,18,17,14,8,12.912707583356562,8943775963.86345,39.580526885064224,15.9980279348159,5.45174812942835,1170058480.4919524,4.172600221044688,651769774.0412481,0,0,0,0,0.0,0.0,,0.0,0.0,0.0,0.0,0.0,18,17,14,8,12.912707583356562,8943775963.86345,39.580526885064224,15.9980279348159,5.45174812942835,1170058480.4919524,4.172600221044688,651769774.0412481,0.46806347370147705,97.0
corrected_run,39,per layer,,,0.002786597004160285,22,22,21,5,14.482310395065532,3285142334.9325957,32.59749353020265,21.557104146492733,14.482310399627744,3285142279.086245,12.770329245909661,2597239888.9286757,10,0,0,0,2.4397122287433533,641061501.6432532,42.50258293919363,9.999840580245335,2.4397121992631385,641061467.3595747,2.1299974804601187,493550878.3586462,26,22,21,11,16.922022623808886,5345290715.301159,34.02554786478977,23.726443964859126,16.922022598890884,5345290524.98073,14.90032672636978,4217547390.181199,1.0,87.0
corrected_run,40,global,32.04187289094359,,0.01264160592108965,36,33,23,14,22.969214677017856,5239095040.92491,30.645187808307643,30.187274475599303,12.766819146188787,2234588822.346405,11.037342589509912,1658247224.131236,21,21,21,21,24.102033925046364,20716321112.55564,37.64577142068763,20.73803750896604,14.6743030596019,5302849790.482027,12.4442812066976,3629084297.8365498,36,33,28,23,47.07124860206422,44496502876.21266,34.22971782889662,27.51920748673153,27.441122205790684,13773778282.759243,23.481623796207515,9758166304.274902,0.4398527443408966,84.0
corrected_run,41,per layer,,,0.023843908682465553,38,38,38,28,30.146294502001997,9508253106.43486,29.200626376703458,37.7593612796633,30.146294376162736,9508252784.369614,25.15697242514605,7353786191.141728,29,15,0,0,7.454853309964081,1667885144.146233,35.932743992963005,25.805973120674153,7.454853285218386,1667885072.4531488,6.520160791042905,1283846091.0450075,38,38,38,29,37.60114781196608,18986822119.904408,30.535344921616296,36.637948133602926,37.60114766138112,18986821420.766678,31.677133216188956,14667269237.966282,1.0,66.0
corrected_run,42,per layer,,,0.016827471554279327,18,18,18,14,15.169618358293071,10605211356.457874,39.06630347336992,17.7880134487746,15.169618392314783,10605210927.417225,13.335139939752391,8176052765.479458,20,18,12,8,12.176721984325994,3870032022.7413764,35.517869267977325,16.550106084751118,12.176722037870013,3870032028.776924,10.813401485343748,3065146019.2278547,22,21,18,18,27.346340342619065,24123551044.122646,37.48626401443733,18.942558862379162,27.346340430184796,24123550375.65709,24.148541425096138,18850480684.96482,1.0,94.0
corrected_run,43,per layer,,,0.02050943672657013,37,37,33,25,32.52593841210004,11217081375.148159,30.427177295111765,34.11947994252413,32.52593834954345,11217081122.529606,27.860492244062108,8735596134.521982,0,0,0,0,1.5488027352009688,24256956.93367876,29.388797110342153,36.73705044934256,1.548802730784267,24256956.162131798,1.3050343040539718,18774165.218917564,37,37,34,27,34.07474114730101,12274528939.679884,30.3799796931286,34.28876881863924,34.074741080327726,12274528657.871899,29.16552654811608,9556608417.527557,1.0,62.0
corrected_run,44,per layer,,,0.0005743639776483178,10,10,8,3,6.630770037204465,5462250006.93161,43.073242144486095,9.611663911925639,6.630769973615834,5462249731.4914055,5.758553012834986,4164797476.9023724,0,0,0,0,0.0,0.0,,0.0,0.0,0.0,0.0,0.0,10,10,8,3,6.630770037204465,5462250006.93161,43.073242144486095,9.611663911925639,6.630769973615834,5462249731.4914055,5.758553012834986,4164797476.9023724,1.0,96.0
corrected_run,45,global,33.691115749168816,,0.004980942700058222,41,41,41,41,49.61794339660394,20953645202.6529,27.742820254608773,40.517631795045475,21.609903206659748,8035703621.222804,18.939538862242195,5908314039.004346,0,0,0,0,0.0,0.0,,0.0,0.0,0.0,0.0,0.0,41,41,41,41,49.61794339660394,20953645202.6529,27.742820254608773,40.517631795045475,21.609903206659748,8035703621.222804,18.939538862242195,5908314039.004346,0.4070136249065399,86.0
corrected_run,46,global,25.20970557411984,,0.001140092732384801,19,19,19,19,18.157920781894273,12129607134.898083,38.045271597189625,18.95474441203905,5.6870944548213025,796361212.6235759,4.036035902886929,382645141.978227,2,2,2,2,2.22851358628209,873338729.696471,35.48782578443654,1.9988150103198248,0.7354569220191631,94959607.67060141,0.5209477231500562,47623308.685309745,19,19,19,19,20.386434368176364,14549295145.485638,37.76570810722508,17.12551822517469,6.422551376840466,1059184466.3216846,4.556983626036985,514358798.0621725,0.315691739320755,97.0
corrected_run,47,global,38.28327271371856,,0.002270325319841504,29,29,29,29,33.17660891578456,17478529136.277946,33.1980855914273,28.533584345668164,19.1715771040677,9586704449.28173,16.682711733233216,7222464696.67001,3,1,0,0,0.5595812410034153,103808103.3392823,41.09781185554272,2.7094809181464456,0.4612045382888331,69745686.97207934,0.4065756975746335,54280377.93362735,29,29,29,29,33.73619015678798,18735681717.819107,33.329118129657516,28.471634847315684,19.632781642356534,10432915730.714565,17.08928743080785,7879726837.900974,0.5558854341506958,93.0
corrected_run,48,global,40.87239608615868,,0.0022700463887304068,18,18,18,18,19.389651113071466,7393123466.249111,33.44338371147482,17.841461667809583,11.516693878813772,4390532025.785089,10.121161901205657,3439404407.4142666,17,15,12,9,12.105910378238077,11234814328.17393,41.019978390449374,14.042732881224103,9.644689234626696,7567036688.971005,8.388765932827562,5646985138.632884,23,23,23,23,31.49556149130954,27547260088.896137,36.35559012447082,21.428370853991442,21.161383113440472,18832159453.2144,18.50992783403322,14488577524.39872,0.6299659609794617,93.0
corrected_run,49,per layer,,,0.0006025510374456644,6,6,4,2,4.0624995245467055,523410321.1541243,29.577702267936136,5.242877877736521,4.06249955256801,523410328.16178674,3.5762482400935403,406367411.68719876,0,0,0,0,0.0,0.0,,0.0,0.0,0.0,0.0,0.0,6,6,4,2,4.0624995245467055,523410321.1541243,29.577702267936136,5.242877877736521,4.06249955256801,523410328.16178674,3.5762482400935403,406367411.68719876,1.0,96.0
corrected_run,50,per layer,,,0.2824637293815613,32,32,32,23,26.906871478539557,12523086624.163109,32.749470791915265,31.39241391335032,26.906871381593767,12523086132.762676,23.41308919176008,9676860783.256657,31,31,31,31,36.476893482510384,18847020389.413807,32.09615714229205,30.923092356876666,36.476893231516,18847019759.85093,31.76166358530134,14583186132.526012,32,32,32,31,63.38376496104994,61970148159.18749,32.37349356142698,31.367109561950134,63.38376461310976,61970145921.11946,55.174752777061414,47922845905.44882,1.0,6.0
corrected_run,51,per layer,,,0.02110251411795616,15,15,13,9,12.71758321149153,12857725515.333776,41.26275994578609,13.7464227535854,12.717583124084474,12857724860.65369,11.12908302232741,9853808044.242325,23,23,23,0,16.535257160706955,7323905837.568588,36.17781556312905,22.98001349076229,16.535257237984325,7323905573.230984,14.5195117081564,5663221289.139348,23,23,23,15,29.252840372198484,38426790409.165115,38.38847963846128,20.203267466902904,29.252840362068802,38426788613.93045,25.64859473048381,29555853688.399124,1.0,93.0
corrected_run,52,global,21.0882679696928,,0.0008437219075858593,17,17,13,6,11.223784155768492,6501444826.879855,39.423393558004264,15.57993431006739,1.6598618131072895,110894776.27901152,1.091846550451962,48719606.56115495,18,18,18,15,16.06708802047862,12327433766.647388,39.15868152444747,17.65366837481179,2.4847311428871652,198586913.78280428,1.6504449008066688,89324907.8624752,18,18,18,17,27.290872176247113,36258512427.173065,39.26754835394594,17.10627498365936,4.1445929559944545,595117977.8800541,2.742291451258631,264835075.3909322,0.16220812499523163,97.0
corrected_run,53,global,19.376469531956555,,0.006966674234718084,22,22,22,16,18.944903472705313,11816088801.178627,37.30742150430835,21.278206551994625,2.588490528138441,118410301.68563595,1.7184170099250955,50801992.21326437,39,27,0,0,10.81215928626172,1331252298.3211482,30.146965984277195,36.594997053144596,3.0783496167103235,26169818.378653146,2.3552194180449844,13472979.618473213,39,27,22,22,29.757062758967038,20947610629.617626,34.70568670703105,27.23239538848488,5.666840144848765,233818788.8460222,4.073636427970079,102945830.30091287,0.3092983067035675,97.0
corrected_run,54,global,41.75213960302098,,0.002369254594668746,37,32,23,7,20.312380148900175,5735151682.463638,31.890609830602106,32.51381796874728,10.230742717930768,3530537349.2033663,8.879219909945471,2673061529.7619095,24,24,24,0,12.183213933546714,3514989022.234104,35.50013005318633,23.999999990828975,7.366145037479436,2250629835.7502995,6.383886020767655,1690739481.8313699,37,32,24,24,32.495594082446885,18091218911.436348,33.24388735362979,29.8587677572651,17.596887755410204,11360348127.789093,15.263105930713127,8572299700.094062,0.408603310585022,94.0
corrected_run,55,per layer,,,0.003796240082010627,25,25,24,18,22.19826563043668,12188600955.121778,35.841176568616156,23.71342980922674,22.198265642196343,12188600568.024921,19.525630109469,9497290831.691103,2,2,2,2,2.2735775863954393,1790868358.8092198,39.488791415447466,1.9989954458766839,2.2735775863954393,1790868358.8092198,2.0352048755006895,1435024893.2967832,25,25,24,18,24.47184321683212,17481967572.564552,36.18006135494295,21.069464471142663,24.471843228591784,17481967185.467697,21.56083498496969,13738871745.867302,1.0,87.0
corrected_run,56,global,38.14275740584639,,0.0013479082845151424,8,8,8,6,8.236303430746293,12669839481.77438,44.170133121099916,7.317315054559001,5.431608841867687,5156164638.15287,4.558925297358735,3567939734.846442,12,12,10,6,9.383372866165232,7931751544.829084,41.43451153852736,11.128554485614558,7.334845123485362,4494431319.991606,6.35485265104704,3349179861.230451,12,12,11,9,17.61967629691152,37184171654.14975,42.7132756341944,10.350148366955821,12.76645396535305,17202871876.07997,10.913777948405777,12304161409.295584,0.7721437811851501,96.0
corrected_run,57,per layer,,,0.007910489104688168,25,25,20,15,21.75315779903687,19227732616.637398,37.84279693448304,21.545949000073623,21.753157759374012,19227731696.45806,19.076401326188318,14809594183.468752,23,0,0,0,3.8236092150930316,183483237.52358842,31.600130584103006,26.470823929319906,3.8236091923975146,183483234.2678656,3.354770372485284,143944177.0265941,27,25,23,18,25.576767014129906,22457452401.97384,36.909546982646766,23.485099381968404,25.576766951771525,22457451353.581364,22.4311716986736,17336310606.211334,1.0,88.0
corrected_run,58,per layer,,,0.12778085470199585,9,9,9,7,7.524423234513417,1000391754.6691881,29.00697117816709,8.90611506029158,7.524423320302202,1000391768.138006,6.607390968393011,776950349.4168174,28,28,28,28,29.595425649807197,11633318946.684872,31.542770858891107,27.49609852245477,29.595425385360286,11633318605.901106,25.93332167471819,9099553345.302317,28,28,28,28,37.11984888432061,15531663725.22807,31.028748560600697,24.493192262255587,37.11984870566249,15531663442.109112,32.5407126431112,12132220789.718569,1.0,52.0
corrected_run,59,per layer,,,0.0070855808444321156,38,35,26,12,23.1741218321206,8105078866.908823,31.84289914883628,33.9109719809654,23.174121766010657,8105078597.89616,19.847308323674405,6294169466.415815,18,0,0,0,2.246604055682596,103812137.54254511,33.93419067522849,18.81590507234338,2.246604066521825,103812135.34863569,1.9889827725547955,82116769.9665578,38,35,26,17,25.4207258878032,9668200254.078735,32.02772093738566,32.96733507017664,25.420725832532483,9668199944.589653,21.836291096229203,7531266655.006229,1.0,83.0
corrected_run,60,per layer,,,0.028147006407380104,36,36,36,36,42.07461355608764,22009001086.137127,30.689156182341453,35.24855846769826,42.074613441869886,22009000364.03055,35.927629421290874,17051623296.2042,0,0,0,0,0.0,0.0,,0.0,0.0,0.0,0.0,0.0,36,36,36,36,42.07461355608764,22009001086.137127,30.689156182341453,35.24855846769826,42.074613441869886,22009000364.03055,35.927629421290874,17051623296.2042,1.0,54.0
corrected_run,61,per layer,,,0.0806507021188736,38,38,38,38,47.995405567235366,23052438261.64847,29.07717720034902,37.730098542754995,47.99540536965646,23052437508.682995,40.06904807274755,17837463491.132214,33,0,0,0,4.154096683329909,237254719.76028323,31.389365924096104,32.941560004516404,4.154096668447673,237254711.0928027,3.5941411010757625,183220818.8753156,38,38,38,38,52.14950225056528,27958667549.941216,29.261360271980283,37.60446323373945,52.14950203810414,27958666626.420868,43.66318917382331,21630011668.642773,1.0,30.0
corrected_run,62,per layer,,,0.125539630651474,38,38,38,38,44.18600943465199,19995028052.02881,29.30328066614037,37.51809559271679,44.18600926183272,19995027414.737453,36.997079683680894,15483543179.069584,35,18,0,0,8.716194133350722,890552297.35118,30.207105395183603,34.982420434103794,8.71619410403286,890552265.725992,7.4373414176101456,687709620.4000137,38,38,38,38,52.90220356800272,29309589130.635895,29.452195291043232,37.3699670465087,52.90220336586559,29309588177.176918,44.43442110129104,22685567612.82379,1.0,27.0
corrected_run,63,per layer,,,0.04123324528336525,39,39,39,39,47.234914318512054,21302019260.46936,28.607465407435075,38.73424752196681,47.23491406640338,21302018561.01448,38.913619923040066,16480362563.7004,0,0,0,0,0.0,0.0,,0.0,0.0,0.0,0.0,0.0,39,39,39,39,47.234914318512054,21302019260.46936,28.607465407435075,38.73424752196681,47.23491406640338,21302018561.01448,38.913619923040066,16480362563.7004,1.0,41.0
corrected_run,64,per layer,,,0.10149280726909637,31,31,30,21,27.196542842863916,5921502429.935071,28.98736979921036,28.94959386137771,27.196542720639712,5921502341.215765,23.553084282348706,4647091461.946913,24,24,24,18,22.421060378763702,6106250140.97877,31.39228583050467,22.920338686453288,22.42106037704299,6106250107.018965,19.714548348406495,4819011903.267042,31,31,30,25,49.61760322162762,23540259453.387066,30.074096364833807,26.775993847080606,49.617603097682704,23540259261.52153,43.26763263075521,18540321640.935356,1.0,24.0
corrected_run,65,per layer,,,0.12107811123132706,16,16,16,12,15.353928891793164,2328411792.5300064,28.50179822917272,15.183688637981957,15.353928983139173,2328411850.5743265,13.422754468322946,1811743387.9527717,27,27,22,14,20.39274183622248,3261356488.723551,28.89467963103659,24.754665423750723,20.392741819893992,3261356528.636361,17.79226487701841,2558941784.346976,27,27,22,16,35.746670728015644,10019667099.216824,28.725929003795706,20.811246189667905,35.74667080303317,10019667319.644215,31.215019345341357,7821947398.086445,1.0,38.0
corrected_run,66,per layer,,,0.20737327635288239,35,35,35,35,27.387898971927434,8786163353.933783,30.187702183730188,34.986638689263614,27.38789887911541,8786163040.220509,23.365050055933793,6783862588.450766,38,38,29,14,24.751823318889414,7879181010.673151,30.997072266352344,35.06429623831029,24.75182325146616,7879180777.257074,21.093874668988477,6121205486.210377,38,38,35,35,52.13972229081685,33197724973.428402,30.571927193079482,35.576280100367754,52.139722130581575,33197723881.5601,44.45892472492227,25710642572.918625,1.0,25.0
corrected_run,67,per layer,,,0.3711971044540405,42,42,40,28,36.32336214106863,9992697137.842278,27.721461643887288,39.59543643582843,36.323361953073324,9992696889.851795,29.657316105312965,7761113311.119816,34,34,34,32,36.46000398923788,14895969122.03975,30.894424117693212,32.81896601103465,36.46000390232243,14895968747.302223,31.523786608061396,11579783047.01466,42,42,40,34,72.7833661303065,49267604657.37657,29.310921304842637,36.72002239594195,72.78336585539574,49267603425.388916,61.18110271337436,38284898654.096375,1.0,3.0
corrected_run,68,per layer,,,0.03363978862762451,35,35,35,35,38.53343974375264,16366081243.677656,30.542302566656065,34.07384096228738,38.53343964800733,16366080796.11818,33.1177006412677,12706252957.150496,16,16,16,14,17.127300221460814,7123762934.281808,34.46063726127315,15.296080454779993,17.127300365196675,7123763038.365295,15.20853914526167,5650170331.89254,35,35,35,35,55.660739965213445,39709348529.40198,31.74800868419628,29.160547090266242,55.660740013204,39709348333.2699,48.326239786529364,31215509856.47973,1.0,50.0
corrected_run,69,global,23.69310774775212,,0.012176052667200565,34,34,34,24,31.09441265299159,7628710068.303235,28.58195955382122,32.10231603745646,13.314124752619033,770202466.8112935,10.797998271807334,473559859.752057,23,23,23,11,17.17124749824663,4819929632.156925,32.94389549239021,22.562913185233473,7.108580720949273,389797832.05058455,5.651197006242481,229801001.52124852,34,34,34,28,48.265660151238215,23855329013.438095,30.13378504088531,29.80242913101296,20.422705473568307,2211811220.8878546,16.449195278049814,1335512833.968114,0.39255452156066895,68.0
corrected_run,70,global,30.29842305168844,,0.0046861739829182625,40,40,40,40,52.80580086484299,24204449029.08222,27.86528953271957,39.82920331735917,22.500346486123092,5929121216.846216,19.189428732241133,4033082927.7916718,0,0,0,0,0.0,0.0,,0.0,0.0,0.0,0.0,0.0,40,40,40,40,52.80580086484299,24204449029.08222,27.86528953271957,39.82920331735917,22.500346486123092,5929121216.846216,19.189428732241133,4033082927.7916718,0.4089353084564209,74.0
corrected_run,71,per layer,,,0.04828162491321564,41,41,41,41,52.37516878036158,23659862383.1594,27.431877967683164,40.90917503001957,52.37516849477261,23659861572.671745,41.93892043370433,18283341104.780506,0,0,0,0,0.0,0.0,,0.0,0.0,0.0,0.0,0.0,41,41,41,41,52.37516878036158,23659862383.1594,27.431877967683164,40.90917503001957,52.37516849477261,23659861572.671745,41.93892043370433,18283341104.780506,1.0,39.0
corrected_run,72,per layer,,,0.01347048394382,34,34,34,31,29.48796737129448,10707378306.773243,30.937955336202176,33.757449698710445,29.487967283254022,10707377960.563562,25.401919328488454,8289348325.252751,0,0,0,0,0.0,0.0,,0.0,0.0,0.0,0.0,0.0,34,34,34,31,29.48796737129448,10707378306.773243,30.937955336202176,33.757449698710445,29.487967283254022,10707377960.563562,25.401919328488454,8289348325.252751,1.0,73.0
corrected_run,73,global,24.82858155479824,,0.006615481339395046,37,37,37,37,46.44107545380679,22517466910.011528,29.58225020962404,36.638612233366075,18.114209891177396,1835794034.143188,14.298945644822542,1004819454.7965487,0,0,0,0,0.0,0.0,,0.0,0.0,0.0,0.0,0.0,37,37,37,37,46.44107545380679,22517466910.011528,29.58225020962404,36.638612233366075,18.114209891177396,1835794034.143188,14.298945644822542,1004819454.7965487,0.3813113868236542,63.0
corrected_run,74,per layer,,,0.41798245906829834,39,39,33,21,30.251850114862883,7575550661.718261,29.01541732998527,35.47739881748721,30.251850000774965,7575550515.130658,25.521590080849407,5900792264.495666,42,42,42,38,44.00919187049065,15464573206.315477,27.688026822114065,40.45841540126723,44.00919163248124,15464572776.430923,35.69480443704471,11995852662.715668,42,42,42,39,74.26104198535353,44504300182.5065,28.228768207023954,38.75493643643442,74.2610416332562,44504299096.517525,61.216394517894116,34583404681.06723,1.0,1.0
corrected_run,75,per layer,,,0.24867969751358032,36,36,36,36,43.59530817214061,19911227606.109585,29.981708246222652,35.38013767253705,43.59530805519131,19911227024.04507,37.1671263423521,15437859044.055328,34,34,28,5,20.76296777517117,5312654468.492455,31.3004670341501,32.86793679359192,20.7629677254575,5312654321.503563,17.961905350184473,4127686179.1741157,36,36,36,36,64.3582759473118,45777804041.812225,30.407160075283098,34.82442019542714,64.35827578064881,45777802727.57836,55.12903169253658,35518833957.691376,1.0,13.0
corrected_run,76,per layer,,,0.1635335087776184,33,33,33,33,41.998450410082945,24274241539.272194,31.5845911800869,32.78382023120703,41.998450276234834,24274240710.65177,36.3922646544201,18782821278.7025,33,32,21,4,18.300741532178613,4765899378.668782,32.38762499342016,30.613922870649752,18.3007415016654,4765899260.064705,15.958933201639095,3713212294.1119275,33,33,33,33,60.29919194226156,50327982486.25375,31.828311100471304,32.37312416661994,60.29919177790023,50327980901.90851,52.3511978560592,39027036034.227455,1.0,18.0
corrected_run,77,per layer,,,0.3426211178302765,28,28,27,18,23.738511315462716,5645883479.15265,30.396262450920304,26.23881461383357,23.738511168146836,5645883403.267744,20.78171261575016,4440294410.692482,33,33,33,33,32.56976913942967,13097263824.563532,30.000262800809463,32.97986917891671,32.56976891266875,13097263378.024158,28.047829844872673,10118749406.340721,33,33,33,33,56.30828045489239,32730580189.772156,30.16720880056532,31.37489740068956,56.308280080815585,32730579247.18672,48.82954246062283,25555987767.963875,1.0,6.0
corrected_run,78,global,22.947701049283914,,0.010967698879539967,34,34,34,34,43.85770240877302,25004437350.238827,31.03630178679134,33.856556801575415,16.21719375222726,1153716277.4732196,12.847232844755952,644257418.5354027,30,26,16,6,15.832346535000061,4354138711.569457,33.906016039090524,25.943829738382608,5.388483041373959,228753937.21764335,4.154103868634056,124072499.89837405,34,34,34,34,59.69004894377308,49486149184.55762,31.79747238897375,32.777420488678885,21.60567679360122,2367986966.0394907,17.001336713390007,1308590364.8368483,0.37695133686065674,60.0
corrected_run,79,global,20.370476798772508,,0.016499880701303482,29,29,29,29,41.40304940145194,28669100159.969166,33.13198650293028,28.988350245125158,13.02738942212239,745165307.2833643,9.85102540039431,389154602.631132,27,23,14,5,13.75367172428526,3806707303.796297,34.82488218855929,22.995528396622277,3.0580912183279327,91466314.81734437,2.145238484121869,40623576.20396775,29,29,29,29,55.15672112573719,52233736791.85505,33.55412057922032,28.43803287750464,16.08548064045032,1287394615.2894688,11.996263884516178,637865326.1472516,0.3194093108177185,89.0
corrected_run,80,global,26.430860838412972,,0.020555885508656502,39,39,39,39,47.62848868151199,24125112328.773994,29.24880928082943,38.30140355299795,19.56879016454726,2948290619.7308083,15.722148939428457,1684694583.6499038,35,31,23,16,22.381715718105742,10485924625.422413,33.965079191998235,29.661077751853302,9.731248503105586,1092607677.2167902,7.602659074418012,593952135.5060885,39,39,39,39,70.01020439961773,66233068557.3988,30.756563947550728,36.38245806991013,29.300038667652846,7583946523.455347,23.32480801384647,4250378634.3575897,0.3950932025909424,38.0
corrected_run,81,global,26.411567469217285,,0.020171117037534714,42,42,42,38,43.78380169398513,16968011135.245716,28.02035400304355,40.66971517397407,17.617670380589203,2277994089.3531227,14.262888679751875,1327885452.0583186,32,31,21,12,20.087304851646078,10206650203.505405,34.81521687667851,28.256192584372005,8.591440945663027,918921535.1127317,6.673479606814936,484300666.70751077,42,42,42,38,63.87110654563121,52905673316.663055,30.157321551434542,38.04133277625115,26.20911132625223,5981549579.066128,20.93636828656681,3356045914.9392962,0.3682793378829956,48.0
corrected_run,82,global,26.287861374015378,,0.018444417044520378,30,30,30,26,32.60942509470866,22920218793.50946,34.27077536083951,28.66064384470987,14.402950513482846,2211467455.8766136,11.252245469388921,1195516917.4071407,34,30,24,18,23.604547832906917,11830816979.484356,34.138637826031754,29.16350344666032,10.132640392390151,1179425837.3408632,7.886682236422329,636366558.3740473,34,30,30,30,56.21397292761557,67592998745.06715,34.21529010337677,29.018090639411483,24.535590905872997,6611605492.721819,19.138927705811252,3571148065.0242677,0.4102439284324646,67.0
corrected_run,83,per layer,,,0.2937128245830536,39,39,33,20,29.619573516121324,6256183958.876047,28.183620198316103,36.00625256463772,29.619573379563032,6256183840.518143,24.793932021989615,4868181365.6334,40,40,35,23,31.180512056695452,8787736102.117496,29.127700081953463,36.95199872265161,31.180511941508747,8787735895.88885,26.093137595829777,6835941636.949942,40,40,39,38,60.80008557281678,29791340172.44452,28.66777896087217,36.66149537957768,60.80008532107178,29791339535.428707,50.88706961781939,23179922698.238167,1.0,9.0
corrected_run,84,per layer,,,0.1346425563097,39,39,39,39,48.883610774806414,24747934318.88089,29.043660613707527,38.50263799750612,48.88361052631043,24747933493.974422,40.429482042506905,19153061058.86635,32,28,23,14,20.922632057847938,9224687212.448162,34.53167553611656,27.42658584369873,20.922632021471237,9224686911.81737,18.33273600940577,7184329977.696154,39,39,39,39,69.80624283265435,63930774960.018906,30.688552421232664,36.29849124800423,69.80624254778166,63930772843.08278,58.76221805191268,49604125466.358536,1.0,19.0
corrected_run,85,per layer,,,0.08315255492925644,38,38,38,38,47.5734338199658,23870315530.73832,29.190268037145923,37.792300600182294,47.573433616815805,23870314707.06314,39.67383483049344,18456409240.499313,27,25,21,17,23.081909791376923,17663034378.82946,37.01907980560794,22.731867936061978,23.08190975689168,17663033607.518982,20.284507601765885,13714928575.052439,38,38,38,38,70.65534361134272,81872847360.76753,31.747808879453864,34.60079969717152,70.65534337370748,81872844181.68776,59.95834243225932,63446422491.01123,1.0,33.0
corrected_run,86,global,33.17951124780447,,0.01813664846122265,37,37,37,37,47.47358494332516,23581193310.73341,29.486421209416054,36.78382680104203,22.138172422672056,8266255358.317642,19.140758935953905,5979302663.952385,37,33,26,18,24.93453720728484,10550920282.248495,32.818432416754355,31.624652676173866,13.80583265957685,3886292146.30061,11.913161813350492,2817069096.104741,37,37,37,37,72.40812215061,65500273817.11116,30.63383609819959,35.77607689326961,35.94400508224891,23443798062.327858,31.053920749304396,16971873652.065441,0.4343508183956146,77.0
corrected_run,87,per layer,,,0.6026358008384705,41,41,41,41,50.806763984632724,20930569066.31361,27.45706034705317,40.64671702371985,50.80676371798251,20930568404.421066,40.93331983529013,16196190053.69546,40,40,40,40,48.67770914125967,18552239166.93449,27.66894714119811,39.456973563454355,48.677708877460134,18552238613.38324,39.66966708828622,14365446894.745083,41,41,41,41,99.4844731258924,78867522956.39426,27.56073646265373,40.2354398769371,99.48447259544264,78867520530.11102,80.60298692357634,61048372930.59766,1.0,0.0
corrected_run,88,per layer,,,0.21226705610752106,39,39,39,39,50.74406494501867,25852110969.380318,28.74070185623883,38.7637859186879,50.74406466888216,25852110083.317028,41.777973504611076,19990155334.10974,40,33,14,0,16.737088385224023,3485794938.8140116,30.588967709172646,36.200423678873754,16.737088330147788,3485794834.5765567,14.108178555655845,2707793161.234513,40,39,39,39,67.4811533302427,48256492413.786255,29.19912005766694,38.471115809296506,67.48115299902994,48256490813.621475,55.88615206026692,37361416798.14181,1.0,11.0
corrected_run,89,per layer,,,0.06997770071029663,37,37,37,30,37.00484990797804,19146961424.92415,31.144577827583827,35.26301450325506,37.004849803952794,19146960747.89854,31.527857421512103,14836928171.34164,32,27,11,0,13.53478510470863,2393706977.467142,32.226573018735124,28.65169599138442,13.534785092010566,2393706940.1615076,11.82981923741324,1874032285.9499996,37,37,37,33,50.539635012686674,34543393237.42652,31.434341938323545,34.074146723177776,50.53963489596336,34543392176.6303,43.35767665892534,26843705311.637943,1.0,48.0
corrected_run,90,per layer,,,0.08288569748401642,34,34,34,34,44.25809001676493,26141025715.371986,31.093989499545728,33.859061163131884,44.25808986556132,26141024765.979088,38.079417975456145,20200079728.649887,32,22,0,0,9.058572659375503,1523644648.378356,33.286130333214345,30.66310613370321,9.058572629514723,1523644589.9070072,7.896759301597376,1179957522.154734,34,34,34,34,53.31666267614044,40262778736.00448,31.46643717396211,33.611324959632086,53.316662495076045,40262777257.34768,45.97617727705352,31126885778.23619,1.0,29.0
corrected_run,91,per layer,,,0.006307162810117006,28,28,28,12,20.181363505538034,4537362191.68131,30.511694092203673,27.588651877959798,20.181363311819087,4537362036.744639,17.65022516776736,3566898087.7859583,10,10,0,0,3.767726045875067,1559529850.770175,42.54948699733015,9.99187511446686,3.767725997972221,1559529764.8077395,3.289123076165727,1200003343.7065783,31,31,28,19,23.949089551413103,9248644189.63546,32.40550745684654,29.302234604446,23.94908930979131,9248643682.078335,20.93934824393309,7250953366.515999,1.0,80.0
corrected_run,92,per layer,,,0.049632925540208817,28,28,28,28,30.111339577470012,19815393488.41443,34.48591817010928,27.585529602413782,30.11133951791883,19815392720.563766,26.317925589185496,15288068012.73221,32,32,15,0,15.168801729345915,4551606129.981215,33.4705484147996,30.537914402822018,15.168801675549318,4551605942.271685,13.217004090330969,3517634612.294383,32,32,28,28,45.28014130681593,43320406269.07786,34.14577032481206,28.867584583977763,45.28014119346815,43320404556.5609,39.534929679516466,33443270611.88793,1.0,54.0
corrected_run,93,per layer,,,0.0699872300028801,43,43,43,43,50.316351848527844,19314414295.702866,26.982185699247037,42.062323763899705,50.316351557315244,19314413718.29242,40.01530924112028,14962600147.247696,29,23,9,0,11.87263031877469,3246494863.255165,35.035155819379355,26.4984064345093,11.872630296681864,3246494751.1562967,10.413480941295076,2527609725.840819,43,43,43,43,62.18898216730254,38151291900.32737,28.51959528326719,40.5103447406418,62.188981853997106,38151290704.985535,50.428790182415355,29604560610.848236,1.0,32.0
corrected_run,94,global,21.09203041536842,,0.0068066841922700405,35,35,35,35,40.5378868171218,18738873534.659122,30.448003433997453,34.64730192733166,13.904792009648151,623387020.3773303,10.709608285874392,325063771.38488066,0,0,0,0,0.0,0.0,,0.0,0.0,0.0,0.0,0.0,35,35,35,35,40.5378868171218,18738873534.659122,30.448003433997453,34.64730192733166,13.904792009648151,623387020.3773303,10.709608285874392,325063771.38488066,0.35012927651405334,88.0
corrected_run,95,per layer,,,0.07224414497613907,47,47,47,43,50.52947864797193,15986970772.19134,25.34064534271709,45.350387565105684,50.52947815337728,15986970313.90664,38.65781441705973,12387269518.119282,28,23,14,0,13.294353141408287,4573037201.133427,35.71589611771479,25.12851861787562,13.294353116996586,4573037033.079254,11.674455550926444,3559475579.6187086,47,47,47,43,63.82383178938021,37240860686.42566,27.501785529170775,43.11101167505369,63.823831270373866,37240859508.48982,50.33226996798618,28911431534.25605,1.0,33.0
corrected_run,96,global,22.91580018502653,,0.006485587917268276,34,34,34,34,46.20637199598766,26899671137.28586,30.818241010663776,33.95119640210643,17.280451381094203,1256879445.473731,13.703842703018193,703669856.6027393,0,0,0,0,0.0,0.0,,0.0,0.0,0.0,0.0,0.0,34,34,34,34,46.20637199598766,26899671137.28586,30.818241010663776,33.95119640210643,17.280451381094203,1256879445.473731,13.703842703018193,703669856.6027393,0.3783721625804901,72.0
corrected_run,97,per layer,,,0.1348697692155838,34,34,34,34,50.05825910075443,30455461298.267185,30.58070047850883,33.99712393891059,50.05825892640719,30455460219.934677,42.97834046534999,23513513935.4467,35,16,0,0,8.755369459805992,781180646.8587909,29.923818044169828,35.64837568391021,8.755369434443832,781180629.5645012,7.392183930463405,608626069.3537505,35,34,34,34,58.81362856056041,40787040199.93622,30.482912796553922,34.5781408038086,58.81362836085103,40787038821.780495,50.37052439581339,31530849237.04629,1.0,14.0
corrected_run,98,per layer,,,0.01868976466357708,31,31,31,31,39.6203426733159,25822581041.880013,32.71041431755239,30.77396742927121,39.620342402738785,25822580080.67333,34.513028532505544,19966824283.83707,0,0,0,0,0.0,0.0,,0.0,0.0,0.0,0.0,0.0,31,31,31,31,39.6203426733159,25822581041.880013,32.71041431755239,30.77396742927121,39.620342402738785,25822580080.67333,34.513028532505544,19966824283.83707,1.0,58.0
corrected_run,99,per layer,,,0.152840718626976,38,38,38,38,55.404169071474044,29489903901.86494,28.516022231854436,37.99974782539011,55.404168811767676,29489902861.553955,45.8732242703183,22763942754.08403,32,12,0,0,7.577427728285357,686857306.3925016,31.079524840130677,33.389230503575035,7.577427711707385,686857290.5711987,6.496824008956232,535480088.2398187,38,38,38,38,62.981596799759394,38994915100.001045,28.8244417818897,37.965331852961,62.98159652347506,38994913780.266014,52.37004827927453,30142069362.27774,1.0,16.0
corrected_run,100,per layer,,,0.1905185878276825,40,40,40,40,55.60728257161239,26791510283.06997,27.50059901874048,39.999999847364094,55.607282240194685,26791509335.611572,44.72470336061072,20679385672.144726,38,22,0,0,10.787453479590784,893489475.4678445,28.601352198843564,35.59338525777535,10.787453439326985,893489461.1553117,9.049883577964085,696762278.738112,40,40,40,40,66.39473605120317,37006321515.71533,27.67944337341517,39.9795517453256,66.39473567952166,37006320303.18875,53.7745869385748,28612925627.434685,1.0,11.0
corrected_run,101,per layer,,,0.5815575122833252,45,42,35,23,33.14168993762699,8568382196.359955,27.984244249313864,39.177255462837785,33.141689773534736,8568382007.221676,27.097320651874593,6666734146.546257,38,38,38,38,49.87660519206143,22400295576.84972,28.507466813719585,37.86182947210868,49.876604967158684,22400294848.815445,41.464441222320005,17320253278.06675,45,42,38,38,83.01829512968843,58312041796.52388,28.298591408957112,38.91393102454043,83.01829474069342,58312040122.14425,68.5617618741946,45198717544.867584,1.0,0.0
corrected_run,102,per layer,,,0.002709852997213602,25,25,25,7,17.26724298966827,6016438333.966059,34.03225430164509,24.696947792846952,17.267242940423436,6016438162.247423,15.198913368850675,4675883019.887417,10,10,0,0,3.549395488395155,1391679201.1141992,42.53765623359147,9.979874282772672,3.5493954397568164,1391679121.1919513,3.099975532693649,1071638029.8506144,26,26,25,16,20.816638478063425,12288967997.107481,35.48249014428852,24.698637181408543,20.81663838018025,12288967473.85519,18.298888901544323,9514291627.74693,1.0,86.0
corrected_run,103,per layer,,,0.16003228724002838,33,33,33,33,44.16112428051379,24942691738.31413,31.030365909964004,32.999557583327096,44.16112412150822,24942690855.818085,38.17279062593276,19256289837.155872,40,25,0,0,11.821688757568932,1075099666.9568653,28.2445699514836,37.59949779537326,11.821688705030603,1075099646.1945913,9.779663276819825,837379710.963932,40,33,33,33,55.982813038082725,36030224506.178764,30.442099422875437,34.47279753336837,55.98281282653882,36030223319.41774,47.95245390275258,27861159220.26075,1.0,15.0
corrected_run,104,per layer,,,0.16036005318164825,40,39,31,23,32.52634680754572,7688213633.371867,28.51590453961418,34.42627951815686,32.52634668579576,7688213529.740665,27.43880896941968,5997341671.326065,28,28,28,25,28.61416518672693,12248659659.695602,32.5477491498104,26.924637639716746,28.6141650251084,12248659388.584251,25.125528549147546,9551487545.194355,40,39,33,29,61.14051199427266,38983231492.58258,30.402834562283537,31.646209610224258,61.14051171090416,38983230779.24049,52.56433751856723,30416851389.642082,1.0,14.0
corrected_run,105,global,20.88984344683379,,0.056675855070352554,44,44,44,44,59.732222325255016,26206781466.452545,25.982107687797598,43.848424394125,17.926535770005728,839083663.2217342,14.145511310997467,444879418.62386316,31,31,27,22,29.16624135304301,19298930809.86903,34.609591716001546,28.139322913945353,7.891820510083678,399017416.3770644,5.831430504450306,189585289.4522733,44,44,44,44,88.89846367829803,90044614338.47783,28.812654707673133,40.86454054500618,25.818356280089404,2331487967.418028,19.976941815447773,1177792536.6018896,0.29603996872901917,46.0
corrected_run,106,global,21.481631609551506,,0.001761964289471507,27,27,24,18,24.434440037219996,12245675823.731785,34.887506477296256,24.509129431193728,6.726159808727785,396197114.3533744,4.891874524906352,187551013.47961918,27,0,0,0,5.489018224469581,691230077.8960037,34.92513367615195,26.59214809962756,1.647414633579714,18671083.468368903,1.2269910584343333,9199593.344160395,27,27,27,23,29.923458261689575,18570826780.27243,34.89440863340564,25.124274872412123,8.373574442307499,581702250.8086423,6.1188655833406855,277221798.9186189,0.3289503753185272,95.0
corrected_run,107,per layer,,,0.09792789816856384,43,43,43,43,56.81524099724086,24282394181.378418,26.10756463724153,42.9904572191668,56.81524061033464,24282393334.704117,44.046392236392236,18749629280.21774,27,11,0,0,6.480802574730328,428929172.9108126,30.981825320254046,26.652347810160993,6.480802568610776,428929172.5743909,5.6702850801828415,336903206.55498886,43,43,43,43,63.29604357197119,30379055027.085777,26.606634079843513,42.62956156405653,63.296043178945425,30379054068.488678,49.71667731657508,23512736107.745014,1.0,19.0
corrected_run,108,per layer,,,0.10436370968818665,42,42,42,42,53.37772955172597,22222667809.12005,26.687438799480045,41.94488513288829,53.37772918836523,22222667053.7135,42.14854676626568,17168859076.201725,28,0,0,0,5.6014505620431745,255349291.00651425,29.38166057444251,32.528276051326046,5.60145054828897,255349287.7438645,4.80155999126213,199380933.49442905,42,42,42,42,58.97918011376914,26983293197.277134,26.943318078346273,41.70613290181046,58.9791797366542,26983292328.1584,46.95010675752781,20870687035.36267,1.0,20.0
corrected_run,109,per layer,,,0.5333812832832336,41,38,32,22,31.699245389524073,9776021705.624832,29.751940909462753,35.491845849180535,31.699245296289366,9776021503.156734,26.780154706847604,7619073409.193525,42,42,42,42,52.63879889144066,21711464788.170174,26.58824956197403,41.988566259355125,52.638798524955966,21711464033.634804,41.43163438114733,16765393591.132553,42,42,42,42,84.33804428096472,59960904586.928154,27.777352643694346,40.80762452353687,84.33804382124532,59960902816.44614,68.21178908799493,46479026865.01698,1.0,1.0
corrected_run,110,per layer,,,0.050050389021635056,36,36,36,36,46.810238231075324,23688305017.642292,29.612994999102135,35.990522837784695,46.81023807981593,23688304190.82091,39.6249468825945,18293349405.642166,6,0,0,0,1.5866299382814892,68473111.45044273,36.12515109758529,17.83500656585826,1.5866299436266857,68473110.75070648,1.4066844863976162,54092864.82870205,36,36,36,36,48.396868169356814,26002582801.334145,29.826487777032707,35.91926007546095,48.39686802344262,26002581917.375988,41.031631368992116,20108203514.66141,1.0,40.0
corrected_run,111,global,25.352349450553426,,0.013758628629148006,34,34,34,34,43.93422845014223,24554501113.63566,30.898682073262407,33.91869652138628,18.401293727637196,2188827630.7990375,14.45025106891714,1182444264.9762793,31,26,19,11,17.693558839719824,8727509193.529583,35.57476753848513,26.499841277250365,6.788219205029094,577192044.0559142,5.133239126915477,282165761.46336806,34,34,34,34,61.62778728986205,62198222409.26303,32.24120298723472,32.87070078775859,25.18951293266629,4937309868.813594,19.583490195832617,2574661913.7082353,0.41993948817253113,38.0
corrected_run,112,global,30.249713691733863,,0.005347180180251598,33,33,33,33,39.11281350893633,19581913255.648834,31.02869791618951,32.999685114751635,18.869774479617703,4414599573.899036,15.91296955144253,2962750563.001295,24,19,12,0,11.392832520224552,5477404857.623597,38.035114787978166,21.106527997064607,6.005090542300387,948720639.2027106,4.955092158931723,596532908.4413627,33,33,33,33,50.50564602916088,45190260134.01305,32.60917337315279,32.05507630902145,24.87486502191809,9273699173.563692,20.868061710374253,6089816963.402964,0.48218461871147156,77.0
corrected_run,113,global,25.465755459049266,,0.009158880449831486,29,29,29,29,37.03440209009657,22611089762.601727,33.078261362974295,28.991023271388478,16.793434699454643,2125116082.8504333,13.151645950628367,1159176439.5758817,27,21,12,0,12.23249346208275,5692486829.828563,37.28084593088229,22.963562151210564,4.471044534414897,334003588.5898355,3.3269434019081716,156905982.36384162,29,29,29,29,49.26689555217932,50441277362.816536,34.12172244722989,28.480039220147027,21.26447923386954,4032708913.019971,16.478589352536538,2105912940.2623348,0.45470815896987915,53.0
corrected_run,114,global,19.801709718467293,,0.010292929597198963,27,27,27,27,33.19920220989604,20856480867.585804,34.06223002427074,26.99479769055458,8.111737191566064,360136676.9939172,5.922972115574586,172810019.10897142,28,23,14,5,13.98322309791368,6928449828.397542,36.84077596782111,23.965355702591488,2.633549159011097,69658487.20697564,1.877190248307444,30759592.273542516,28,27,27,27,47.18242530780972,51342785292.0677,34.885694006102916,26.899346979783484,10.745286350577162,720717520.9424857,7.8001623638820305,335146089.87258434,0.30763503909111023,95.0
corrected_run,115,per layer,,,0.4259492754936218,31,31,26,16,23.508265489948332,8933503808.246029,33.30739641116782,28.471364855226664,23.50826543107886,8933503594.864182,20.588113052172588,6968912567.26327,44,44,44,44,51.8893154580822,20370071647.025192,26.583372479058404,43.213028030576005,51.8893150573226,20370071015.757755,40.62758397754262,15772253543.667395,44,44,44,44,75.39758094803054,55999826974.922844,28.67986069219813,40.01222034096015,75.39758048840145,55999825386.01892,61.2156970297152,43497124217.88733,1.0,4.0
